State,NAME,LSAD,State Code,County Code,FIPS,gisjoin,cluster_id,cluster_name,Phase 1: Stock Characterization,Phase 2: Stock Segmentation for Retrofit Planning
ALABAMA,Autauga,County,1,1,1001.0,G0100010,53,Central Alabama,https://www.nlr.gov/docs/fy23osti/86797.pdf,https://www.nlr.gov/docs/fy25osti/91952.pdf
ALABAMA,Baldwin,County,1,3,1003.0,G0100030,74,the Central Gulf Coast Area,https://www.nlr.gov/docs/fy23osti/86817.pdf,https://www.nlr.gov/docs/fy25osti/91971.pdf
ALABAMA,Barbour,County,1,5,1005.0,G0100050,85,Rural Climate Zone 3A,https://www.nlr.gov/docs/fy23osti/86828.pdf,https://www.nlr.gov/docs/fy25osti/91982.pdf
ALABAMA,Bibb,County,1,7,1007.0,G0100070,53,Central Alabama,https://www.nlr.gov/docs/fy23osti/86797.pdf,https://www.nlr.gov/docs/fy25osti/91952.pdf
ALABAMA,Blount,County,1,9,1009.0,G0100090,53,Central Alabama,https://www.nlr.gov/docs/fy23osti/86797.pdf,https://www.nlr.gov/docs/fy25osti/91952.pdf
ALABAMA,Bullock,County,1,11,1011.0,G0100110,85,Rural Climate Zone 3A,https://www.nlr.gov/docs/fy23osti/86828.pdf,https://www.nlr.gov/docs/fy25osti/91982.pdf
ALABAMA,Butler,County,1,13,1013.0,G0100130,85,Rural Climate Zone 3A,https://www.nlr.gov/docs/fy23osti/86828.pdf,https://www.nlr.gov/docs/fy25osti/91982.pdf
ALABAMA,Calhoun,County,1,15,1015.0,G0100150,53,Central Alabama,https://www.nlr.gov/docs/fy23osti/86797.pdf,https://www.nlr.gov/docs/fy25osti/91952.pdf
ALABAMA,Chambers,County,1,17,1017.0,G0100170,85,Rural Climate Zone 3A,https://www.nlr.gov/docs/fy23osti/86828.pdf,https://www.nlr.gov/docs/fy25osti/91982.pdf
ALABAMA,Cherokee,County,1,19,1019.0,G0100190,85,Rural Climate Zone 3A,https://www.nlr.gov/docs/fy23osti/86828.pdf,https://www.nlr.gov/docs/fy25osti/91982.pdf
ALABAMA,Chilton,County,1,21,1021.0,G0100210,53,Central Alabama,https://www.nlr.gov/docs/fy23osti/86797.pdf,https://www.nlr.gov/docs/fy25osti/91952.pdf
ALABAMA,Choctaw,County,1,23,1023.0,G0100230,85,Rural Climate Zone 3A,https://www.nlr.gov/docs/fy23osti/86828.pdf,https://www.nlr.gov/docs/fy25osti/91982.pdf
ALABAMA,Clarke,County,1,25,1025.0,G0100250,85,Rural Climate Zone 3A,https://www.nlr.gov/docs/fy23osti/86828.pdf,https://www.nlr.gov/docs/fy25osti/91982.pdf
ALABAMA,Clay,County,1,27,1027.0,G0100270,85,Rural Climate Zone 3A,https://www.nlr.gov/docs/fy23osti/86828.pdf,https://www.nlr.gov/docs/fy25osti/91982.pdf
ALABAMA,Cleburne,County,1,29,1029.0,G0100290,85,Rural Climate Zone 3A,https://www.nlr.gov/docs/fy23osti/86828.pdf,https://www.nlr.gov/docs/fy25osti/91982.pdf
ALABAMA,Coffee,County,1,31,1031.0,G0100310,85,Rural Climate Zone 3A,https://www.nlr.gov/docs/fy23osti/86828.pdf,https://www.nlr.gov/docs/fy25osti/91982.pdf
ALABAMA,Colbert,County,1,33,1033.0,G0100330,76,the Huntsville-Florence Area,https://www.nlr.gov/docs/fy23osti/86819.pdf,https://www.nlr.gov/docs/fy25osti/91973.pdf
ALABAMA,Conecuh,County,1,35,1035.0,G0100350,85,Rural Climate Zone 3A,https://www.nlr.gov/docs/fy23osti/86828.pdf,https://www.nlr.gov/docs/fy25osti/91982.pdf
ALABAMA,Coosa,County,1,37,1037.0,G0100370,85,Rural Climate Zone 3A,https://www.nlr.gov/docs/fy23osti/86828.pdf,https://www.nlr.gov/docs/fy25osti/91982.pdf
ALABAMA,Covington,County,1,39,1039.0,G0100390,85,Rural Climate Zone 3A,https://www.nlr.gov/docs/fy23osti/86828.pdf,https://www.nlr.gov/docs/fy25osti/91982.pdf
ALABAMA,Crenshaw,County,1,41,1041.0,G0100410,85,Rural Climate Zone 3A,https://www.nlr.gov/docs/fy23osti/86828.pdf,https://www.nlr.gov/docs/fy25osti/91982.pdf
ALABAMA,Cullman,County,1,43,1043.0,G0100430,85,Rural Climate Zone 3A,https://www.nlr.gov/docs/fy23osti/86828.pdf,https://www.nlr.gov/docs/fy25osti/91982.pdf
ALABAMA,Dale,County,1,45,1045.0,G0100450,85,Rural Climate Zone 3A,https://www.nlr.gov/docs/fy23osti/86828.pdf,https://www.nlr.gov/docs/fy25osti/91982.pdf
ALABAMA,Dallas,County,1,47,1047.0,G0100470,85,Rural Climate Zone 3A,https://www.nlr.gov/docs/fy23osti/86828.pdf,https://www.nlr.gov/docs/fy25osti/91982.pdf
ALABAMA,DeKalb,County,1,49,1049.0,G0100490,85,Rural Climate Zone 3A,https://www.nlr.gov/docs/fy23osti/86828.pdf,https://www.nlr.gov/docs/fy25osti/91982.pdf
ALABAMA,Elmore,County,1,51,1051.0,G0100510,53,Central Alabama,https://www.nlr.gov/docs/fy23osti/86797.pdf,https://www.nlr.gov/docs/fy25osti/91952.pdf
ALABAMA,Escambia,County,1,53,1053.0,G0100530,85,Rural Climate Zone 3A,https://www.nlr.gov/docs/fy23osti/86828.pdf,https://www.nlr.gov/docs/fy25osti/91982.pdf
ALABAMA,Etowah,County,1,55,1055.0,G0100550,53,Central Alabama,https://www.nlr.gov/docs/fy23osti/86797.pdf,https://www.nlr.gov/docs/fy25osti/91952.pdf
ALABAMA,Fayette,County,1,57,1057.0,G0100570,85,Rural Climate Zone 3A,https://www.nlr.gov/docs/fy23osti/86828.pdf,https://www.nlr.gov/docs/fy25osti/91982.pdf
ALABAMA,Franklin,County,1,59,1059.0,G0100590,85,Rural Climate Zone 3A,https://www.nlr.gov/docs/fy23osti/86828.pdf,https://www.nlr.gov/docs/fy25osti/91982.pdf
ALABAMA,Geneva,County,1,61,1061.0,G0100610,74,the Central Gulf Coast Area,https://www.nlr.gov/docs/fy23osti/86817.pdf,https://www.nlr.gov/docs/fy25osti/91971.pdf
ALABAMA,Greene,County,1,63,1063.0,G0100630,53,Central Alabama,https://www.nlr.gov/docs/fy23osti/86797.pdf,https://www.nlr.gov/docs/fy25osti/91952.pdf
ALABAMA,Hale,County,1,65,1065.0,G0100650,53,Central Alabama,https://www.nlr.gov/docs/fy23osti/86797.pdf,https://www.nlr.gov/docs/fy25osti/91952.pdf
ALABAMA,Henry,County,1,67,1067.0,G0100670,74,the Central Gulf Coast Area,https://www.nlr.gov/docs/fy23osti/86817.pdf,https://www.nlr.gov/docs/fy25osti/91971.pdf
ALABAMA,Houston,County,1,69,1069.0,G0100690,74,the Central Gulf Coast Area,https://www.nlr.gov/docs/fy23osti/86817.pdf,https://www.nlr.gov/docs/fy25osti/91971.pdf
ALABAMA,Jackson,County,1,71,1071.0,G0100710,85,Rural Climate Zone 3A,https://www.nlr.gov/docs/fy23osti/86828.pdf,https://www.nlr.gov/docs/fy25osti/91982.pdf
ALABAMA,Jefferson,County,1,73,1073.0,G0100730,53,Central Alabama,https://www.nlr.gov/docs/fy23osti/86797.pdf,https://www.nlr.gov/docs/fy25osti/91952.pdf
ALABAMA,Lamar,County,1,75,1075.0,G0100750,85,Rural Climate Zone 3A,https://www.nlr.gov/docs/fy23osti/86828.pdf,https://www.nlr.gov/docs/fy25osti/91982.pdf
ALABAMA,Lauderdale,County,1,77,1077.0,G0100770,76,the Huntsville-Florence Area,https://www.nlr.gov/docs/fy23osti/86819.pdf,https://www.nlr.gov/docs/fy25osti/91973.pdf
ALABAMA,Lawrence,County,1,79,1079.0,G0100790,76,the Huntsville-Florence Area,https://www.nlr.gov/docs/fy23osti/86819.pdf,https://www.nlr.gov/docs/fy25osti/91973.pdf
ALABAMA,Lee,County,1,81,1081.0,G0100810,81,the Columbus-Albany Area,https://www.nlr.gov/docs/fy23osti/86824.pdf,https://www.nlr.gov/docs/fy25osti/91978.pdf
ALABAMA,Limestone,County,1,83,1083.0,G0100830,76,the Huntsville-Florence Area,https://www.nlr.gov/docs/fy23osti/86819.pdf,https://www.nlr.gov/docs/fy25osti/91973.pdf
ALABAMA,Lowndes,County,1,85,1085.0,G0100850,53,Central Alabama,https://www.nlr.gov/docs/fy23osti/86797.pdf,https://www.nlr.gov/docs/fy25osti/91952.pdf
ALABAMA,Macon,County,1,87,1087.0,G0100870,85,Rural Climate Zone 3A,https://www.nlr.gov/docs/fy23osti/86828.pdf,https://www.nlr.gov/docs/fy25osti/91982.pdf
ALABAMA,Madison,County,1,89,1089.0,G0100890,76,the Huntsville-Florence Area,https://www.nlr.gov/docs/fy23osti/86819.pdf,https://www.nlr.gov/docs/fy25osti/91973.pdf
ALABAMA,Marengo,County,1,91,1091.0,G0100910,85,Rural Climate Zone 3A,https://www.nlr.gov/docs/fy23osti/86828.pdf,https://www.nlr.gov/docs/fy25osti/91982.pdf
ALABAMA,Marion,County,1,93,1093.0,G0100930,85,Rural Climate Zone 3A,https://www.nlr.gov/docs/fy23osti/86828.pdf,https://www.nlr.gov/docs/fy25osti/91982.pdf
ALABAMA,Marshall,County,1,95,1095.0,G0100950,85,Rural Climate Zone 3A,https://www.nlr.gov/docs/fy23osti/86828.pdf,https://www.nlr.gov/docs/fy25osti/91982.pdf
ALABAMA,Mobile,County,1,97,1097.0,G0100970,74,the Central Gulf Coast Area,https://www.nlr.gov/docs/fy23osti/86817.pdf,https://www.nlr.gov/docs/fy25osti/91971.pdf
ALABAMA,Monroe,County,1,99,1099.0,G0100990,85,Rural Climate Zone 3A,https://www.nlr.gov/docs/fy23osti/86828.pdf,https://www.nlr.gov/docs/fy25osti/91982.pdf
ALABAMA,Montgomery,County,1,101,1101.0,G0101010,53,Central Alabama,https://www.nlr.gov/docs/fy23osti/86797.pdf,https://www.nlr.gov/docs/fy25osti/91952.pdf
ALABAMA,Morgan,County,1,103,1103.0,G0101030,76,the Huntsville-Florence Area,https://www.nlr.gov/docs/fy23osti/86819.pdf,https://www.nlr.gov/docs/fy25osti/91973.pdf
ALABAMA,Perry,County,1,105,1105.0,G0101050,85,Rural Climate Zone 3A,https://www.nlr.gov/docs/fy23osti/86828.pdf,https://www.nlr.gov/docs/fy25osti/91982.pdf
ALABAMA,Pickens,County,1,107,1107.0,G0101070,53,Central Alabama,https://www.nlr.gov/docs/fy23osti/86797.pdf,https://www.nlr.gov/docs/fy25osti/91952.pdf
ALABAMA,Pike,County,1,109,1109.0,G0101090,85,Rural Climate Zone 3A,https://www.nlr.gov/docs/fy23osti/86828.pdf,https://www.nlr.gov/docs/fy25osti/91982.pdf
ALABAMA,Randolph,County,1,111,1111.0,G0101110,85,Rural Climate Zone 3A,https://www.nlr.gov/docs/fy23osti/86828.pdf,https://www.nlr.gov/docs/fy25osti/91982.pdf
ALABAMA,Russell,County,1,113,1113.0,G0101130,81,the Columbus-Albany Area,https://www.nlr.gov/docs/fy23osti/86824.pdf,https://www.nlr.gov/docs/fy25osti/91978.pdf
ALABAMA,Shelby,County,1,117,1117.0,G0101170,53,Central Alabama,https://www.nlr.gov/docs/fy23osti/86797.pdf,https://www.nlr.gov/docs/fy25osti/91952.pdf
ALABAMA,St. Clair,County,1,115,1115.0,G0101150,53,Central Alabama,https://www.nlr.gov/docs/fy23osti/86797.pdf,https://www.nlr.gov/docs/fy25osti/91952.pdf
ALABAMA,Sumter,County,1,119,1119.0,G0101190,85,Rural Climate Zone 3A,https://www.nlr.gov/docs/fy23osti/86828.pdf,https://www.nlr.gov/docs/fy25osti/91982.pdf
ALABAMA,Talladega,County,1,121,1121.0,G0101210,85,Rural Climate Zone 3A,https://www.nlr.gov/docs/fy23osti/86828.pdf,https://www.nlr.gov/docs/fy25osti/91982.pdf
ALABAMA,Tallapoosa,County,1,123,1123.0,G0101230,85,Rural Climate Zone 3A,https://www.nlr.gov/docs/fy23osti/86828.pdf,https://www.nlr.gov/docs/fy25osti/91982.pdf
ALABAMA,Tuscaloosa,County,1,125,1125.0,G0101250,53,Central Alabama,https://www.nlr.gov/docs/fy23osti/86797.pdf,https://www.nlr.gov/docs/fy25osti/91952.pdf
ALABAMA,Walker,County,1,127,1127.0,G0101270,85,Rural Climate Zone 3A,https://www.nlr.gov/docs/fy23osti/86828.pdf,https://www.nlr.gov/docs/fy25osti/91982.pdf
ALABAMA,Washington,County,1,129,1129.0,G0101290,74,the Central Gulf Coast Area,https://www.nlr.gov/docs/fy23osti/86817.pdf,https://www.nlr.gov/docs/fy25osti/91971.pdf
ALABAMA,Wilcox,County,1,131,1131.0,G0101310,85,Rural Climate Zone 3A,https://www.nlr.gov/docs/fy23osti/86828.pdf,https://www.nlr.gov/docs/fy25osti/91982.pdf
ALABAMA,Winston,County,1,133,1133.0,G0101330,85,Rural Climate Zone 3A,https://www.nlr.gov/docs/fy23osti/86828.pdf,https://www.nlr.gov/docs/fy25osti/91982.pdf
ALASKA,Aleutians East,Borough,2,13,2013.0,G0200130,37,Alaska,https://www.nlr.gov/docs/fy23osti/86783.pdf,https://www.nlr.gov/docs/fy25osti/91938.pdf
ALASKA,Anchorage,Muny,2,20,2020.0,G0200200,37,Alaska,https://www.nlr.gov/docs/fy23osti/86783.pdf,https://www.nlr.gov/docs/fy25osti/91938.pdf
ALASKA,Bethel,CA,2,50,2050.0,G0200500,37,Alaska,https://www.nlr.gov/docs/fy23osti/86783.pdf,https://www.nlr.gov/docs/fy25osti/91938.pdf
ALASKA,Bristol Bay,Borough,2,60,2060.0,G0200600,37,Alaska,https://www.nlr.gov/docs/fy23osti/86783.pdf,https://www.nlr.gov/docs/fy25osti/91938.pdf
ALASKA,Denali,Borough,2,68,2068.0,G0200680,37,Alaska,https://www.nlr.gov/docs/fy23osti/86783.pdf,https://www.nlr.gov/docs/fy25osti/91938.pdf
ALASKA,Dillingham,CA,2,70,2070.0,G0200700,37,Alaska,https://www.nlr.gov/docs/fy23osti/86783.pdf,https://www.nlr.gov/docs/fy25osti/91938.pdf
ALASKA,Fairbanks North Star,Borough,2,90,2090.0,G0200900,37,Alaska,https://www.nlr.gov/docs/fy23osti/86783.pdf,https://www.nlr.gov/docs/fy25osti/91938.pdf
ALASKA,Haines,Borough,2,100,2100.0,G0201000,37,Alaska,https://www.nlr.gov/docs/fy23osti/86783.pdf,https://www.nlr.gov/docs/fy25osti/91938.pdf
ALASKA,Hoonah-Angoon,CA,2,105,0,G0201050,37,Alaska,https://www.nlr.gov/docs/fy23osti/86783.pdf,https://www.nlr.gov/docs/fy25osti/91938.pdf
ALASKA,Juneau,Cty&Bor,2,110,2110.0,G0201100,37,Alaska,https://www.nlr.gov/docs/fy23osti/86783.pdf,https://www.nlr.gov/docs/fy25osti/91938.pdf
ALASKA,Kenai Peninsula,Borough,2,122,2122.0,G0201220,37,Alaska,https://www.nlr.gov/docs/fy23osti/86783.pdf,https://www.nlr.gov/docs/fy25osti/91938.pdf
ALASKA,Ketchikan Gateway,Borough,2,130,0,G0201300,37,Alaska,https://www.nlr.gov/docs/fy23osti/86783.pdf,https://www.nlr.gov/docs/fy25osti/91938.pdf
ALASKA,Kodiak Island,Borough,2,150,2150.0,G0201500,37,Alaska,https://www.nlr.gov/docs/fy23osti/86783.pdf,https://www.nlr.gov/docs/fy25osti/91938.pdf
ALASKA,Lake and Peninsula,Borough,2,164,2164.0,G0201640,37,Alaska,https://www.nlr.gov/docs/fy23osti/86783.pdf,https://www.nlr.gov/docs/fy25osti/91938.pdf
ALASKA,Matanuska-Susitna,Borough,2,170,2170.0,G0201700,37,Alaska,https://www.nlr.gov/docs/fy23osti/86783.pdf,https://www.nlr.gov/docs/fy25osti/91938.pdf
ALASKA,Nome,CA,2,180,2180.0,G0201800,37,Alaska,https://www.nlr.gov/docs/fy23osti/86783.pdf,https://www.nlr.gov/docs/fy25osti/91938.pdf
ALASKA,North Slope,Borough,2,185,2185.0,G0201850,37,Alaska,https://www.nlr.gov/docs/fy23osti/86783.pdf,https://www.nlr.gov/docs/fy25osti/91938.pdf
ALASKA,Northwest Arctic,Borough,2,188,2188.0,G0201880,37,Alaska,https://www.nlr.gov/docs/fy23osti/86783.pdf,https://www.nlr.gov/docs/fy25osti/91938.pdf
ALASKA,Petersburg,CA,2,195,0,G0201950,37,Alaska,https://www.nlr.gov/docs/fy23osti/86783.pdf,https://www.nlr.gov/docs/fy25osti/91938.pdf
ALASKA,Prince of Wales-Hyder,CA,2,198,0,G0201980,37,Alaska,https://www.nlr.gov/docs/fy23osti/86783.pdf,https://www.nlr.gov/docs/fy25osti/91938.pdf
ALASKA,Sitka,Cty&Bor,2,220,0,G0202200,37,Alaska,https://www.nlr.gov/docs/fy23osti/86783.pdf,https://www.nlr.gov/docs/fy25osti/91938.pdf
ALASKA,Skagway,Muny,2,230,0,G0202300,37,Alaska,https://www.nlr.gov/docs/fy23osti/86783.pdf,https://www.nlr.gov/docs/fy25osti/91938.pdf
ALASKA,Southeast Fairbanks,CA,2,240,2240.0,G0202400,37,Alaska,https://www.nlr.gov/docs/fy23osti/86783.pdf,https://www.nlr.gov/docs/fy25osti/91938.pdf
ALASKA,Valdez-Cordova,CA,2,261,2261.0,G0202610,37,Alaska,https://www.nlr.gov/docs/fy23osti/86783.pdf,https://www.nlr.gov/docs/fy25osti/91938.pdf
ALASKA,Wade Hampton,CA,2,270,0,G0202700,37,Alaska,https://www.nlr.gov/docs/fy23osti/86783.pdf,https://www.nlr.gov/docs/fy25osti/91938.pdf
ALASKA,Wrangell,Cty&Bor,2,275,0,G0202750,37,Alaska,https://www.nlr.gov/docs/fy23osti/86783.pdf,https://www.nlr.gov/docs/fy25osti/91938.pdf
ALASKA,Yakutat,Cty&Bor,2,282,2282.0,G0202820,37,Alaska,https://www.nlr.gov/docs/fy23osti/86783.pdf,https://www.nlr.gov/docs/fy25osti/91938.pdf
ALASKA,Yukon-Koyukuk,CA,2,290,2290.0,G0202900,37,Alaska,https://www.nlr.gov/docs/fy23osti/86783.pdf,https://www.nlr.gov/docs/fy25osti/91938.pdf
ARIZONA,Apache,County,4,1,4001.0,G0400010,31,Rural Mountain West,https://www.nlr.gov/docs/fy23osti/86777.pdf,https://www.nlr.gov/docs/fy25osti/91932.pdf
ARIZONA,Cochise,County,4,3,4003.0,G0400030,24,Rural Southern Arizona,https://www.nlr.gov/docs/fy23osti/86770.pdf,https://www.nlr.gov/docs/fy25osti/91925.pdf
ARIZONA,Coconino,County,4,5,4005.0,G0400050,71,Northern Arizona and Washington County Utah,https://www.nlr.gov/docs/fy23osti/86813.pdf,https://www.nlr.gov/docs/fy25osti/91968.pdf
ARIZONA,Gila,County,4,7,4007.0,G0400070,31,Rural Mountain West,https://www.nlr.gov/docs/fy23osti/86777.pdf,https://www.nlr.gov/docs/fy25osti/91932.pdf
ARIZONA,Graham,County,4,9,4009.0,G0400090,49,Rural Counties in the Southwest,https://www.nlr.gov/docs/fy23osti/86793.pdf,https://www.nlr.gov/docs/fy25osti/91948.pdf
ARIZONA,Greenlee,County,4,11,4011.0,G0400110,49,Rural Counties in the Southwest,https://www.nlr.gov/docs/fy23osti/86793.pdf,https://www.nlr.gov/docs/fy25osti/91948.pdf
ARIZONA,La Paz,County,4,12,4012.0,G0400120,24,Rural Southern Arizona,https://www.nlr.gov/docs/fy23osti/86770.pdf,https://www.nlr.gov/docs/fy25osti/91925.pdf
ARIZONA,Maricopa,County,4,13,4013.0,G0400130,29,Phoenix Area,https://www.nlr.gov/docs/fy23osti/86775.pdf,https://www.nlr.gov/docs/fy25osti/91930.pdf
ARIZONA,Mohave,County,4,15,4015.0,G0400150,71,Northern Arizona and Washington County Utah,https://www.nlr.gov/docs/fy23osti/86813.pdf,https://www.nlr.gov/docs/fy25osti/91968.pdf
ARIZONA,Navajo,County,4,17,4017.0,G0400170,31,Rural Mountain West,https://www.nlr.gov/docs/fy23osti/86777.pdf,https://www.nlr.gov/docs/fy25osti/91932.pdf
ARIZONA,Pima,County,4,19,4019.0,G0400190,24,Rural Southern Arizona,https://www.nlr.gov/docs/fy23osti/86770.pdf,https://www.nlr.gov/docs/fy25osti/91925.pdf
ARIZONA,Pinal,County,4,21,4021.0,G0400210,29,Phoenix Area,https://www.nlr.gov/docs/fy23osti/86775.pdf,https://www.nlr.gov/docs/fy25osti/91930.pdf
ARIZONA,Santa Cruz,County,4,23,4023.0,G0400230,24,Rural Southern Arizona,https://www.nlr.gov/docs/fy23osti/86770.pdf,https://www.nlr.gov/docs/fy25osti/91925.pdf
ARIZONA,Yavapai,County,4,25,4025.0,G0400250,71,Northern Arizona and Washington County Utah,https://www.nlr.gov/docs/fy23osti/86813.pdf,https://www.nlr.gov/docs/fy25osti/91968.pdf
ARIZONA,Yuma,County,4,27,4027.0,G0400270,24,Rural Southern Arizona,https://www.nlr.gov/docs/fy23osti/86770.pdf,https://www.nlr.gov/docs/fy25osti/91925.pdf
ARKANSAS,Arkansas,County,5,1,5001.0,G0500010,85,Rural Climate Zone 3A,https://www.nlr.gov/docs/fy23osti/86828.pdf,https://www.nlr.gov/docs/fy25osti/91982.pdf
ARKANSAS,Ashley,County,5,3,5003.0,G0500030,85,Rural Climate Zone 3A,https://www.nlr.gov/docs/fy23osti/86828.pdf,https://www.nlr.gov/docs/fy25osti/91982.pdf
ARKANSAS,Baxter,County,5,5,5005.0,G0500050,33,Rural Lower Plains-Upper South Appalachia,https://www.nlr.gov/docs/fy23osti/86779.pdf,https://www.nlr.gov/docs/fy25osti/91934.pdf
ARKANSAS,Benton,County,5,7,5007.0,G0500070,60,the Greater Columbia-Fayetteville-Jefferson City-Joplin-Springfield-Wichita Areas,https://www.nlr.gov/docs/fy23osti/86804.pdf,https://www.nlr.gov/docs/fy25osti/91959.pdf
ARKANSAS,Boone,County,5,9,5009.0,G0500090,33,Rural Lower Plains-Upper South Appalachia,https://www.nlr.gov/docs/fy23osti/86779.pdf,https://www.nlr.gov/docs/fy25osti/91934.pdf
ARKANSAS,Bradley,County,5,11,5011.0,G0500110,85,Rural Climate Zone 3A,https://www.nlr.gov/docs/fy23osti/86828.pdf,https://www.nlr.gov/docs/fy25osti/91982.pdf
ARKANSAS,Calhoun,County,5,13,5013.0,G0500130,85,Rural Climate Zone 3A,https://www.nlr.gov/docs/fy23osti/86828.pdf,https://www.nlr.gov/docs/fy25osti/91982.pdf
ARKANSAS,Carroll,County,5,15,5015.0,G0500150,33,Rural Lower Plains-Upper South Appalachia,https://www.nlr.gov/docs/fy23osti/86779.pdf,https://www.nlr.gov/docs/fy25osti/91934.pdf
ARKANSAS,Chicot,County,5,17,5017.0,G0500170,85,Rural Climate Zone 3A,https://www.nlr.gov/docs/fy23osti/86828.pdf,https://www.nlr.gov/docs/fy25osti/91982.pdf
ARKANSAS,Clark,County,5,19,5019.0,G0500190,85,Rural Climate Zone 3A,https://www.nlr.gov/docs/fy23osti/86828.pdf,https://www.nlr.gov/docs/fy25osti/91982.pdf
ARKANSAS,Clay,County,5,21,5021.0,G0500210,85,Rural Climate Zone 3A,https://www.nlr.gov/docs/fy23osti/86828.pdf,https://www.nlr.gov/docs/fy25osti/91982.pdf
ARKANSAS,Cleburne,County,5,23,5023.0,G0500230,85,Rural Climate Zone 3A,https://www.nlr.gov/docs/fy23osti/86828.pdf,https://www.nlr.gov/docs/fy25osti/91982.pdf
ARKANSAS,Cleveland,County,5,25,5025.0,G0500250,1,the Greater Little Rock Area,https://www.nlr.gov/docs/fy23osti/86754.pdf,https://www.nlr.gov/docs/fy25osti/91909.pdf
ARKANSAS,Columbia,County,5,27,5027.0,G0500270,85,Rural Climate Zone 3A,https://www.nlr.gov/docs/fy23osti/86828.pdf,https://www.nlr.gov/docs/fy25osti/91982.pdf
ARKANSAS,Conway,County,5,29,5029.0,G0500290,85,Rural Climate Zone 3A,https://www.nlr.gov/docs/fy23osti/86828.pdf,https://www.nlr.gov/docs/fy25osti/91982.pdf
ARKANSAS,Craighead,County,5,31,5031.0,G0500310,64,the Greater Memphis Area,https://www.nlr.gov/docs/fy23osti/86807.pdf,https://www.nlr.gov/docs/fy25osti/91962.pdf
ARKANSAS,Crawford,County,5,33,5033.0,G0500330,60,the Greater Columbia-Fayetteville-Jefferson City-Joplin-Springfield-Wichita Areas,https://www.nlr.gov/docs/fy23osti/86804.pdf,https://www.nlr.gov/docs/fy25osti/91959.pdf
ARKANSAS,Crittenden,County,5,35,5035.0,G0500350,64,the Greater Memphis Area,https://www.nlr.gov/docs/fy23osti/86807.pdf,https://www.nlr.gov/docs/fy25osti/91962.pdf
ARKANSAS,Cross,County,5,37,5037.0,G0500370,85,Rural Climate Zone 3A,https://www.nlr.gov/docs/fy23osti/86828.pdf,https://www.nlr.gov/docs/fy25osti/91982.pdf
ARKANSAS,Dallas,County,5,39,5039.0,G0500390,85,Rural Climate Zone 3A,https://www.nlr.gov/docs/fy23osti/86828.pdf,https://www.nlr.gov/docs/fy25osti/91982.pdf
ARKANSAS,Desha,County,5,41,5041.0,G0500410,85,Rural Climate Zone 3A,https://www.nlr.gov/docs/fy23osti/86828.pdf,https://www.nlr.gov/docs/fy25osti/91982.pdf
ARKANSAS,Drew,County,5,43,5043.0,G0500430,85,Rural Climate Zone 3A,https://www.nlr.gov/docs/fy23osti/86828.pdf,https://www.nlr.gov/docs/fy25osti/91982.pdf
ARKANSAS,Faulkner,County,5,45,5045.0,G0500450,1,the Greater Little Rock Area,https://www.nlr.gov/docs/fy23osti/86754.pdf,https://www.nlr.gov/docs/fy25osti/91909.pdf
ARKANSAS,Franklin,County,5,47,5047.0,G0500470,60,the Greater Columbia-Fayetteville-Jefferson City-Joplin-Springfield-Wichita Areas,https://www.nlr.gov/docs/fy23osti/86804.pdf,https://www.nlr.gov/docs/fy25osti/91959.pdf
ARKANSAS,Fulton,County,5,49,5049.0,G0500490,33,Rural Lower Plains-Upper South Appalachia,https://www.nlr.gov/docs/fy23osti/86779.pdf,https://www.nlr.gov/docs/fy25osti/91934.pdf
ARKANSAS,Garland,County,5,51,5051.0,G0500510,1,the Greater Little Rock Area,https://www.nlr.gov/docs/fy23osti/86754.pdf,https://www.nlr.gov/docs/fy25osti/91909.pdf
ARKANSAS,Grant,County,5,53,5053.0,G0500530,1,the Greater Little Rock Area,https://www.nlr.gov/docs/fy23osti/86754.pdf,https://www.nlr.gov/docs/fy25osti/91909.pdf
ARKANSAS,Greene,County,5,55,5055.0,G0500550,85,Rural Climate Zone 3A,https://www.nlr.gov/docs/fy23osti/86828.pdf,https://www.nlr.gov/docs/fy25osti/91982.pdf
ARKANSAS,Hempstead,County,5,57,5057.0,G0500570,85,Rural Climate Zone 3A,https://www.nlr.gov/docs/fy23osti/86828.pdf,https://www.nlr.gov/docs/fy25osti/91982.pdf
ARKANSAS,Hot Spring,County,5,59,5059.0,G0500590,85,Rural Climate Zone 3A,https://www.nlr.gov/docs/fy23osti/86828.pdf,https://www.nlr.gov/docs/fy25osti/91982.pdf
ARKANSAS,Howard,County,5,61,5061.0,G0500610,85,Rural Climate Zone 3A,https://www.nlr.gov/docs/fy23osti/86828.pdf,https://www.nlr.gov/docs/fy25osti/91982.pdf
ARKANSAS,Independence,County,5,63,5063.0,G0500630,85,Rural Climate Zone 3A,https://www.nlr.gov/docs/fy23osti/86828.pdf,https://www.nlr.gov/docs/fy25osti/91982.pdf
ARKANSAS,Izard,County,5,65,5065.0,G0500650,33,Rural Lower Plains-Upper South Appalachia,https://www.nlr.gov/docs/fy23osti/86779.pdf,https://www.nlr.gov/docs/fy25osti/91934.pdf
ARKANSAS,Jackson,County,5,67,5067.0,G0500670,85,Rural Climate Zone 3A,https://www.nlr.gov/docs/fy23osti/86828.pdf,https://www.nlr.gov/docs/fy25osti/91982.pdf
ARKANSAS,Jefferson,County,5,69,5069.0,G0500690,1,the Greater Little Rock Area,https://www.nlr.gov/docs/fy23osti/86754.pdf,https://www.nlr.gov/docs/fy25osti/91909.pdf
ARKANSAS,Johnson,County,5,71,5071.0,G0500710,85,Rural Climate Zone 3A,https://www.nlr.gov/docs/fy23osti/86828.pdf,https://www.nlr.gov/docs/fy25osti/91982.pdf
ARKANSAS,Lafayette,County,5,73,5073.0,G0500730,85,Rural Climate Zone 3A,https://www.nlr.gov/docs/fy23osti/86828.pdf,https://www.nlr.gov/docs/fy25osti/91982.pdf
ARKANSAS,Lawrence,County,5,75,5075.0,G0500750,85,Rural Climate Zone 3A,https://www.nlr.gov/docs/fy23osti/86828.pdf,https://www.nlr.gov/docs/fy25osti/91982.pdf
ARKANSAS,Lee,County,5,77,5077.0,G0500770,85,Rural Climate Zone 3A,https://www.nlr.gov/docs/fy23osti/86828.pdf,https://www.nlr.gov/docs/fy25osti/91982.pdf
ARKANSAS,Lincoln,County,5,79,5079.0,G0500790,1,the Greater Little Rock Area,https://www.nlr.gov/docs/fy23osti/86754.pdf,https://www.nlr.gov/docs/fy25osti/91909.pdf
ARKANSAS,Little River,County,5,81,5081.0,G0500810,27,the Shreveport-Texarkana and Alexandria Area,https://www.nlr.gov/docs/fy23osti/86773.pdf,https://www.nlr.gov/docs/fy25osti/91928.pdf
ARKANSAS,Logan,County,5,83,5083.0,G0500830,85,Rural Climate Zone 3A,https://www.nlr.gov/docs/fy23osti/86828.pdf,https://www.nlr.gov/docs/fy25osti/91982.pdf
ARKANSAS,Lonoke,County,5,85,5085.0,G0500850,1,the Greater Little Rock Area,https://www.nlr.gov/docs/fy23osti/86754.pdf,https://www.nlr.gov/docs/fy25osti/91909.pdf
ARKANSAS,Madison,County,5,87,5087.0,G0500870,60,the Greater Columbia-Fayetteville-Jefferson City-Joplin-Springfield-Wichita Areas,https://www.nlr.gov/docs/fy23osti/86804.pdf,https://www.nlr.gov/docs/fy25osti/91959.pdf
ARKANSAS,Marion,County,5,89,5089.0,G0500890,33,Rural Lower Plains-Upper South Appalachia,https://www.nlr.gov/docs/fy23osti/86779.pdf,https://www.nlr.gov/docs/fy25osti/91934.pdf
ARKANSAS,Miller,County,5,91,5091.0,G0500910,27,the Shreveport-Texarkana and Alexandria Area,https://www.nlr.gov/docs/fy23osti/86773.pdf,https://www.nlr.gov/docs/fy25osti/91928.pdf
ARKANSAS,Mississippi,County,5,93,5093.0,G0500930,85,Rural Climate Zone 3A,https://www.nlr.gov/docs/fy23osti/86828.pdf,https://www.nlr.gov/docs/fy25osti/91982.pdf
ARKANSAS,Monroe,County,5,95,5095.0,G0500950,85,Rural Climate Zone 3A,https://www.nlr.gov/docs/fy23osti/86828.pdf,https://www.nlr.gov/docs/fy25osti/91982.pdf
ARKANSAS,Montgomery,County,5,97,5097.0,G0500970,85,Rural Climate Zone 3A,https://www.nlr.gov/docs/fy23osti/86828.pdf,https://www.nlr.gov/docs/fy25osti/91982.pdf
ARKANSAS,Nevada,County,5,99,5099.0,G0500990,85,Rural Climate Zone 3A,https://www.nlr.gov/docs/fy23osti/86828.pdf,https://www.nlr.gov/docs/fy25osti/91982.pdf
ARKANSAS,Newton,County,5,101,5101.0,G0501010,33,Rural Lower Plains-Upper South Appalachia,https://www.nlr.gov/docs/fy23osti/86779.pdf,https://www.nlr.gov/docs/fy25osti/91934.pdf
ARKANSAS,Ouachita,County,5,103,5103.0,G0501030,85,Rural Climate Zone 3A,https://www.nlr.gov/docs/fy23osti/86828.pdf,https://www.nlr.gov/docs/fy25osti/91982.pdf
ARKANSAS,Perry,County,5,105,5105.0,G0501050,1,the Greater Little Rock Area,https://www.nlr.gov/docs/fy23osti/86754.pdf,https://www.nlr.gov/docs/fy25osti/91909.pdf
ARKANSAS,Phillips,County,5,107,5107.0,G0501070,85,Rural Climate Zone 3A,https://www.nlr.gov/docs/fy23osti/86828.pdf,https://www.nlr.gov/docs/fy25osti/91982.pdf
ARKANSAS,Pike,County,5,109,5109.0,G0501090,85,Rural Climate Zone 3A,https://www.nlr.gov/docs/fy23osti/86828.pdf,https://www.nlr.gov/docs/fy25osti/91982.pdf
ARKANSAS,Poinsett,County,5,111,5111.0,G0501110,64,the Greater Memphis Area,https://www.nlr.gov/docs/fy23osti/86807.pdf,https://www.nlr.gov/docs/fy25osti/91962.pdf
ARKANSAS,Polk,County,5,113,5113.0,G0501130,85,Rural Climate Zone 3A,https://www.nlr.gov/docs/fy23osti/86828.pdf,https://www.nlr.gov/docs/fy25osti/91982.pdf
ARKANSAS,Pope,County,5,115,5115.0,G0501150,85,Rural Climate Zone 3A,https://www.nlr.gov/docs/fy23osti/86828.pdf,https://www.nlr.gov/docs/fy25osti/91982.pdf
ARKANSAS,Prairie,County,5,117,5117.0,G0501170,85,Rural Climate Zone 3A,https://www.nlr.gov/docs/fy23osti/86828.pdf,https://www.nlr.gov/docs/fy25osti/91982.pdf
ARKANSAS,Pulaski,County,5,119,5119.0,G0501190,1,the Greater Little Rock Area,https://www.nlr.gov/docs/fy23osti/86754.pdf,https://www.nlr.gov/docs/fy25osti/91909.pdf
ARKANSAS,Randolph,County,5,121,5121.0,G0501210,85,Rural Climate Zone 3A,https://www.nlr.gov/docs/fy23osti/86828.pdf,https://www.nlr.gov/docs/fy25osti/91982.pdf
ARKANSAS,Saline,County,5,125,5125.0,G0501250,1,the Greater Little Rock Area,https://www.nlr.gov/docs/fy23osti/86754.pdf,https://www.nlr.gov/docs/fy25osti/91909.pdf
ARKANSAS,Scott,County,5,127,5127.0,G0501270,85,Rural Climate Zone 3A,https://www.nlr.gov/docs/fy23osti/86828.pdf,https://www.nlr.gov/docs/fy25osti/91982.pdf
ARKANSAS,Searcy,County,5,129,5129.0,G0501290,33,Rural Lower Plains-Upper South Appalachia,https://www.nlr.gov/docs/fy23osti/86779.pdf,https://www.nlr.gov/docs/fy25osti/91934.pdf
ARKANSAS,Sebastian,County,5,131,5131.0,G0501310,60,the Greater Columbia-Fayetteville-Jefferson City-Joplin-Springfield-Wichita Areas,https://www.nlr.gov/docs/fy23osti/86804.pdf,https://www.nlr.gov/docs/fy25osti/91959.pdf
ARKANSAS,Sevier,County,5,133,5133.0,G0501330,85,Rural Climate Zone 3A,https://www.nlr.gov/docs/fy23osti/86828.pdf,https://www.nlr.gov/docs/fy25osti/91982.pdf
ARKANSAS,Sharp,County,5,135,5135.0,G0501350,85,Rural Climate Zone 3A,https://www.nlr.gov/docs/fy23osti/86828.pdf,https://www.nlr.gov/docs/fy25osti/91982.pdf
ARKANSAS,St. Francis,County,5,123,5123.0,G0501230,85,Rural Climate Zone 3A,https://www.nlr.gov/docs/fy23osti/86828.pdf,https://www.nlr.gov/docs/fy25osti/91982.pdf
ARKANSAS,Stone,County,5,137,5137.0,G0501370,33,Rural Lower Plains-Upper South Appalachia,https://www.nlr.gov/docs/fy23osti/86779.pdf,https://www.nlr.gov/docs/fy25osti/91934.pdf
ARKANSAS,Union,County,5,139,5139.0,G0501390,85,Rural Climate Zone 3A,https://www.nlr.gov/docs/fy23osti/86828.pdf,https://www.nlr.gov/docs/fy25osti/91982.pdf
ARKANSAS,Van Buren,County,5,141,5141.0,G0501410,85,Rural Climate Zone 3A,https://www.nlr.gov/docs/fy23osti/86828.pdf,https://www.nlr.gov/docs/fy25osti/91982.pdf
ARKANSAS,Washington,County,5,143,5143.0,G0501430,60,the Greater Columbia-Fayetteville-Jefferson City-Joplin-Springfield-Wichita Areas,https://www.nlr.gov/docs/fy23osti/86804.pdf,https://www.nlr.gov/docs/fy25osti/91959.pdf
ARKANSAS,White,County,5,145,5145.0,G0501450,85,Rural Climate Zone 3A,https://www.nlr.gov/docs/fy23osti/86828.pdf,https://www.nlr.gov/docs/fy25osti/91982.pdf
ARKANSAS,Woodruff,County,5,147,5147.0,G0501470,85,Rural Climate Zone 3A,https://www.nlr.gov/docs/fy23osti/86828.pdf,https://www.nlr.gov/docs/fy25osti/91982.pdf
ARKANSAS,Yell,County,5,149,5149.0,G0501490,85,Rural Climate Zone 3A,https://www.nlr.gov/docs/fy23osti/86828.pdf,https://www.nlr.gov/docs/fy25osti/91982.pdf
CALIFORNIA,0,Climate Zone,6,0,0.0,0,101,"California Climate Zones 1, 2, and 16",https://www.nlr.gov/docs/fy23osti/86830.pdf,0
CALIFORNIA,0,Climate Zone,6,0,0.0,0,103,California Climate Zone 3,https://www.nlr.gov/docs/fy23osti/86831.pdf,0
CALIFORNIA,0,Climate Zone,6,0,0.0,0,104,California Climate Zone 4,https://www.nlr.gov/docs/fy23osti/86832.pdf,0
CALIFORNIA,0,Climate Zone,6,0,0.0,0,111,California Climate Zone 11,https://www.nlr.gov/docs/fy23osti/86838.pdf,0
CALIFORNIA,0,Climate Zone,6,0,0.0,0,107,California Climate Zone 7,https://www.nlr.gov/docs/fy23osti/86834.pdf,0
CALIFORNIA,0,Climate Zone,6,0,0.0,0,108,California Climate Zone 8,https://www.nlr.gov/docs/fy23osti/86835.pdf,0
CALIFORNIA,0,Climate Zone,6,0,0.0,0,109,California Climate Zone 9,https://www.nlr.gov/docs/fy23osti/86836.pdf,0
CALIFORNIA,0,Climate Zone,6,0,0.0,0,110,California Climate Zone 10,https://www.nlr.gov/docs/fy23osti/86837.pdf,0
CALIFORNIA,0,Climate Zone,6,0,0.0,0,113,California Climate Zone 13,https://www.nlr.gov/docs/fy23osti/86840.pdf,0
CALIFORNIA,0,Climate Zone,6,0,0.0,0,112,California Climate Zone 12,https://www.nlr.gov/docs/fy23osti/86839.pdf,0
CALIFORNIA,0,Climate Zone,6,0,0.0,0,105,California Climate Zones 5 and 6,https://www.nlr.gov/docs/fy23osti/86833.pdf,0
CALIFORNIA,0,Climate Zone,6,0,0.0,0,114,California Climate Zones 14 and 15,https://www.nlr.gov/docs/fy23osti/86841.pdf,0
COLORADO,Adams,County,8,1,8001.0,G0800010,36,the Cheyenne-Denver-Colorado Springs Area,https://www.nlr.gov/docs/fy23osti/86782.pdf,https://www.nlr.gov/docs/fy25osti/91937.pdf
COLORADO,Alamosa,County,8,3,8003.0,G0800030,86,the Colorado Mountains,https://www.nlr.gov/docs/fy23osti/86829.pdf,https://www.nlr.gov/docs/fy25osti/91983.pdf
COLORADO,Arapahoe,County,8,5,8005.0,G0800050,36,the Cheyenne-Denver-Colorado Springs Area,https://www.nlr.gov/docs/fy23osti/86782.pdf,https://www.nlr.gov/docs/fy25osti/91937.pdf
COLORADO,Archuleta,County,8,7,8007.0,G0800070,86,the Colorado Mountains,https://www.nlr.gov/docs/fy23osti/86829.pdf,https://www.nlr.gov/docs/fy25osti/91983.pdf
COLORADO,Baca,County,8,9,8009.0,G0800090,49,Rural Counties in the Southwest,https://www.nlr.gov/docs/fy23osti/86793.pdf,https://www.nlr.gov/docs/fy25osti/91948.pdf
COLORADO,Bent,County,8,11,8011.0,G0800110,17,Rural Lower Midwest and High Plains,https://www.nlr.gov/docs/fy23osti/86763.pdf,https://www.nlr.gov/docs/fy25osti/91918.pdf
COLORADO,Boulder,County,8,13,8013.0,G0800130,36,the Cheyenne-Denver-Colorado Springs Area,https://www.nlr.gov/docs/fy23osti/86782.pdf,https://www.nlr.gov/docs/fy25osti/91937.pdf
COLORADO,Broomfield,County,8,14,8014.0,G0800140,36,the Cheyenne-Denver-Colorado Springs Area,https://www.nlr.gov/docs/fy23osti/86782.pdf,https://www.nlr.gov/docs/fy25osti/91937.pdf
COLORADO,Chaffee,County,8,15,8015.0,G0800150,86,the Colorado Mountains,https://www.nlr.gov/docs/fy23osti/86829.pdf,https://www.nlr.gov/docs/fy25osti/91983.pdf
COLORADO,Cheyenne,County,8,17,8017.0,G0800170,17,Rural Lower Midwest and High Plains,https://www.nlr.gov/docs/fy23osti/86763.pdf,https://www.nlr.gov/docs/fy25osti/91918.pdf
COLORADO,Clear Creek,County,8,19,8019.0,G0800190,36,the Cheyenne-Denver-Colorado Springs Area,https://www.nlr.gov/docs/fy23osti/86782.pdf,https://www.nlr.gov/docs/fy25osti/91937.pdf
COLORADO,Conejos,County,8,21,8021.0,G0800210,86,the Colorado Mountains,https://www.nlr.gov/docs/fy23osti/86829.pdf,https://www.nlr.gov/docs/fy25osti/91983.pdf
COLORADO,Costilla,County,8,23,8023.0,G0800230,86,the Colorado Mountains,https://www.nlr.gov/docs/fy23osti/86829.pdf,https://www.nlr.gov/docs/fy25osti/91983.pdf
COLORADO,Crowley,County,8,25,8025.0,G0800250,17,Rural Lower Midwest and High Plains,https://www.nlr.gov/docs/fy23osti/86763.pdf,https://www.nlr.gov/docs/fy25osti/91918.pdf
COLORADO,Custer,County,8,27,8027.0,G0800270,86,the Colorado Mountains,https://www.nlr.gov/docs/fy23osti/86829.pdf,https://www.nlr.gov/docs/fy25osti/91983.pdf
COLORADO,Delta,County,8,29,8029.0,G0800290,31,Rural Mountain West,https://www.nlr.gov/docs/fy23osti/86777.pdf,https://www.nlr.gov/docs/fy25osti/91932.pdf
COLORADO,Denver,County,8,31,8031.0,G0800310,36,the Cheyenne-Denver-Colorado Springs Area,https://www.nlr.gov/docs/fy23osti/86782.pdf,https://www.nlr.gov/docs/fy25osti/91937.pdf
COLORADO,Dolores,County,8,33,8033.0,G0800330,86,the Colorado Mountains,https://www.nlr.gov/docs/fy23osti/86829.pdf,https://www.nlr.gov/docs/fy25osti/91983.pdf
COLORADO,Douglas,County,8,35,8035.0,G0800350,36,the Cheyenne-Denver-Colorado Springs Area,https://www.nlr.gov/docs/fy23osti/86782.pdf,https://www.nlr.gov/docs/fy25osti/91937.pdf
COLORADO,Eagle,County,8,37,8037.0,G0800370,86,the Colorado Mountains,https://www.nlr.gov/docs/fy23osti/86829.pdf,https://www.nlr.gov/docs/fy25osti/91983.pdf
COLORADO,El Paso,County,8,41,8041.0,G0800410,36,the Cheyenne-Denver-Colorado Springs Area,https://www.nlr.gov/docs/fy23osti/86782.pdf,https://www.nlr.gov/docs/fy25osti/91937.pdf
COLORADO,Elbert,County,8,39,8039.0,G0800390,36,the Cheyenne-Denver-Colorado Springs Area,https://www.nlr.gov/docs/fy23osti/86782.pdf,https://www.nlr.gov/docs/fy25osti/91937.pdf
COLORADO,Fremont,County,8,43,8043.0,G0800430,86,the Colorado Mountains,https://www.nlr.gov/docs/fy23osti/86829.pdf,https://www.nlr.gov/docs/fy25osti/91983.pdf
COLORADO,Garfield,County,8,45,8045.0,G0800450,31,Rural Mountain West,https://www.nlr.gov/docs/fy23osti/86777.pdf,https://www.nlr.gov/docs/fy25osti/91932.pdf
COLORADO,Gilpin,County,8,47,8047.0,G0800470,36,the Cheyenne-Denver-Colorado Springs Area,https://www.nlr.gov/docs/fy23osti/86782.pdf,https://www.nlr.gov/docs/fy25osti/91937.pdf
COLORADO,Grand,County,8,49,8049.0,G0800490,86,the Colorado Mountains,https://www.nlr.gov/docs/fy23osti/86829.pdf,https://www.nlr.gov/docs/fy25osti/91983.pdf
COLORADO,Gunnison,County,8,51,8051.0,G0800510,86,the Colorado Mountains,https://www.nlr.gov/docs/fy23osti/86829.pdf,https://www.nlr.gov/docs/fy25osti/91983.pdf
COLORADO,Hinsdale,County,8,53,8053.0,G0800530,86,the Colorado Mountains,https://www.nlr.gov/docs/fy23osti/86829.pdf,https://www.nlr.gov/docs/fy25osti/91983.pdf
COLORADO,Huerfano,County,8,55,8055.0,G0800550,86,the Colorado Mountains,https://www.nlr.gov/docs/fy23osti/86829.pdf,https://www.nlr.gov/docs/fy25osti/91983.pdf
COLORADO,Jackson,County,8,57,8057.0,G0800570,86,the Colorado Mountains,https://www.nlr.gov/docs/fy23osti/86829.pdf,https://www.nlr.gov/docs/fy25osti/91983.pdf
COLORADO,Jefferson,County,8,59,8059.0,G0800590,36,the Cheyenne-Denver-Colorado Springs Area,https://www.nlr.gov/docs/fy23osti/86782.pdf,https://www.nlr.gov/docs/fy25osti/91937.pdf
COLORADO,Kiowa,County,8,61,8061.0,G0800610,17,Rural Lower Midwest and High Plains,https://www.nlr.gov/docs/fy23osti/86763.pdf,https://www.nlr.gov/docs/fy25osti/91918.pdf
COLORADO,Kit Carson,County,8,63,8063.0,G0800630,17,Rural Lower Midwest and High Plains,https://www.nlr.gov/docs/fy23osti/86763.pdf,https://www.nlr.gov/docs/fy25osti/91918.pdf
COLORADO,La Plata,County,8,67,8067.0,G0800670,31,Rural Mountain West,https://www.nlr.gov/docs/fy23osti/86777.pdf,https://www.nlr.gov/docs/fy25osti/91932.pdf
COLORADO,Lake,County,8,65,8065.0,G0800650,86,the Colorado Mountains,https://www.nlr.gov/docs/fy23osti/86829.pdf,https://www.nlr.gov/docs/fy25osti/91983.pdf
COLORADO,Larimer,County,8,69,8069.0,G0800690,36,the Cheyenne-Denver-Colorado Springs Area,https://www.nlr.gov/docs/fy23osti/86782.pdf,https://www.nlr.gov/docs/fy25osti/91937.pdf
COLORADO,Las Animas,County,8,71,8071.0,G0800710,49,Rural Counties in the Southwest,https://www.nlr.gov/docs/fy23osti/86793.pdf,https://www.nlr.gov/docs/fy25osti/91948.pdf
COLORADO,Lincoln,County,8,73,8073.0,G0800730,17,Rural Lower Midwest and High Plains,https://www.nlr.gov/docs/fy23osti/86763.pdf,https://www.nlr.gov/docs/fy25osti/91918.pdf
COLORADO,Logan,County,8,75,8075.0,G0800750,17,Rural Lower Midwest and High Plains,https://www.nlr.gov/docs/fy23osti/86763.pdf,https://www.nlr.gov/docs/fy25osti/91918.pdf
COLORADO,Mesa,County,8,77,8077.0,G0800770,31,Rural Mountain West,https://www.nlr.gov/docs/fy23osti/86777.pdf,https://www.nlr.gov/docs/fy25osti/91932.pdf
COLORADO,Mineral,County,8,79,8079.0,G0800790,86,the Colorado Mountains,https://www.nlr.gov/docs/fy23osti/86829.pdf,https://www.nlr.gov/docs/fy25osti/91983.pdf
COLORADO,Moffat,County,8,81,8081.0,G0800810,57,Rural Rocky Mountains North,https://www.nlr.gov/docs/fy23osti/86801.pdf,https://www.nlr.gov/docs/fy25osti/91956.pdf
COLORADO,Montezuma,County,8,83,8083.0,G0800830,31,Rural Mountain West,https://www.nlr.gov/docs/fy23osti/86777.pdf,https://www.nlr.gov/docs/fy25osti/91932.pdf
COLORADO,Montrose,County,8,85,8085.0,G0800850,31,Rural Mountain West,https://www.nlr.gov/docs/fy23osti/86777.pdf,https://www.nlr.gov/docs/fy25osti/91932.pdf
COLORADO,Morgan,County,8,87,8087.0,G0800870,17,Rural Lower Midwest and High Plains,https://www.nlr.gov/docs/fy23osti/86763.pdf,https://www.nlr.gov/docs/fy25osti/91918.pdf
COLORADO,Otero,County,8,89,8089.0,G0800890,49,Rural Counties in the Southwest,https://www.nlr.gov/docs/fy23osti/86793.pdf,https://www.nlr.gov/docs/fy25osti/91948.pdf
COLORADO,Ouray,County,8,91,8091.0,G0800910,86,the Colorado Mountains,https://www.nlr.gov/docs/fy23osti/86829.pdf,https://www.nlr.gov/docs/fy25osti/91983.pdf
COLORADO,Park,County,8,93,8093.0,G0800930,36,the Cheyenne-Denver-Colorado Springs Area,https://www.nlr.gov/docs/fy23osti/86782.pdf,https://www.nlr.gov/docs/fy25osti/91937.pdf
COLORADO,Phillips,County,8,95,8095.0,G0800950,17,Rural Lower Midwest and High Plains,https://www.nlr.gov/docs/fy23osti/86763.pdf,https://www.nlr.gov/docs/fy25osti/91918.pdf
COLORADO,Pitkin,County,8,97,8097.0,G0800970,86,the Colorado Mountains,https://www.nlr.gov/docs/fy23osti/86829.pdf,https://www.nlr.gov/docs/fy25osti/91983.pdf
COLORADO,Prowers,County,8,99,8099.0,G0800990,17,Rural Lower Midwest and High Plains,https://www.nlr.gov/docs/fy23osti/86763.pdf,https://www.nlr.gov/docs/fy25osti/91918.pdf
COLORADO,Pueblo,County,8,101,8101.0,G0801010,36,the Cheyenne-Denver-Colorado Springs Area,https://www.nlr.gov/docs/fy23osti/86782.pdf,https://www.nlr.gov/docs/fy25osti/91937.pdf
COLORADO,Rio Blanco,County,8,103,8103.0,G0801030,57,Rural Rocky Mountains North,https://www.nlr.gov/docs/fy23osti/86801.pdf,https://www.nlr.gov/docs/fy25osti/91956.pdf
COLORADO,Rio Grande,County,8,105,8105.0,G0801050,86,the Colorado Mountains,https://www.nlr.gov/docs/fy23osti/86829.pdf,https://www.nlr.gov/docs/fy25osti/91983.pdf
COLORADO,Routt,County,8,107,8107.0,G0801070,86,the Colorado Mountains,https://www.nlr.gov/docs/fy23osti/86829.pdf,https://www.nlr.gov/docs/fy25osti/91983.pdf
COLORADO,Saguache,County,8,109,8109.0,G0801090,86,the Colorado Mountains,https://www.nlr.gov/docs/fy23osti/86829.pdf,https://www.nlr.gov/docs/fy25osti/91983.pdf
COLORADO,San Juan,County,8,111,8111.0,G0801110,86,the Colorado Mountains,https://www.nlr.gov/docs/fy23osti/86829.pdf,https://www.nlr.gov/docs/fy25osti/91983.pdf
COLORADO,San Miguel,County,8,113,8113.0,G0801130,86,the Colorado Mountains,https://www.nlr.gov/docs/fy23osti/86829.pdf,https://www.nlr.gov/docs/fy25osti/91983.pdf
COLORADO,Sedgwick,County,8,115,8115.0,G0801150,17,Rural Lower Midwest and High Plains,https://www.nlr.gov/docs/fy23osti/86763.pdf,https://www.nlr.gov/docs/fy25osti/91918.pdf
COLORADO,Summit,County,8,117,8117.0,G0801170,86,the Colorado Mountains,https://www.nlr.gov/docs/fy23osti/86829.pdf,https://www.nlr.gov/docs/fy25osti/91983.pdf
COLORADO,Teller,County,8,119,8119.0,G0801190,36,the Cheyenne-Denver-Colorado Springs Area,https://www.nlr.gov/docs/fy23osti/86782.pdf,https://www.nlr.gov/docs/fy25osti/91937.pdf
COLORADO,Washington,County,8,121,8121.0,G0801210,17,Rural Lower Midwest and High Plains,https://www.nlr.gov/docs/fy23osti/86763.pdf,https://www.nlr.gov/docs/fy25osti/91918.pdf
COLORADO,Weld,County,8,123,8123.0,G0801230,36,the Cheyenne-Denver-Colorado Springs Area,https://www.nlr.gov/docs/fy23osti/86782.pdf,https://www.nlr.gov/docs/fy25osti/91937.pdf
COLORADO,Yuma,County,8,125,8125.0,G0801250,17,Rural Lower Midwest and High Plains,https://www.nlr.gov/docs/fy23osti/86763.pdf,https://www.nlr.gov/docs/fy25osti/91918.pdf
CONNECTICUT,Fairfield,County,9,1,9001.0,G0900010,52,Southern New England,https://www.nlr.gov/docs/fy23osti/86796.pdf,https://www.nlr.gov/docs/fy25osti/91951.pdf
CONNECTICUT,Hartford,County,9,3,9003.0,G0900030,52,Southern New England,https://www.nlr.gov/docs/fy23osti/86796.pdf,https://www.nlr.gov/docs/fy25osti/91951.pdf
CONNECTICUT,Litchfield,County,9,5,9005.0,G0900050,52,Southern New England,https://www.nlr.gov/docs/fy23osti/86796.pdf,https://www.nlr.gov/docs/fy25osti/91951.pdf
CONNECTICUT,Middlesex,County,9,7,9007.0,G0900070,52,Southern New England,https://www.nlr.gov/docs/fy23osti/86796.pdf,https://www.nlr.gov/docs/fy25osti/91951.pdf
CONNECTICUT,New Haven,County,9,9,9009.0,G0900090,52,Southern New England,https://www.nlr.gov/docs/fy23osti/86796.pdf,https://www.nlr.gov/docs/fy25osti/91951.pdf
CONNECTICUT,New London,County,9,11,9011.0,G0900110,52,Southern New England,https://www.nlr.gov/docs/fy23osti/86796.pdf,https://www.nlr.gov/docs/fy25osti/91951.pdf
CONNECTICUT,Tolland,County,9,13,9013.0,G0900130,52,Southern New England,https://www.nlr.gov/docs/fy23osti/86796.pdf,https://www.nlr.gov/docs/fy25osti/91951.pdf
CONNECTICUT,Windham,County,9,15,9015.0,G0900150,52,Southern New England,https://www.nlr.gov/docs/fy23osti/86796.pdf,https://www.nlr.gov/docs/fy25osti/91951.pdf
DELAWARE,Kent,County,10,1,10001.0,G1000010,39,the Washington DC to Philadelphia Area,https://www.nlr.gov/docs/fy23osti/86785.pdf,https://www.nlr.gov/docs/fy25osti/91940.pdf
DELAWARE,New Castle,County,10,3,10003.0,G1000030,39,the Washington DC to Philadelphia Area,https://www.nlr.gov/docs/fy23osti/86785.pdf,https://www.nlr.gov/docs/fy25osti/91940.pdf
DELAWARE,Sussex,County,10,5,10005.0,G1000050,39,the Washington DC to Philadelphia Area,https://www.nlr.gov/docs/fy23osti/86785.pdf,https://www.nlr.gov/docs/fy25osti/91940.pdf
DISTRICT OF COLUMBIA,District of Columbia,0,11,1,0,G1100010,39,the Washington DC to Philadelphia Area,https://www.nlr.gov/docs/fy23osti/86785.pdf,https://www.nlr.gov/docs/fy25osti/91940.pdf
FLORIDA,Alachua,County,12,1,12001.0,G1200010,55,Florida,https://www.nlr.gov/docs/fy23osti/86799.pdf,https://www.nlr.gov/docs/fy25osti/91954.pdf
FLORIDA,Baker,County,12,3,12003.0,G1200030,55,Florida,https://www.nlr.gov/docs/fy23osti/86799.pdf,https://www.nlr.gov/docs/fy25osti/91954.pdf
FLORIDA,Bay,County,12,5,12005.0,G1200050,74,the Central Gulf Coast Area,https://www.nlr.gov/docs/fy23osti/86817.pdf,https://www.nlr.gov/docs/fy25osti/91971.pdf
FLORIDA,Bradford,County,12,7,12007.0,G1200070,84,Rural Climate Zone 2A - Georgia and Florida,https://www.nlr.gov/docs/fy23osti/86827.pdf,https://www.nlr.gov/docs/fy25osti/91981.pdf
FLORIDA,Brevard,County,12,9,12009.0,G1200090,55,Florida,https://www.nlr.gov/docs/fy23osti/86799.pdf,https://www.nlr.gov/docs/fy25osti/91954.pdf
FLORIDA,Broward,County,12,11,12011.0,G1200110,55,Florida,https://www.nlr.gov/docs/fy23osti/86799.pdf,https://www.nlr.gov/docs/fy25osti/91954.pdf
FLORIDA,Calhoun,County,12,13,12013.0,G1200130,84,Rural Climate Zone 2A - Georgia and Florida,https://www.nlr.gov/docs/fy23osti/86827.pdf,https://www.nlr.gov/docs/fy25osti/91981.pdf
FLORIDA,Charlotte,County,12,15,12015.0,G1200150,55,Florida,https://www.nlr.gov/docs/fy23osti/86799.pdf,https://www.nlr.gov/docs/fy25osti/91954.pdf
FLORIDA,Citrus,County,12,17,12017.0,G1200170,55,Florida,https://www.nlr.gov/docs/fy23osti/86799.pdf,https://www.nlr.gov/docs/fy25osti/91954.pdf
FLORIDA,Clay,County,12,19,12019.0,G1200190,55,Florida,https://www.nlr.gov/docs/fy23osti/86799.pdf,https://www.nlr.gov/docs/fy25osti/91954.pdf
FLORIDA,Collier,County,12,21,12021.0,G1200210,55,Florida,https://www.nlr.gov/docs/fy23osti/86799.pdf,https://www.nlr.gov/docs/fy25osti/91954.pdf
FLORIDA,Columbia,County,12,23,12023.0,G1200230,84,Rural Climate Zone 2A - Georgia and Florida,https://www.nlr.gov/docs/fy23osti/86827.pdf,https://www.nlr.gov/docs/fy25osti/91981.pdf
FLORIDA,DeSoto,County,12,27,12027.0,G1200270,84,Rural Climate Zone 2A - Georgia and Florida,https://www.nlr.gov/docs/fy23osti/86827.pdf,https://www.nlr.gov/docs/fy25osti/91981.pdf
FLORIDA,Dixie,County,12,29,12029.0,G1200290,84,Rural Climate Zone 2A - Georgia and Florida,https://www.nlr.gov/docs/fy23osti/86827.pdf,https://www.nlr.gov/docs/fy25osti/91981.pdf
FLORIDA,Duval,County,12,31,12031.0,G1200310,55,Florida,https://www.nlr.gov/docs/fy23osti/86799.pdf,https://www.nlr.gov/docs/fy25osti/91954.pdf
FLORIDA,Escambia,County,12,33,12033.0,G1200330,74,the Central Gulf Coast Area,https://www.nlr.gov/docs/fy23osti/86817.pdf,https://www.nlr.gov/docs/fy25osti/91971.pdf
FLORIDA,Flagler,County,12,35,12035.0,G1200350,55,Florida,https://www.nlr.gov/docs/fy23osti/86799.pdf,https://www.nlr.gov/docs/fy25osti/91954.pdf
FLORIDA,Franklin,County,12,37,12037.0,G1200370,84,Rural Climate Zone 2A - Georgia and Florida,https://www.nlr.gov/docs/fy23osti/86827.pdf,https://www.nlr.gov/docs/fy25osti/91981.pdf
FLORIDA,Gadsden,County,12,39,12039.0,G1200390,46,the Tallahassee-Valdosta Area,https://www.nlr.gov/docs/fy23osti/86790.pdf,https://www.nlr.gov/docs/fy25osti/91945.pdf
FLORIDA,Gilchrist,County,12,41,12041.0,G1200410,55,Florida,https://www.nlr.gov/docs/fy23osti/86799.pdf,https://www.nlr.gov/docs/fy25osti/91954.pdf
FLORIDA,Glades,County,12,43,12043.0,G1200430,84,Rural Climate Zone 2A - Georgia and Florida,https://www.nlr.gov/docs/fy23osti/86827.pdf,https://www.nlr.gov/docs/fy25osti/91981.pdf
FLORIDA,Gulf,County,12,45,12045.0,G1200450,84,Rural Climate Zone 2A - Georgia and Florida,https://www.nlr.gov/docs/fy23osti/86827.pdf,https://www.nlr.gov/docs/fy25osti/91981.pdf
FLORIDA,Hamilton,County,12,47,12047.0,G1200470,84,Rural Climate Zone 2A - Georgia and Florida,https://www.nlr.gov/docs/fy23osti/86827.pdf,https://www.nlr.gov/docs/fy25osti/91981.pdf
FLORIDA,Hardee,County,12,49,12049.0,G1200490,84,Rural Climate Zone 2A - Georgia and Florida,https://www.nlr.gov/docs/fy23osti/86827.pdf,https://www.nlr.gov/docs/fy25osti/91981.pdf
FLORIDA,Hendry,County,12,51,12051.0,G1200510,84,Rural Climate Zone 2A - Georgia and Florida,https://www.nlr.gov/docs/fy23osti/86827.pdf,https://www.nlr.gov/docs/fy25osti/91981.pdf
FLORIDA,Hernando,County,12,53,12053.0,G1200530,55,Florida,https://www.nlr.gov/docs/fy23osti/86799.pdf,https://www.nlr.gov/docs/fy25osti/91954.pdf
FLORIDA,Highlands,County,12,55,12055.0,G1200550,55,Florida,https://www.nlr.gov/docs/fy23osti/86799.pdf,https://www.nlr.gov/docs/fy25osti/91954.pdf
FLORIDA,Hillsborough,County,12,57,12057.0,G1200570,55,Florida,https://www.nlr.gov/docs/fy23osti/86799.pdf,https://www.nlr.gov/docs/fy25osti/91954.pdf
FLORIDA,Holmes,County,12,59,12059.0,G1200590,84,Rural Climate Zone 2A - Georgia and Florida,https://www.nlr.gov/docs/fy23osti/86827.pdf,https://www.nlr.gov/docs/fy25osti/91981.pdf
FLORIDA,Indian River,County,12,61,12061.0,G1200610,55,Florida,https://www.nlr.gov/docs/fy23osti/86799.pdf,https://www.nlr.gov/docs/fy25osti/91954.pdf
FLORIDA,Jackson,County,12,63,12063.0,G1200630,84,Rural Climate Zone 2A - Georgia and Florida,https://www.nlr.gov/docs/fy23osti/86827.pdf,https://www.nlr.gov/docs/fy25osti/91981.pdf
FLORIDA,Jefferson,County,12,65,12065.0,G1200650,46,the Tallahassee-Valdosta Area,https://www.nlr.gov/docs/fy23osti/86790.pdf,https://www.nlr.gov/docs/fy25osti/91945.pdf
FLORIDA,Lafayette,County,12,67,12067.0,G1200670,84,Rural Climate Zone 2A - Georgia and Florida,https://www.nlr.gov/docs/fy23osti/86827.pdf,https://www.nlr.gov/docs/fy25osti/91981.pdf
FLORIDA,Lake,County,12,69,12069.0,G1200690,55,Florida,https://www.nlr.gov/docs/fy23osti/86799.pdf,https://www.nlr.gov/docs/fy25osti/91954.pdf
FLORIDA,Lee,County,12,71,12071.0,G1200710,55,Florida,https://www.nlr.gov/docs/fy23osti/86799.pdf,https://www.nlr.gov/docs/fy25osti/91954.pdf
FLORIDA,Leon,County,12,73,12073.0,G1200730,46,the Tallahassee-Valdosta Area,https://www.nlr.gov/docs/fy23osti/86790.pdf,https://www.nlr.gov/docs/fy25osti/91945.pdf
FLORIDA,Levy,County,12,75,12075.0,G1200750,55,Florida,https://www.nlr.gov/docs/fy23osti/86799.pdf,https://www.nlr.gov/docs/fy25osti/91954.pdf
FLORIDA,Liberty,County,12,77,12077.0,G1200770,84,Rural Climate Zone 2A - Georgia and Florida,https://www.nlr.gov/docs/fy23osti/86827.pdf,https://www.nlr.gov/docs/fy25osti/91981.pdf
FLORIDA,Madison,County,12,79,12079.0,G1200790,84,Rural Climate Zone 2A - Georgia and Florida,https://www.nlr.gov/docs/fy23osti/86827.pdf,https://www.nlr.gov/docs/fy25osti/91981.pdf
FLORIDA,Manatee,County,12,81,12081.0,G1200810,55,Florida,https://www.nlr.gov/docs/fy23osti/86799.pdf,https://www.nlr.gov/docs/fy25osti/91954.pdf
FLORIDA,Marion,County,12,83,12083.0,G1200830,55,Florida,https://www.nlr.gov/docs/fy23osti/86799.pdf,https://www.nlr.gov/docs/fy25osti/91954.pdf
FLORIDA,Martin,County,12,85,12085.0,G1200850,55,Florida,https://www.nlr.gov/docs/fy23osti/86799.pdf,https://www.nlr.gov/docs/fy25osti/91954.pdf
FLORIDA,Miami-Dade,County,12,86,12086.0,G1200860,55,Florida,https://www.nlr.gov/docs/fy23osti/86799.pdf,https://www.nlr.gov/docs/fy25osti/91954.pdf
FLORIDA,Monroe,County,12,87,12087.0,G1200870,55,Florida,https://www.nlr.gov/docs/fy23osti/86799.pdf,https://www.nlr.gov/docs/fy25osti/91954.pdf
FLORIDA,Nassau,County,12,89,12089.0,G1200890,55,Florida,https://www.nlr.gov/docs/fy23osti/86799.pdf,https://www.nlr.gov/docs/fy25osti/91954.pdf
FLORIDA,Okaloosa,County,12,91,12091.0,G1200910,74,the Central Gulf Coast Area,https://www.nlr.gov/docs/fy23osti/86817.pdf,https://www.nlr.gov/docs/fy25osti/91971.pdf
FLORIDA,Okeechobee,County,12,93,12093.0,G1200930,84,Rural Climate Zone 2A - Georgia and Florida,https://www.nlr.gov/docs/fy23osti/86827.pdf,https://www.nlr.gov/docs/fy25osti/91981.pdf
FLORIDA,Orange,County,12,95,12095.0,G1200950,55,Florida,https://www.nlr.gov/docs/fy23osti/86799.pdf,https://www.nlr.gov/docs/fy25osti/91954.pdf
FLORIDA,Osceola,County,12,97,12097.0,G1200970,55,Florida,https://www.nlr.gov/docs/fy23osti/86799.pdf,https://www.nlr.gov/docs/fy25osti/91954.pdf
FLORIDA,Palm Beach,County,12,99,12099.0,G1200990,55,Florida,https://www.nlr.gov/docs/fy23osti/86799.pdf,https://www.nlr.gov/docs/fy25osti/91954.pdf
FLORIDA,Pasco,County,12,101,12101.0,G1201010,55,Florida,https://www.nlr.gov/docs/fy23osti/86799.pdf,https://www.nlr.gov/docs/fy25osti/91954.pdf
FLORIDA,Pinellas,County,12,103,12103.0,G1201030,55,Florida,https://www.nlr.gov/docs/fy23osti/86799.pdf,https://www.nlr.gov/docs/fy25osti/91954.pdf
FLORIDA,Polk,County,12,105,12105.0,G1201050,55,Florida,https://www.nlr.gov/docs/fy23osti/86799.pdf,https://www.nlr.gov/docs/fy25osti/91954.pdf
FLORIDA,Putnam,County,12,107,12107.0,G1201070,84,Rural Climate Zone 2A - Georgia and Florida,https://www.nlr.gov/docs/fy23osti/86827.pdf,https://www.nlr.gov/docs/fy25osti/91981.pdf
FLORIDA,Santa Rosa,County,12,113,12113.0,G1201130,74,the Central Gulf Coast Area,https://www.nlr.gov/docs/fy23osti/86817.pdf,https://www.nlr.gov/docs/fy25osti/91971.pdf
FLORIDA,Sarasota,County,12,115,12115.0,G1201150,55,Florida,https://www.nlr.gov/docs/fy23osti/86799.pdf,https://www.nlr.gov/docs/fy25osti/91954.pdf
FLORIDA,Seminole,County,12,117,12117.0,G1201170,55,Florida,https://www.nlr.gov/docs/fy23osti/86799.pdf,https://www.nlr.gov/docs/fy25osti/91954.pdf
FLORIDA,St. Johns,County,12,109,12109.0,G1201090,55,Florida,https://www.nlr.gov/docs/fy23osti/86799.pdf,https://www.nlr.gov/docs/fy25osti/91954.pdf
FLORIDA,St. Lucie,County,12,111,12111.0,G1201110,55,Florida,https://www.nlr.gov/docs/fy23osti/86799.pdf,https://www.nlr.gov/docs/fy25osti/91954.pdf
FLORIDA,Sumter,County,12,119,12119.0,G1201190,55,Florida,https://www.nlr.gov/docs/fy23osti/86799.pdf,https://www.nlr.gov/docs/fy25osti/91954.pdf
FLORIDA,Suwannee,County,12,121,12121.0,G1201210,84,Rural Climate Zone 2A - Georgia and Florida,https://www.nlr.gov/docs/fy23osti/86827.pdf,https://www.nlr.gov/docs/fy25osti/91981.pdf
FLORIDA,Taylor,County,12,123,12123.0,G1201230,84,Rural Climate Zone 2A - Georgia and Florida,https://www.nlr.gov/docs/fy23osti/86827.pdf,https://www.nlr.gov/docs/fy25osti/91981.pdf
FLORIDA,Union,County,12,125,12125.0,G1201250,84,Rural Climate Zone 2A - Georgia and Florida,https://www.nlr.gov/docs/fy23osti/86827.pdf,https://www.nlr.gov/docs/fy25osti/91981.pdf
FLORIDA,Volusia,County,12,127,12127.0,G1201270,55,Florida,https://www.nlr.gov/docs/fy23osti/86799.pdf,https://www.nlr.gov/docs/fy25osti/91954.pdf
FLORIDA,Wakulla,County,12,129,12129.0,G1201290,46,the Tallahassee-Valdosta Area,https://www.nlr.gov/docs/fy23osti/86790.pdf,https://www.nlr.gov/docs/fy25osti/91945.pdf
FLORIDA,Walton,County,12,131,12131.0,G1201310,74,the Central Gulf Coast Area,https://www.nlr.gov/docs/fy23osti/86817.pdf,https://www.nlr.gov/docs/fy25osti/91971.pdf
FLORIDA,Washington,County,12,133,12133.0,G1201330,84,Rural Climate Zone 2A - Georgia and Florida,https://www.nlr.gov/docs/fy23osti/86827.pdf,https://www.nlr.gov/docs/fy25osti/91981.pdf
GEORGIA,Appling,County,13,1,13001.0,G1300010,84,Rural Climate Zone 2A - Georgia and Florida,https://www.nlr.gov/docs/fy23osti/86827.pdf,https://www.nlr.gov/docs/fy25osti/91981.pdf
GEORGIA,Atkinson,County,13,3,13003.0,G1300030,84,Rural Climate Zone 2A - Georgia and Florida,https://www.nlr.gov/docs/fy23osti/86827.pdf,https://www.nlr.gov/docs/fy25osti/91981.pdf
GEORGIA,Bacon,County,13,5,13005.0,G1300050,84,Rural Climate Zone 2A - Georgia and Florida,https://www.nlr.gov/docs/fy23osti/86827.pdf,https://www.nlr.gov/docs/fy25osti/91981.pdf
GEORGIA,Baker,County,13,7,13007.0,G1300070,84,Rural Climate Zone 2A - Georgia and Florida,https://www.nlr.gov/docs/fy23osti/86827.pdf,https://www.nlr.gov/docs/fy25osti/91981.pdf
GEORGIA,Baldwin,County,13,9,13009.0,G1300090,85,Rural Climate Zone 3A,https://www.nlr.gov/docs/fy23osti/86828.pdf,https://www.nlr.gov/docs/fy25osti/91982.pdf
GEORGIA,Banks,County,13,11,13011.0,G1300110,33,Rural Lower Plains-Upper South Appalachia,https://www.nlr.gov/docs/fy23osti/86779.pdf,https://www.nlr.gov/docs/fy25osti/91934.pdf
GEORGIA,Barrow,County,13,13,13013.0,G1300130,50,the Greater Atlanta and Macon Area,https://www.nlr.gov/docs/fy23osti/86794.pdf,https://www.nlr.gov/docs/fy25osti/91949.pdf
GEORGIA,Bartow,County,13,15,13015.0,G1300150,50,the Greater Atlanta and Macon Area,https://www.nlr.gov/docs/fy23osti/86794.pdf,https://www.nlr.gov/docs/fy25osti/91949.pdf
GEORGIA,Ben Hill,County,13,17,13017.0,G1300170,85,Rural Climate Zone 3A,https://www.nlr.gov/docs/fy23osti/86828.pdf,https://www.nlr.gov/docs/fy25osti/91982.pdf
GEORGIA,Berrien,County,13,19,13019.0,G1300190,84,Rural Climate Zone 2A - Georgia and Florida,https://www.nlr.gov/docs/fy23osti/86827.pdf,https://www.nlr.gov/docs/fy25osti/91981.pdf
GEORGIA,Bibb,County,13,21,13021.0,G1300210,50,the Greater Atlanta and Macon Area,https://www.nlr.gov/docs/fy23osti/86794.pdf,https://www.nlr.gov/docs/fy25osti/91949.pdf
GEORGIA,Bleckley,County,13,23,13023.0,G1300230,85,Rural Climate Zone 3A,https://www.nlr.gov/docs/fy23osti/86828.pdf,https://www.nlr.gov/docs/fy25osti/91982.pdf
GEORGIA,Brantley,County,13,25,13025.0,G1300250,35,Eastern Counties in South Carolina and Georgia,https://www.nlr.gov/docs/fy23osti/86781.pdf,https://www.nlr.gov/docs/fy25osti/91936.pdf
GEORGIA,Brooks,County,13,27,13027.0,G1300270,46,the Tallahassee-Valdosta Area,https://www.nlr.gov/docs/fy23osti/86790.pdf,https://www.nlr.gov/docs/fy25osti/91945.pdf
GEORGIA,Bryan,County,13,29,13029.0,G1300290,35,Eastern Counties in South Carolina and Georgia,https://www.nlr.gov/docs/fy23osti/86781.pdf,https://www.nlr.gov/docs/fy25osti/91936.pdf
GEORGIA,Bulloch,County,13,31,13031.0,G1300310,85,Rural Climate Zone 3A,https://www.nlr.gov/docs/fy23osti/86828.pdf,https://www.nlr.gov/docs/fy25osti/91982.pdf
GEORGIA,Burke,County,13,33,13033.0,G1300330,35,Eastern Counties in South Carolina and Georgia,https://www.nlr.gov/docs/fy23osti/86781.pdf,https://www.nlr.gov/docs/fy25osti/91936.pdf
GEORGIA,Butts,County,13,35,13035.0,G1300350,50,the Greater Atlanta and Macon Area,https://www.nlr.gov/docs/fy23osti/86794.pdf,https://www.nlr.gov/docs/fy25osti/91949.pdf
GEORGIA,Calhoun,County,13,37,13037.0,G1300370,85,Rural Climate Zone 3A,https://www.nlr.gov/docs/fy23osti/86828.pdf,https://www.nlr.gov/docs/fy25osti/91982.pdf
GEORGIA,Camden,County,13,39,13039.0,G1300390,84,Rural Climate Zone 2A - Georgia and Florida,https://www.nlr.gov/docs/fy23osti/86827.pdf,https://www.nlr.gov/docs/fy25osti/91981.pdf
GEORGIA,Candler,County,13,43,13043.0,G1300430,85,Rural Climate Zone 3A,https://www.nlr.gov/docs/fy23osti/86828.pdf,https://www.nlr.gov/docs/fy25osti/91982.pdf
GEORGIA,Carroll,County,13,45,13045.0,G1300450,50,the Greater Atlanta and Macon Area,https://www.nlr.gov/docs/fy23osti/86794.pdf,https://www.nlr.gov/docs/fy25osti/91949.pdf
GEORGIA,Catoosa,County,13,47,13047.0,G1300470,18,"the Knoxville-Chattanooga-Asheville and Greenville, SC Area",https://www.nlr.gov/docs/fy23osti/86764.pdf,https://www.nlr.gov/docs/fy25osti/91919.pdf
GEORGIA,Charlton,County,13,49,13049.0,G1300490,84,Rural Climate Zone 2A - Georgia and Florida,https://www.nlr.gov/docs/fy23osti/86827.pdf,https://www.nlr.gov/docs/fy25osti/91981.pdf
GEORGIA,Chatham,County,13,51,13051.0,G1300510,35,Eastern Counties in South Carolina and Georgia,https://www.nlr.gov/docs/fy23osti/86781.pdf,https://www.nlr.gov/docs/fy25osti/91936.pdf
GEORGIA,Chattahoochee,County,13,53,13053.0,G1300530,81,the Columbus-Albany Area,https://www.nlr.gov/docs/fy23osti/86824.pdf,https://www.nlr.gov/docs/fy25osti/91978.pdf
GEORGIA,Chattooga,County,13,55,13055.0,G1300550,85,Rural Climate Zone 3A,https://www.nlr.gov/docs/fy23osti/86828.pdf,https://www.nlr.gov/docs/fy25osti/91982.pdf
GEORGIA,Cherokee,County,13,57,13057.0,G1300570,50,the Greater Atlanta and Macon Area,https://www.nlr.gov/docs/fy23osti/86794.pdf,https://www.nlr.gov/docs/fy25osti/91949.pdf
GEORGIA,Clarke,County,13,59,13059.0,G1300590,50,the Greater Atlanta and Macon Area,https://www.nlr.gov/docs/fy23osti/86794.pdf,https://www.nlr.gov/docs/fy25osti/91949.pdf
GEORGIA,Clay,County,13,61,13061.0,G1300610,85,Rural Climate Zone 3A,https://www.nlr.gov/docs/fy23osti/86828.pdf,https://www.nlr.gov/docs/fy25osti/91982.pdf
GEORGIA,Clayton,County,13,63,13063.0,G1300630,50,the Greater Atlanta and Macon Area,https://www.nlr.gov/docs/fy23osti/86794.pdf,https://www.nlr.gov/docs/fy25osti/91949.pdf
GEORGIA,Clinch,County,13,65,13065.0,G1300650,84,Rural Climate Zone 2A - Georgia and Florida,https://www.nlr.gov/docs/fy23osti/86827.pdf,https://www.nlr.gov/docs/fy25osti/91981.pdf
GEORGIA,Cobb,County,13,67,13067.0,G1300670,50,the Greater Atlanta and Macon Area,https://www.nlr.gov/docs/fy23osti/86794.pdf,https://www.nlr.gov/docs/fy25osti/91949.pdf
GEORGIA,Coffee,County,13,69,13069.0,G1300690,85,Rural Climate Zone 3A,https://www.nlr.gov/docs/fy23osti/86828.pdf,https://www.nlr.gov/docs/fy25osti/91982.pdf
GEORGIA,Colquitt,County,13,71,13071.0,G1300710,84,Rural Climate Zone 2A - Georgia and Florida,https://www.nlr.gov/docs/fy23osti/86827.pdf,https://www.nlr.gov/docs/fy25osti/91981.pdf
GEORGIA,Columbia,County,13,73,13073.0,G1300730,35,Eastern Counties in South Carolina and Georgia,https://www.nlr.gov/docs/fy23osti/86781.pdf,https://www.nlr.gov/docs/fy25osti/91936.pdf
GEORGIA,Cook,County,13,75,13075.0,G1300750,84,Rural Climate Zone 2A - Georgia and Florida,https://www.nlr.gov/docs/fy23osti/86827.pdf,https://www.nlr.gov/docs/fy25osti/91981.pdf
GEORGIA,Coweta,County,13,77,13077.0,G1300770,50,the Greater Atlanta and Macon Area,https://www.nlr.gov/docs/fy23osti/86794.pdf,https://www.nlr.gov/docs/fy25osti/91949.pdf
GEORGIA,Crawford,County,13,79,13079.0,G1300790,50,the Greater Atlanta and Macon Area,https://www.nlr.gov/docs/fy23osti/86794.pdf,https://www.nlr.gov/docs/fy25osti/91949.pdf
GEORGIA,Crisp,County,13,81,13081.0,G1300810,85,Rural Climate Zone 3A,https://www.nlr.gov/docs/fy23osti/86828.pdf,https://www.nlr.gov/docs/fy25osti/91982.pdf
GEORGIA,Dade,County,13,83,13083.0,G1300830,18,"the Knoxville-Chattanooga-Asheville and Greenville, SC Area",https://www.nlr.gov/docs/fy23osti/86764.pdf,https://www.nlr.gov/docs/fy25osti/91919.pdf
GEORGIA,Dawson,County,13,85,13085.0,G1300850,50,the Greater Atlanta and Macon Area,https://www.nlr.gov/docs/fy23osti/86794.pdf,https://www.nlr.gov/docs/fy25osti/91949.pdf
GEORGIA,DeKalb,County,13,89,13089.0,G1300890,50,the Greater Atlanta and Macon Area,https://www.nlr.gov/docs/fy23osti/86794.pdf,https://www.nlr.gov/docs/fy25osti/91949.pdf
GEORGIA,Decatur,County,13,87,13087.0,G1300870,84,Rural Climate Zone 2A - Georgia and Florida,https://www.nlr.gov/docs/fy23osti/86827.pdf,https://www.nlr.gov/docs/fy25osti/91981.pdf
GEORGIA,Dodge,County,13,91,13091.0,G1300910,85,Rural Climate Zone 3A,https://www.nlr.gov/docs/fy23osti/86828.pdf,https://www.nlr.gov/docs/fy25osti/91982.pdf
GEORGIA,Dooly,County,13,93,13093.0,G1300930,85,Rural Climate Zone 3A,https://www.nlr.gov/docs/fy23osti/86828.pdf,https://www.nlr.gov/docs/fy25osti/91982.pdf
GEORGIA,Dougherty,County,13,95,13095.0,G1300950,81,the Columbus-Albany Area,https://www.nlr.gov/docs/fy23osti/86824.pdf,https://www.nlr.gov/docs/fy25osti/91978.pdf
GEORGIA,Douglas,County,13,97,13097.0,G1300970,50,the Greater Atlanta and Macon Area,https://www.nlr.gov/docs/fy23osti/86794.pdf,https://www.nlr.gov/docs/fy25osti/91949.pdf
GEORGIA,Early,County,13,99,13099.0,G1300990,85,Rural Climate Zone 3A,https://www.nlr.gov/docs/fy23osti/86828.pdf,https://www.nlr.gov/docs/fy25osti/91982.pdf
GEORGIA,Echols,County,13,101,13101.0,G1301010,46,the Tallahassee-Valdosta Area,https://www.nlr.gov/docs/fy23osti/86790.pdf,https://www.nlr.gov/docs/fy25osti/91945.pdf
GEORGIA,Effingham,County,13,103,13103.0,G1301030,35,Eastern Counties in South Carolina and Georgia,https://www.nlr.gov/docs/fy23osti/86781.pdf,https://www.nlr.gov/docs/fy25osti/91936.pdf
GEORGIA,Elbert,County,13,105,13105.0,G1301050,85,Rural Climate Zone 3A,https://www.nlr.gov/docs/fy23osti/86828.pdf,https://www.nlr.gov/docs/fy25osti/91982.pdf
GEORGIA,Emanuel,County,13,107,13107.0,G1301070,85,Rural Climate Zone 3A,https://www.nlr.gov/docs/fy23osti/86828.pdf,https://www.nlr.gov/docs/fy25osti/91982.pdf
GEORGIA,Evans,County,13,109,13109.0,G1301090,84,Rural Climate Zone 2A - Georgia and Florida,https://www.nlr.gov/docs/fy23osti/86827.pdf,https://www.nlr.gov/docs/fy25osti/91981.pdf
GEORGIA,Fannin,County,13,111,13111.0,G1301110,33,Rural Lower Plains-Upper South Appalachia,https://www.nlr.gov/docs/fy23osti/86779.pdf,https://www.nlr.gov/docs/fy25osti/91934.pdf
GEORGIA,Fayette,County,13,113,13113.0,G1301130,50,the Greater Atlanta and Macon Area,https://www.nlr.gov/docs/fy23osti/86794.pdf,https://www.nlr.gov/docs/fy25osti/91949.pdf
GEORGIA,Floyd,County,13,115,13115.0,G1301150,18,"the Knoxville-Chattanooga-Asheville and Greenville, SC Area",https://www.nlr.gov/docs/fy23osti/86764.pdf,https://www.nlr.gov/docs/fy25osti/91919.pdf
GEORGIA,Forsyth,County,13,117,13117.0,G1301170,50,the Greater Atlanta and Macon Area,https://www.nlr.gov/docs/fy23osti/86794.pdf,https://www.nlr.gov/docs/fy25osti/91949.pdf
GEORGIA,Franklin,County,13,119,13119.0,G1301190,33,Rural Lower Plains-Upper South Appalachia,https://www.nlr.gov/docs/fy23osti/86779.pdf,https://www.nlr.gov/docs/fy25osti/91934.pdf
GEORGIA,Fulton,County,13,121,13121.0,G1301210,50,the Greater Atlanta and Macon Area,https://www.nlr.gov/docs/fy23osti/86794.pdf,https://www.nlr.gov/docs/fy25osti/91949.pdf
GEORGIA,Gilmer,County,13,123,13123.0,G1301230,33,Rural Lower Plains-Upper South Appalachia,https://www.nlr.gov/docs/fy23osti/86779.pdf,https://www.nlr.gov/docs/fy25osti/91934.pdf
GEORGIA,Glascock,County,13,125,13125.0,G1301250,85,Rural Climate Zone 3A,https://www.nlr.gov/docs/fy23osti/86828.pdf,https://www.nlr.gov/docs/fy25osti/91982.pdf
GEORGIA,Glynn,County,13,127,13127.0,G1301270,35,Eastern Counties in South Carolina and Georgia,https://www.nlr.gov/docs/fy23osti/86781.pdf,https://www.nlr.gov/docs/fy25osti/91936.pdf
GEORGIA,Gordon,County,13,129,13129.0,G1301290,33,Rural Lower Plains-Upper South Appalachia,https://www.nlr.gov/docs/fy23osti/86779.pdf,https://www.nlr.gov/docs/fy25osti/91934.pdf
GEORGIA,Grady,County,13,131,13131.0,G1301310,84,Rural Climate Zone 2A - Georgia and Florida,https://www.nlr.gov/docs/fy23osti/86827.pdf,https://www.nlr.gov/docs/fy25osti/91981.pdf
GEORGIA,Greene,County,13,133,13133.0,G1301330,85,Rural Climate Zone 3A,https://www.nlr.gov/docs/fy23osti/86828.pdf,https://www.nlr.gov/docs/fy25osti/91982.pdf
GEORGIA,Gwinnett,County,13,135,13135.0,G1301350,50,the Greater Atlanta and Macon Area,https://www.nlr.gov/docs/fy23osti/86794.pdf,https://www.nlr.gov/docs/fy25osti/91949.pdf
GEORGIA,Habersham,County,13,137,13137.0,G1301370,33,Rural Lower Plains-Upper South Appalachia,https://www.nlr.gov/docs/fy23osti/86779.pdf,https://www.nlr.gov/docs/fy25osti/91934.pdf
GEORGIA,Hall,County,13,139,13139.0,G1301390,50,the Greater Atlanta and Macon Area,https://www.nlr.gov/docs/fy23osti/86794.pdf,https://www.nlr.gov/docs/fy25osti/91949.pdf
GEORGIA,Hancock,County,13,141,13141.0,G1301410,85,Rural Climate Zone 3A,https://www.nlr.gov/docs/fy23osti/86828.pdf,https://www.nlr.gov/docs/fy25osti/91982.pdf
GEORGIA,Haralson,County,13,143,13143.0,G1301430,50,the Greater Atlanta and Macon Area,https://www.nlr.gov/docs/fy23osti/86794.pdf,https://www.nlr.gov/docs/fy25osti/91949.pdf
GEORGIA,Harris,County,13,145,13145.0,G1301450,81,the Columbus-Albany Area,https://www.nlr.gov/docs/fy23osti/86824.pdf,https://www.nlr.gov/docs/fy25osti/91978.pdf
GEORGIA,Hart,County,13,147,13147.0,G1301470,85,Rural Climate Zone 3A,https://www.nlr.gov/docs/fy23osti/86828.pdf,https://www.nlr.gov/docs/fy25osti/91982.pdf
GEORGIA,Heard,County,13,149,13149.0,G1301490,50,the Greater Atlanta and Macon Area,https://www.nlr.gov/docs/fy23osti/86794.pdf,https://www.nlr.gov/docs/fy25osti/91949.pdf
GEORGIA,Henry,County,13,151,13151.0,G1301510,50,the Greater Atlanta and Macon Area,https://www.nlr.gov/docs/fy23osti/86794.pdf,https://www.nlr.gov/docs/fy25osti/91949.pdf
GEORGIA,Houston,County,13,153,13153.0,G1301530,50,the Greater Atlanta and Macon Area,https://www.nlr.gov/docs/fy23osti/86794.pdf,https://www.nlr.gov/docs/fy25osti/91949.pdf
GEORGIA,Irwin,County,13,155,13155.0,G1301550,85,Rural Climate Zone 3A,https://www.nlr.gov/docs/fy23osti/86828.pdf,https://www.nlr.gov/docs/fy25osti/91982.pdf
GEORGIA,Jackson,County,13,157,13157.0,G1301570,33,Rural Lower Plains-Upper South Appalachia,https://www.nlr.gov/docs/fy23osti/86779.pdf,https://www.nlr.gov/docs/fy25osti/91934.pdf
GEORGIA,Jasper,County,13,159,13159.0,G1301590,50,the Greater Atlanta and Macon Area,https://www.nlr.gov/docs/fy23osti/86794.pdf,https://www.nlr.gov/docs/fy25osti/91949.pdf
GEORGIA,Jeff Davis,County,13,161,13161.0,G1301610,84,Rural Climate Zone 2A - Georgia and Florida,https://www.nlr.gov/docs/fy23osti/86827.pdf,https://www.nlr.gov/docs/fy25osti/91981.pdf
GEORGIA,Jefferson,County,13,163,13163.0,G1301630,85,Rural Climate Zone 3A,https://www.nlr.gov/docs/fy23osti/86828.pdf,https://www.nlr.gov/docs/fy25osti/91982.pdf
GEORGIA,Jenkins,County,13,165,13165.0,G1301650,85,Rural Climate Zone 3A,https://www.nlr.gov/docs/fy23osti/86828.pdf,https://www.nlr.gov/docs/fy25osti/91982.pdf
GEORGIA,Johnson,County,13,167,13167.0,G1301670,85,Rural Climate Zone 3A,https://www.nlr.gov/docs/fy23osti/86828.pdf,https://www.nlr.gov/docs/fy25osti/91982.pdf
GEORGIA,Jones,County,13,169,13169.0,G1301690,50,the Greater Atlanta and Macon Area,https://www.nlr.gov/docs/fy23osti/86794.pdf,https://www.nlr.gov/docs/fy25osti/91949.pdf
GEORGIA,Lamar,County,13,171,13171.0,G1301710,50,the Greater Atlanta and Macon Area,https://www.nlr.gov/docs/fy23osti/86794.pdf,https://www.nlr.gov/docs/fy25osti/91949.pdf
GEORGIA,Lanier,County,13,173,13173.0,G1301730,46,the Tallahassee-Valdosta Area,https://www.nlr.gov/docs/fy23osti/86790.pdf,https://www.nlr.gov/docs/fy25osti/91945.pdf
GEORGIA,Laurens,County,13,175,13175.0,G1301750,85,Rural Climate Zone 3A,https://www.nlr.gov/docs/fy23osti/86828.pdf,https://www.nlr.gov/docs/fy25osti/91982.pdf
GEORGIA,Lee,County,13,177,13177.0,G1301770,81,the Columbus-Albany Area,https://www.nlr.gov/docs/fy23osti/86824.pdf,https://www.nlr.gov/docs/fy25osti/91978.pdf
GEORGIA,Liberty,County,13,179,13179.0,G1301790,35,Eastern Counties in South Carolina and Georgia,https://www.nlr.gov/docs/fy23osti/86781.pdf,https://www.nlr.gov/docs/fy25osti/91936.pdf
GEORGIA,Lincoln,County,13,181,13181.0,G1301810,35,Eastern Counties in South Carolina and Georgia,https://www.nlr.gov/docs/fy23osti/86781.pdf,https://www.nlr.gov/docs/fy25osti/91936.pdf
GEORGIA,Long,County,13,183,13183.0,G1301830,35,Eastern Counties in South Carolina and Georgia,https://www.nlr.gov/docs/fy23osti/86781.pdf,https://www.nlr.gov/docs/fy25osti/91936.pdf
GEORGIA,Lowndes,County,13,185,13185.0,G1301850,46,the Tallahassee-Valdosta Area,https://www.nlr.gov/docs/fy23osti/86790.pdf,https://www.nlr.gov/docs/fy25osti/91945.pdf
GEORGIA,Lumpkin,County,13,187,13187.0,G1301870,33,Rural Lower Plains-Upper South Appalachia,https://www.nlr.gov/docs/fy23osti/86779.pdf,https://www.nlr.gov/docs/fy25osti/91934.pdf
GEORGIA,Macon,County,13,193,13193.0,G1301930,85,Rural Climate Zone 3A,https://www.nlr.gov/docs/fy23osti/86828.pdf,https://www.nlr.gov/docs/fy25osti/91982.pdf
GEORGIA,Madison,County,13,195,13195.0,G1301950,50,the Greater Atlanta and Macon Area,https://www.nlr.gov/docs/fy23osti/86794.pdf,https://www.nlr.gov/docs/fy25osti/91949.pdf
GEORGIA,Marion,County,13,197,13197.0,G1301970,81,the Columbus-Albany Area,https://www.nlr.gov/docs/fy23osti/86824.pdf,https://www.nlr.gov/docs/fy25osti/91978.pdf
GEORGIA,McDuffie,County,13,189,13189.0,G1301890,35,Eastern Counties in South Carolina and Georgia,https://www.nlr.gov/docs/fy23osti/86781.pdf,https://www.nlr.gov/docs/fy25osti/91936.pdf
GEORGIA,McIntosh,County,13,191,13191.0,G1301910,35,Eastern Counties in South Carolina and Georgia,https://www.nlr.gov/docs/fy23osti/86781.pdf,https://www.nlr.gov/docs/fy25osti/91936.pdf
GEORGIA,Meriwether,County,13,199,13199.0,G1301990,50,the Greater Atlanta and Macon Area,https://www.nlr.gov/docs/fy23osti/86794.pdf,https://www.nlr.gov/docs/fy25osti/91949.pdf
GEORGIA,Miller,County,13,201,13201.0,G1302010,84,Rural Climate Zone 2A - Georgia and Florida,https://www.nlr.gov/docs/fy23osti/86827.pdf,https://www.nlr.gov/docs/fy25osti/91981.pdf
GEORGIA,Mitchell,County,13,205,13205.0,G1302050,84,Rural Climate Zone 2A - Georgia and Florida,https://www.nlr.gov/docs/fy23osti/86827.pdf,https://www.nlr.gov/docs/fy25osti/91981.pdf
GEORGIA,Monroe,County,13,207,13207.0,G1302070,50,the Greater Atlanta and Macon Area,https://www.nlr.gov/docs/fy23osti/86794.pdf,https://www.nlr.gov/docs/fy25osti/91949.pdf
GEORGIA,Montgomery,County,13,209,13209.0,G1302090,85,Rural Climate Zone 3A,https://www.nlr.gov/docs/fy23osti/86828.pdf,https://www.nlr.gov/docs/fy25osti/91982.pdf
GEORGIA,Morgan,County,13,211,13211.0,G1302110,50,the Greater Atlanta and Macon Area,https://www.nlr.gov/docs/fy23osti/86794.pdf,https://www.nlr.gov/docs/fy25osti/91949.pdf
GEORGIA,Murray,County,13,213,13213.0,G1302130,18,"the Knoxville-Chattanooga-Asheville and Greenville, SC Area",https://www.nlr.gov/docs/fy23osti/86764.pdf,https://www.nlr.gov/docs/fy25osti/91919.pdf
GEORGIA,Muscogee,County,13,215,13215.0,G1302150,81,the Columbus-Albany Area,https://www.nlr.gov/docs/fy23osti/86824.pdf,https://www.nlr.gov/docs/fy25osti/91978.pdf
GEORGIA,Newton,County,13,217,13217.0,G1302170,50,the Greater Atlanta and Macon Area,https://www.nlr.gov/docs/fy23osti/86794.pdf,https://www.nlr.gov/docs/fy25osti/91949.pdf
GEORGIA,Oconee,County,13,219,13219.0,G1302190,50,the Greater Atlanta and Macon Area,https://www.nlr.gov/docs/fy23osti/86794.pdf,https://www.nlr.gov/docs/fy25osti/91949.pdf
GEORGIA,Oglethorpe,County,13,221,13221.0,G1302210,50,the Greater Atlanta and Macon Area,https://www.nlr.gov/docs/fy23osti/86794.pdf,https://www.nlr.gov/docs/fy25osti/91949.pdf
GEORGIA,Paulding,County,13,223,13223.0,G1302230,50,the Greater Atlanta and Macon Area,https://www.nlr.gov/docs/fy23osti/86794.pdf,https://www.nlr.gov/docs/fy25osti/91949.pdf
GEORGIA,Peach,County,13,225,13225.0,G1302250,50,the Greater Atlanta and Macon Area,https://www.nlr.gov/docs/fy23osti/86794.pdf,https://www.nlr.gov/docs/fy25osti/91949.pdf
GEORGIA,Pickens,County,13,227,13227.0,G1302270,50,the Greater Atlanta and Macon Area,https://www.nlr.gov/docs/fy23osti/86794.pdf,https://www.nlr.gov/docs/fy25osti/91949.pdf
GEORGIA,Pierce,County,13,229,13229.0,G1302290,84,Rural Climate Zone 2A - Georgia and Florida,https://www.nlr.gov/docs/fy23osti/86827.pdf,https://www.nlr.gov/docs/fy25osti/91981.pdf
GEORGIA,Pike,County,13,231,13231.0,G1302310,50,the Greater Atlanta and Macon Area,https://www.nlr.gov/docs/fy23osti/86794.pdf,https://www.nlr.gov/docs/fy25osti/91949.pdf
GEORGIA,Polk,County,13,233,13233.0,G1302330,85,Rural Climate Zone 3A,https://www.nlr.gov/docs/fy23osti/86828.pdf,https://www.nlr.gov/docs/fy25osti/91982.pdf
GEORGIA,Pulaski,County,13,235,13235.0,G1302350,85,Rural Climate Zone 3A,https://www.nlr.gov/docs/fy23osti/86828.pdf,https://www.nlr.gov/docs/fy25osti/91982.pdf
GEORGIA,Putnam,County,13,237,13237.0,G1302370,85,Rural Climate Zone 3A,https://www.nlr.gov/docs/fy23osti/86828.pdf,https://www.nlr.gov/docs/fy25osti/91982.pdf
GEORGIA,Quitman,County,13,239,13239.0,G1302390,85,Rural Climate Zone 3A,https://www.nlr.gov/docs/fy23osti/86828.pdf,https://www.nlr.gov/docs/fy25osti/91982.pdf
GEORGIA,Rabun,County,13,241,13241.0,G1302410,33,Rural Lower Plains-Upper South Appalachia,https://www.nlr.gov/docs/fy23osti/86779.pdf,https://www.nlr.gov/docs/fy25osti/91934.pdf
GEORGIA,Randolph,County,13,243,13243.0,G1302430,85,Rural Climate Zone 3A,https://www.nlr.gov/docs/fy23osti/86828.pdf,https://www.nlr.gov/docs/fy25osti/91982.pdf
GEORGIA,Richmond,County,13,245,13245.0,G1302450,35,Eastern Counties in South Carolina and Georgia,https://www.nlr.gov/docs/fy23osti/86781.pdf,https://www.nlr.gov/docs/fy25osti/91936.pdf
GEORGIA,Rockdale,County,13,247,13247.0,G1302470,50,the Greater Atlanta and Macon Area,https://www.nlr.gov/docs/fy23osti/86794.pdf,https://www.nlr.gov/docs/fy25osti/91949.pdf
GEORGIA,Schley,County,13,249,13249.0,G1302490,85,Rural Climate Zone 3A,https://www.nlr.gov/docs/fy23osti/86828.pdf,https://www.nlr.gov/docs/fy25osti/91982.pdf
GEORGIA,Screven,County,13,251,13251.0,G1302510,85,Rural Climate Zone 3A,https://www.nlr.gov/docs/fy23osti/86828.pdf,https://www.nlr.gov/docs/fy25osti/91982.pdf
GEORGIA,Seminole,County,13,253,13253.0,G1302530,84,Rural Climate Zone 2A - Georgia and Florida,https://www.nlr.gov/docs/fy23osti/86827.pdf,https://www.nlr.gov/docs/fy25osti/91981.pdf
GEORGIA,Spalding,County,13,255,13255.0,G1302550,50,the Greater Atlanta and Macon Area,https://www.nlr.gov/docs/fy23osti/86794.pdf,https://www.nlr.gov/docs/fy25osti/91949.pdf
GEORGIA,Stephens,County,13,257,13257.0,G1302570,33,Rural Lower Plains-Upper South Appalachia,https://www.nlr.gov/docs/fy23osti/86779.pdf,https://www.nlr.gov/docs/fy25osti/91934.pdf
GEORGIA,Stewart,County,13,259,13259.0,G1302590,81,the Columbus-Albany Area,https://www.nlr.gov/docs/fy23osti/86824.pdf,https://www.nlr.gov/docs/fy25osti/91978.pdf
GEORGIA,Sumter,County,13,261,13261.0,G1302610,85,Rural Climate Zone 3A,https://www.nlr.gov/docs/fy23osti/86828.pdf,https://www.nlr.gov/docs/fy25osti/91982.pdf
GEORGIA,Talbot,County,13,263,13263.0,G1302630,81,the Columbus-Albany Area,https://www.nlr.gov/docs/fy23osti/86824.pdf,https://www.nlr.gov/docs/fy25osti/91978.pdf
GEORGIA,Taliaferro,County,13,265,13265.0,G1302650,85,Rural Climate Zone 3A,https://www.nlr.gov/docs/fy23osti/86828.pdf,https://www.nlr.gov/docs/fy25osti/91982.pdf
GEORGIA,Tattnall,County,13,267,13267.0,G1302670,84,Rural Climate Zone 2A - Georgia and Florida,https://www.nlr.gov/docs/fy23osti/86827.pdf,https://www.nlr.gov/docs/fy25osti/91981.pdf
GEORGIA,Taylor,County,13,269,13269.0,G1302690,85,Rural Climate Zone 3A,https://www.nlr.gov/docs/fy23osti/86828.pdf,https://www.nlr.gov/docs/fy25osti/91982.pdf
GEORGIA,Telfair,County,13,271,13271.0,G1302710,85,Rural Climate Zone 3A,https://www.nlr.gov/docs/fy23osti/86828.pdf,https://www.nlr.gov/docs/fy25osti/91982.pdf
GEORGIA,Terrell,County,13,273,13273.0,G1302730,81,the Columbus-Albany Area,https://www.nlr.gov/docs/fy23osti/86824.pdf,https://www.nlr.gov/docs/fy25osti/91978.pdf
GEORGIA,Thomas,County,13,275,13275.0,G1302750,84,Rural Climate Zone 2A - Georgia and Florida,https://www.nlr.gov/docs/fy23osti/86827.pdf,https://www.nlr.gov/docs/fy25osti/91981.pdf
GEORGIA,Tift,County,13,277,13277.0,G1302770,85,Rural Climate Zone 3A,https://www.nlr.gov/docs/fy23osti/86828.pdf,https://www.nlr.gov/docs/fy25osti/91982.pdf
GEORGIA,Toombs,County,13,279,13279.0,G1302790,84,Rural Climate Zone 2A - Georgia and Florida,https://www.nlr.gov/docs/fy23osti/86827.pdf,https://www.nlr.gov/docs/fy25osti/91981.pdf
GEORGIA,Towns,County,13,281,13281.0,G1302810,33,Rural Lower Plains-Upper South Appalachia,https://www.nlr.gov/docs/fy23osti/86779.pdf,https://www.nlr.gov/docs/fy25osti/91934.pdf
GEORGIA,Treutlen,County,13,283,13283.0,G1302830,85,Rural Climate Zone 3A,https://www.nlr.gov/docs/fy23osti/86828.pdf,https://www.nlr.gov/docs/fy25osti/91982.pdf
GEORGIA,Troup,County,13,285,13285.0,G1302850,85,Rural Climate Zone 3A,https://www.nlr.gov/docs/fy23osti/86828.pdf,https://www.nlr.gov/docs/fy25osti/91982.pdf
GEORGIA,Turner,County,13,287,13287.0,G1302870,85,Rural Climate Zone 3A,https://www.nlr.gov/docs/fy23osti/86828.pdf,https://www.nlr.gov/docs/fy25osti/91982.pdf
GEORGIA,Twiggs,County,13,289,13289.0,G1302890,50,the Greater Atlanta and Macon Area,https://www.nlr.gov/docs/fy23osti/86794.pdf,https://www.nlr.gov/docs/fy25osti/91949.pdf
GEORGIA,Union,County,13,291,13291.0,G1302910,33,Rural Lower Plains-Upper South Appalachia,https://www.nlr.gov/docs/fy23osti/86779.pdf,https://www.nlr.gov/docs/fy25osti/91934.pdf
GEORGIA,Upson,County,13,293,13293.0,G1302930,85,Rural Climate Zone 3A,https://www.nlr.gov/docs/fy23osti/86828.pdf,https://www.nlr.gov/docs/fy25osti/91982.pdf
GEORGIA,Walker,County,13,295,13295.0,G1302950,18,"the Knoxville-Chattanooga-Asheville and Greenville, SC Area",https://www.nlr.gov/docs/fy23osti/86764.pdf,https://www.nlr.gov/docs/fy25osti/91919.pdf
GEORGIA,Walton,County,13,297,13297.0,G1302970,50,the Greater Atlanta and Macon Area,https://www.nlr.gov/docs/fy23osti/86794.pdf,https://www.nlr.gov/docs/fy25osti/91949.pdf
GEORGIA,Ware,County,13,299,13299.0,G1302990,84,Rural Climate Zone 2A - Georgia and Florida,https://www.nlr.gov/docs/fy23osti/86827.pdf,https://www.nlr.gov/docs/fy25osti/91981.pdf
GEORGIA,Warren,County,13,301,13301.0,G1303010,85,Rural Climate Zone 3A,https://www.nlr.gov/docs/fy23osti/86828.pdf,https://www.nlr.gov/docs/fy25osti/91982.pdf
GEORGIA,Washington,County,13,303,13303.0,G1303030,85,Rural Climate Zone 3A,https://www.nlr.gov/docs/fy23osti/86828.pdf,https://www.nlr.gov/docs/fy25osti/91982.pdf
GEORGIA,Wayne,County,13,305,13305.0,G1303050,84,Rural Climate Zone 2A - Georgia and Florida,https://www.nlr.gov/docs/fy23osti/86827.pdf,https://www.nlr.gov/docs/fy25osti/91981.pdf
GEORGIA,Webster,County,13,307,13307.0,G1303070,85,Rural Climate Zone 3A,https://www.nlr.gov/docs/fy23osti/86828.pdf,https://www.nlr.gov/docs/fy25osti/91982.pdf
GEORGIA,Wheeler,County,13,309,13309.0,G1303090,85,Rural Climate Zone 3A,https://www.nlr.gov/docs/fy23osti/86828.pdf,https://www.nlr.gov/docs/fy25osti/91982.pdf
GEORGIA,White,County,13,311,13311.0,G1303110,33,Rural Lower Plains-Upper South Appalachia,https://www.nlr.gov/docs/fy23osti/86779.pdf,https://www.nlr.gov/docs/fy25osti/91934.pdf
GEORGIA,Whitfield,County,13,313,13313.0,G1303130,18,"the Knoxville-Chattanooga-Asheville and Greenville, SC Area",https://www.nlr.gov/docs/fy23osti/86764.pdf,https://www.nlr.gov/docs/fy25osti/91919.pdf
GEORGIA,Wilcox,County,13,315,13315.0,G1303150,85,Rural Climate Zone 3A,https://www.nlr.gov/docs/fy23osti/86828.pdf,https://www.nlr.gov/docs/fy25osti/91982.pdf
GEORGIA,Wilkes,County,13,317,13317.0,G1303170,85,Rural Climate Zone 3A,https://www.nlr.gov/docs/fy23osti/86828.pdf,https://www.nlr.gov/docs/fy25osti/91982.pdf
GEORGIA,Wilkinson,County,13,319,13319.0,G1303190,85,Rural Climate Zone 3A,https://www.nlr.gov/docs/fy23osti/86828.pdf,https://www.nlr.gov/docs/fy25osti/91982.pdf
GEORGIA,Worth,County,13,321,13321.0,G1303210,81,the Columbus-Albany Area,https://www.nlr.gov/docs/fy23osti/86824.pdf,https://www.nlr.gov/docs/fy25osti/91978.pdf
HAWAII,Hawaii,County,15,1,15001.0,G1500010,42,Hawaii,https://www.nlr.gov/docs/fy23osti/86787.pdf,https://www.nlr.gov/docs/fy25osti/91942.pdf
HAWAII,Honolulu,County,15,3,15003.0,G1500030,42,Hawaii,https://www.nlr.gov/docs/fy23osti/86787.pdf,https://www.nlr.gov/docs/fy25osti/91942.pdf
HAWAII,Kalawao,County,15,5,0,G1500050,42,Hawaii,https://www.nlr.gov/docs/fy23osti/86787.pdf,https://www.nlr.gov/docs/fy25osti/91942.pdf
HAWAII,Kauai,County,15,7,15007.0,G1500070,42,Hawaii,https://www.nlr.gov/docs/fy23osti/86787.pdf,https://www.nlr.gov/docs/fy25osti/91942.pdf
HAWAII,Maui,County,15,9,15009.0,G1500090,42,Hawaii,https://www.nlr.gov/docs/fy23osti/86787.pdf,https://www.nlr.gov/docs/fy25osti/91942.pdf
IDAHO,Ada,County,16,1,16001.0,G1600010,9,Boise-Twin Falls,https://www.nlr.gov/docs/fy23osti/86760.pdf,https://www.nlr.gov/docs/fy25osti/91915.pdf
IDAHO,Adams,County,16,3,16003.0,G1600030,57,Rural Rocky Mountains North,https://www.nlr.gov/docs/fy23osti/86801.pdf,https://www.nlr.gov/docs/fy25osti/91956.pdf
IDAHO,Bannock,County,16,5,16005.0,G1600050,66,the Northwestern Utah and Pocatello Area,https://www.nlr.gov/docs/fy23osti/86808.pdf,https://www.nlr.gov/docs/fy25osti/91963.pdf
IDAHO,Bear Lake,County,16,7,16007.0,G1600070,57,Rural Rocky Mountains North,https://www.nlr.gov/docs/fy23osti/86801.pdf,https://www.nlr.gov/docs/fy25osti/91956.pdf
IDAHO,Benewah,County,16,9,16009.0,G1600090,31,Rural Mountain West,https://www.nlr.gov/docs/fy23osti/86777.pdf,https://www.nlr.gov/docs/fy25osti/91932.pdf
IDAHO,Bingham,County,16,11,16011.0,G1600110,57,Rural Rocky Mountains North,https://www.nlr.gov/docs/fy23osti/86801.pdf,https://www.nlr.gov/docs/fy25osti/91956.pdf
IDAHO,Blaine,County,16,13,16013.0,G1600130,57,Rural Rocky Mountains North,https://www.nlr.gov/docs/fy23osti/86801.pdf,https://www.nlr.gov/docs/fy25osti/91956.pdf
IDAHO,Boise,County,16,15,16015.0,G1600150,9,Boise-Twin Falls,https://www.nlr.gov/docs/fy23osti/86760.pdf,https://www.nlr.gov/docs/fy25osti/91915.pdf
IDAHO,Bonner,County,16,17,16017.0,G1600170,57,Rural Rocky Mountains North,https://www.nlr.gov/docs/fy23osti/86801.pdf,https://www.nlr.gov/docs/fy25osti/91956.pdf
IDAHO,Bonneville,County,16,19,16019.0,G1600190,68,"Small Urban Areas in the Dakotas, Idaho, Montana, and Wyoming",https://www.nlr.gov/docs/fy23osti/86810.pdf,https://www.nlr.gov/docs/fy25osti/91965.pdf
IDAHO,Boundary,County,16,21,16021.0,G1600210,57,Rural Rocky Mountains North,https://www.nlr.gov/docs/fy23osti/86801.pdf,https://www.nlr.gov/docs/fy25osti/91956.pdf
IDAHO,Butte,County,16,23,16023.0,G1600230,68,"Small Urban Areas in the Dakotas, Idaho, Montana, and Wyoming",https://www.nlr.gov/docs/fy23osti/86810.pdf,https://www.nlr.gov/docs/fy25osti/91965.pdf
IDAHO,Camas,County,16,25,16025.0,G1600250,57,Rural Rocky Mountains North,https://www.nlr.gov/docs/fy23osti/86801.pdf,https://www.nlr.gov/docs/fy25osti/91956.pdf
IDAHO,Canyon,County,16,27,16027.0,G1600270,9,Boise-Twin Falls,https://www.nlr.gov/docs/fy23osti/86760.pdf,https://www.nlr.gov/docs/fy25osti/91915.pdf
IDAHO,Caribou,County,16,29,16029.0,G1600290,57,Rural Rocky Mountains North,https://www.nlr.gov/docs/fy23osti/86801.pdf,https://www.nlr.gov/docs/fy25osti/91956.pdf
IDAHO,Cassia,County,16,31,16031.0,G1600310,31,Rural Mountain West,https://www.nlr.gov/docs/fy23osti/86777.pdf,https://www.nlr.gov/docs/fy25osti/91932.pdf
IDAHO,Clark,County,16,33,16033.0,G1600330,57,Rural Rocky Mountains North,https://www.nlr.gov/docs/fy23osti/86801.pdf,https://www.nlr.gov/docs/fy25osti/91956.pdf
IDAHO,Clearwater,County,16,35,16035.0,G1600350,31,Rural Mountain West,https://www.nlr.gov/docs/fy23osti/86777.pdf,https://www.nlr.gov/docs/fy25osti/91932.pdf
IDAHO,Custer,County,16,37,16037.0,G1600370,57,Rural Rocky Mountains North,https://www.nlr.gov/docs/fy23osti/86801.pdf,https://www.nlr.gov/docs/fy25osti/91956.pdf
IDAHO,Elmore,County,16,39,16039.0,G1600390,31,Rural Mountain West,https://www.nlr.gov/docs/fy23osti/86777.pdf,https://www.nlr.gov/docs/fy25osti/91932.pdf
IDAHO,Franklin,County,16,41,16041.0,G1600410,66,the Northwestern Utah and Pocatello Area,https://www.nlr.gov/docs/fy23osti/86808.pdf,https://www.nlr.gov/docs/fy25osti/91963.pdf
IDAHO,Fremont,County,16,43,16043.0,G1600430,57,Rural Rocky Mountains North,https://www.nlr.gov/docs/fy23osti/86801.pdf,https://www.nlr.gov/docs/fy25osti/91956.pdf
IDAHO,Gem,County,16,45,16045.0,G1600450,9,Boise-Twin Falls,https://www.nlr.gov/docs/fy23osti/86760.pdf,https://www.nlr.gov/docs/fy25osti/91915.pdf
IDAHO,Gooding,County,16,47,16047.0,G1600470,31,Rural Mountain West,https://www.nlr.gov/docs/fy23osti/86777.pdf,https://www.nlr.gov/docs/fy25osti/91932.pdf
IDAHO,Idaho,County,16,49,16049.0,G1600490,31,Rural Mountain West,https://www.nlr.gov/docs/fy23osti/86777.pdf,https://www.nlr.gov/docs/fy25osti/91932.pdf
IDAHO,Jefferson,County,16,51,16051.0,G1600510,68,"Small Urban Areas in the Dakotas, Idaho, Montana, and Wyoming",https://www.nlr.gov/docs/fy23osti/86810.pdf,https://www.nlr.gov/docs/fy25osti/91965.pdf
IDAHO,Jerome,County,16,53,16053.0,G1600530,9,Boise-Twin Falls,https://www.nlr.gov/docs/fy23osti/86760.pdf,https://www.nlr.gov/docs/fy25osti/91915.pdf
IDAHO,Kootenai,County,16,55,16055.0,G1600550,26,the Spokane-Coeur d'Alene-Lewiston-Yakima-Wenatchee Area,https://www.nlr.gov/docs/fy23osti/86772.pdf,https://www.nlr.gov/docs/fy25osti/91927.pdf
IDAHO,Latah,County,16,57,16057.0,G1600570,31,Rural Mountain West,https://www.nlr.gov/docs/fy23osti/86777.pdf,https://www.nlr.gov/docs/fy25osti/91932.pdf
IDAHO,Lemhi,County,16,59,16059.0,G1600590,57,Rural Rocky Mountains North,https://www.nlr.gov/docs/fy23osti/86801.pdf,https://www.nlr.gov/docs/fy25osti/91956.pdf
IDAHO,Lewis,County,16,61,16061.0,G1600610,31,Rural Mountain West,https://www.nlr.gov/docs/fy23osti/86777.pdf,https://www.nlr.gov/docs/fy25osti/91932.pdf
IDAHO,Lincoln,County,16,63,16063.0,G1600630,31,Rural Mountain West,https://www.nlr.gov/docs/fy23osti/86777.pdf,https://www.nlr.gov/docs/fy25osti/91932.pdf
IDAHO,Madison,County,16,65,16065.0,G1600650,57,Rural Rocky Mountains North,https://www.nlr.gov/docs/fy23osti/86801.pdf,https://www.nlr.gov/docs/fy25osti/91956.pdf
IDAHO,Minidoka,County,16,67,16067.0,G1600670,31,Rural Mountain West,https://www.nlr.gov/docs/fy23osti/86777.pdf,https://www.nlr.gov/docs/fy25osti/91932.pdf
IDAHO,Nez Perce,County,16,69,16069.0,G1600690,26,the Spokane-Coeur d'Alene-Lewiston-Yakima-Wenatchee Area,https://www.nlr.gov/docs/fy23osti/86772.pdf,https://www.nlr.gov/docs/fy25osti/91927.pdf
IDAHO,Oneida,County,16,71,16071.0,G1600710,31,Rural Mountain West,https://www.nlr.gov/docs/fy23osti/86777.pdf,https://www.nlr.gov/docs/fy25osti/91932.pdf
IDAHO,Owyhee,County,16,73,16073.0,G1600730,9,Boise-Twin Falls,https://www.nlr.gov/docs/fy23osti/86760.pdf,https://www.nlr.gov/docs/fy25osti/91915.pdf
IDAHO,Payette,County,16,75,16075.0,G1600750,31,Rural Mountain West,https://www.nlr.gov/docs/fy23osti/86777.pdf,https://www.nlr.gov/docs/fy25osti/91932.pdf
IDAHO,Power,County,16,77,16077.0,G1600770,66,the Northwestern Utah and Pocatello Area,https://www.nlr.gov/docs/fy23osti/86808.pdf,https://www.nlr.gov/docs/fy25osti/91963.pdf
IDAHO,Shoshone,County,16,79,16079.0,G1600790,31,Rural Mountain West,https://www.nlr.gov/docs/fy23osti/86777.pdf,https://www.nlr.gov/docs/fy25osti/91932.pdf
IDAHO,Teton,County,16,81,16081.0,G1600810,57,Rural Rocky Mountains North,https://www.nlr.gov/docs/fy23osti/86801.pdf,https://www.nlr.gov/docs/fy25osti/91956.pdf
IDAHO,Twin Falls,County,16,83,16083.0,G1600830,9,Boise-Twin Falls,https://www.nlr.gov/docs/fy23osti/86760.pdf,https://www.nlr.gov/docs/fy25osti/91915.pdf
IDAHO,Valley,County,16,85,16085.0,G1600850,57,Rural Rocky Mountains North,https://www.nlr.gov/docs/fy23osti/86801.pdf,https://www.nlr.gov/docs/fy25osti/91956.pdf
IDAHO,Washington,County,16,87,16087.0,G1600870,31,Rural Mountain West,https://www.nlr.gov/docs/fy23osti/86777.pdf,https://www.nlr.gov/docs/fy25osti/91932.pdf
ILLINOIS,Adams,County,17,1,17001.0,G1700010,17,Rural Lower Midwest and High Plains,https://www.nlr.gov/docs/fy23osti/86763.pdf,https://www.nlr.gov/docs/fy25osti/91918.pdf
ILLINOIS,Alexander,County,17,3,17003.0,G1700030,3,the Evansville and the Shawnee National Forest Area,https://www.nlr.gov/docs/fy23osti/86756.pdf,https://www.nlr.gov/docs/fy25osti/91911.pdf
ILLINOIS,Bond,County,17,5,17005.0,G1700050,47,Indianapolis-St. Louis-Springfield-Peoria,https://www.nlr.gov/docs/fy23osti/86791.pdf,https://www.nlr.gov/docs/fy25osti/91946.pdf
ILLINOIS,Boone,County,17,7,17007.0,G1700070,82,the Chicago to Green Bay and Madison Area,https://www.nlr.gov/docs/fy23osti/86825.pdf,https://www.nlr.gov/docs/fy25osti/91979.pdf
ILLINOIS,Brown,County,17,9,17009.0,G1700090,17,Rural Lower Midwest and High Plains,https://www.nlr.gov/docs/fy23osti/86763.pdf,https://www.nlr.gov/docs/fy25osti/91918.pdf
ILLINOIS,Bureau,County,17,11,17011.0,G1700110,17,Rural Lower Midwest and High Plains,https://www.nlr.gov/docs/fy23osti/86763.pdf,https://www.nlr.gov/docs/fy25osti/91918.pdf
ILLINOIS,Calhoun,County,17,13,17013.0,G1700130,47,Indianapolis-St. Louis-Springfield-Peoria,https://www.nlr.gov/docs/fy23osti/86791.pdf,https://www.nlr.gov/docs/fy25osti/91946.pdf
ILLINOIS,Carroll,County,17,15,17015.0,G1700150,17,Rural Lower Midwest and High Plains,https://www.nlr.gov/docs/fy23osti/86763.pdf,https://www.nlr.gov/docs/fy25osti/91918.pdf
ILLINOIS,Cass,County,17,17,17017.0,G1700170,17,Rural Lower Midwest and High Plains,https://www.nlr.gov/docs/fy23osti/86763.pdf,https://www.nlr.gov/docs/fy25osti/91918.pdf
ILLINOIS,Champaign,County,17,19,17019.0,G1700190,47,Indianapolis-St. Louis-Springfield-Peoria,https://www.nlr.gov/docs/fy23osti/86791.pdf,https://www.nlr.gov/docs/fy25osti/91946.pdf
ILLINOIS,Christian,County,17,21,17021.0,G1700210,33,Rural Lower Plains-Upper South Appalachia,https://www.nlr.gov/docs/fy23osti/86779.pdf,https://www.nlr.gov/docs/fy25osti/91934.pdf
ILLINOIS,Clark,County,17,23,17023.0,G1700230,47,Indianapolis-St. Louis-Springfield-Peoria,https://www.nlr.gov/docs/fy23osti/86791.pdf,https://www.nlr.gov/docs/fy25osti/91946.pdf
ILLINOIS,Clay,County,17,25,17025.0,G1700250,33,Rural Lower Plains-Upper South Appalachia,https://www.nlr.gov/docs/fy23osti/86779.pdf,https://www.nlr.gov/docs/fy25osti/91934.pdf
ILLINOIS,Clinton,County,17,27,17027.0,G1700270,47,Indianapolis-St. Louis-Springfield-Peoria,https://www.nlr.gov/docs/fy23osti/86791.pdf,https://www.nlr.gov/docs/fy25osti/91946.pdf
ILLINOIS,Coles,County,17,29,17029.0,G1700290,47,Indianapolis-St. Louis-Springfield-Peoria,https://www.nlr.gov/docs/fy23osti/86791.pdf,https://www.nlr.gov/docs/fy25osti/91946.pdf
ILLINOIS,Cook,County,17,31,17031.0,G1700310,82,the Chicago to Green Bay and Madison Area,https://www.nlr.gov/docs/fy23osti/86825.pdf,https://www.nlr.gov/docs/fy25osti/91979.pdf
ILLINOIS,Crawford,County,17,33,17033.0,G1700330,33,Rural Lower Plains-Upper South Appalachia,https://www.nlr.gov/docs/fy23osti/86779.pdf,https://www.nlr.gov/docs/fy25osti/91934.pdf
ILLINOIS,Cumberland,County,17,35,17035.0,G1700350,47,Indianapolis-St. Louis-Springfield-Peoria,https://www.nlr.gov/docs/fy23osti/86791.pdf,https://www.nlr.gov/docs/fy25osti/91946.pdf
ILLINOIS,De Witt,County,17,39,17039.0,G1700390,17,Rural Lower Midwest and High Plains,https://www.nlr.gov/docs/fy23osti/86763.pdf,https://www.nlr.gov/docs/fy25osti/91918.pdf
ILLINOIS,DeKalb,County,17,37,17037.0,G1700370,82,the Chicago to Green Bay and Madison Area,https://www.nlr.gov/docs/fy23osti/86825.pdf,https://www.nlr.gov/docs/fy25osti/91979.pdf
ILLINOIS,Douglas,County,17,41,17041.0,G1700410,47,Indianapolis-St. Louis-Springfield-Peoria,https://www.nlr.gov/docs/fy23osti/86791.pdf,https://www.nlr.gov/docs/fy25osti/91946.pdf
ILLINOIS,DuPage,County,17,43,17043.0,G1700430,82,the Chicago to Green Bay and Madison Area,https://www.nlr.gov/docs/fy23osti/86825.pdf,https://www.nlr.gov/docs/fy25osti/91979.pdf
ILLINOIS,Edgar,County,17,45,17045.0,G1700450,47,Indianapolis-St. Louis-Springfield-Peoria,https://www.nlr.gov/docs/fy23osti/86791.pdf,https://www.nlr.gov/docs/fy25osti/91946.pdf
ILLINOIS,Edwards,County,17,47,17047.0,G1700470,33,Rural Lower Plains-Upper South Appalachia,https://www.nlr.gov/docs/fy23osti/86779.pdf,https://www.nlr.gov/docs/fy25osti/91934.pdf
ILLINOIS,Effingham,County,17,49,17049.0,G1700490,33,Rural Lower Plains-Upper South Appalachia,https://www.nlr.gov/docs/fy23osti/86779.pdf,https://www.nlr.gov/docs/fy25osti/91934.pdf
ILLINOIS,Fayette,County,17,51,17051.0,G1700510,33,Rural Lower Plains-Upper South Appalachia,https://www.nlr.gov/docs/fy23osti/86779.pdf,https://www.nlr.gov/docs/fy25osti/91934.pdf
ILLINOIS,Ford,County,17,53,17053.0,G1700530,17,Rural Lower Midwest and High Plains,https://www.nlr.gov/docs/fy23osti/86763.pdf,https://www.nlr.gov/docs/fy25osti/91918.pdf
ILLINOIS,Franklin,County,17,55,17055.0,G1700550,33,Rural Lower Plains-Upper South Appalachia,https://www.nlr.gov/docs/fy23osti/86779.pdf,https://www.nlr.gov/docs/fy25osti/91934.pdf
ILLINOIS,Fulton,County,17,57,17057.0,G1700570,47,Indianapolis-St. Louis-Springfield-Peoria,https://www.nlr.gov/docs/fy23osti/86791.pdf,https://www.nlr.gov/docs/fy25osti/91946.pdf
ILLINOIS,Gallatin,County,17,59,17059.0,G1700590,33,Rural Lower Plains-Upper South Appalachia,https://www.nlr.gov/docs/fy23osti/86779.pdf,https://www.nlr.gov/docs/fy25osti/91934.pdf
ILLINOIS,Greene,County,17,61,17061.0,G1700610,17,Rural Lower Midwest and High Plains,https://www.nlr.gov/docs/fy23osti/86763.pdf,https://www.nlr.gov/docs/fy25osti/91918.pdf
ILLINOIS,Grundy,County,17,63,17063.0,G1700630,82,the Chicago to Green Bay and Madison Area,https://www.nlr.gov/docs/fy23osti/86825.pdf,https://www.nlr.gov/docs/fy25osti/91979.pdf
ILLINOIS,Hamilton,County,17,65,17065.0,G1700650,33,Rural Lower Plains-Upper South Appalachia,https://www.nlr.gov/docs/fy23osti/86779.pdf,https://www.nlr.gov/docs/fy25osti/91934.pdf
ILLINOIS,Hancock,County,17,67,17067.0,G1700670,17,Rural Lower Midwest and High Plains,https://www.nlr.gov/docs/fy23osti/86763.pdf,https://www.nlr.gov/docs/fy25osti/91918.pdf
ILLINOIS,Hardin,County,17,69,17069.0,G1700690,33,Rural Lower Plains-Upper South Appalachia,https://www.nlr.gov/docs/fy23osti/86779.pdf,https://www.nlr.gov/docs/fy25osti/91934.pdf
ILLINOIS,Henderson,County,17,71,17071.0,G1700710,17,Rural Lower Midwest and High Plains,https://www.nlr.gov/docs/fy23osti/86763.pdf,https://www.nlr.gov/docs/fy25osti/91918.pdf
ILLINOIS,Henry,County,17,73,17073.0,G1700730,47,Indianapolis-St. Louis-Springfield-Peoria,https://www.nlr.gov/docs/fy23osti/86791.pdf,https://www.nlr.gov/docs/fy25osti/91946.pdf
ILLINOIS,Iroquois,County,17,75,17075.0,G1700750,17,Rural Lower Midwest and High Plains,https://www.nlr.gov/docs/fy23osti/86763.pdf,https://www.nlr.gov/docs/fy25osti/91918.pdf
ILLINOIS,Jackson,County,17,77,17077.0,G1700770,3,the Evansville and the Shawnee National Forest Area,https://www.nlr.gov/docs/fy23osti/86756.pdf,https://www.nlr.gov/docs/fy25osti/91911.pdf
ILLINOIS,Jasper,County,17,79,17079.0,G1700790,33,Rural Lower Plains-Upper South Appalachia,https://www.nlr.gov/docs/fy23osti/86779.pdf,https://www.nlr.gov/docs/fy25osti/91934.pdf
ILLINOIS,Jefferson,County,17,81,17081.0,G1700810,33,Rural Lower Plains-Upper South Appalachia,https://www.nlr.gov/docs/fy23osti/86779.pdf,https://www.nlr.gov/docs/fy25osti/91934.pdf
ILLINOIS,Jersey,County,17,83,17083.0,G1700830,47,Indianapolis-St. Louis-Springfield-Peoria,https://www.nlr.gov/docs/fy23osti/86791.pdf,https://www.nlr.gov/docs/fy25osti/91946.pdf
ILLINOIS,Jo Daviess,County,17,85,17085.0,G1700850,17,Rural Lower Midwest and High Plains,https://www.nlr.gov/docs/fy23osti/86763.pdf,https://www.nlr.gov/docs/fy25osti/91918.pdf
ILLINOIS,Johnson,County,17,87,17087.0,G1700870,3,the Evansville and the Shawnee National Forest Area,https://www.nlr.gov/docs/fy23osti/86756.pdf,https://www.nlr.gov/docs/fy25osti/91911.pdf
ILLINOIS,Kane,County,17,89,17089.0,G1700890,82,the Chicago to Green Bay and Madison Area,https://www.nlr.gov/docs/fy23osti/86825.pdf,https://www.nlr.gov/docs/fy25osti/91979.pdf
ILLINOIS,Kankakee,County,17,91,17091.0,G1700910,82,the Chicago to Green Bay and Madison Area,https://www.nlr.gov/docs/fy23osti/86825.pdf,https://www.nlr.gov/docs/fy25osti/91979.pdf
ILLINOIS,Kendall,County,17,93,17093.0,G1700930,82,the Chicago to Green Bay and Madison Area,https://www.nlr.gov/docs/fy23osti/86825.pdf,https://www.nlr.gov/docs/fy25osti/91979.pdf
ILLINOIS,Knox,County,17,95,17095.0,G1700950,17,Rural Lower Midwest and High Plains,https://www.nlr.gov/docs/fy23osti/86763.pdf,https://www.nlr.gov/docs/fy25osti/91918.pdf
ILLINOIS,LaSalle,County,17,99,17099.0,G1700990,17,Rural Lower Midwest and High Plains,https://www.nlr.gov/docs/fy23osti/86763.pdf,https://www.nlr.gov/docs/fy25osti/91918.pdf
ILLINOIS,Lake,County,17,97,17097.0,G1700970,82,the Chicago to Green Bay and Madison Area,https://www.nlr.gov/docs/fy23osti/86825.pdf,https://www.nlr.gov/docs/fy25osti/91979.pdf
ILLINOIS,Lawrence,County,17,101,17101.0,G1701010,33,Rural Lower Plains-Upper South Appalachia,https://www.nlr.gov/docs/fy23osti/86779.pdf,https://www.nlr.gov/docs/fy25osti/91934.pdf
ILLINOIS,Lee,County,17,103,17103.0,G1701030,17,Rural Lower Midwest and High Plains,https://www.nlr.gov/docs/fy23osti/86763.pdf,https://www.nlr.gov/docs/fy25osti/91918.pdf
ILLINOIS,Livingston,County,17,105,17105.0,G1701050,17,Rural Lower Midwest and High Plains,https://www.nlr.gov/docs/fy23osti/86763.pdf,https://www.nlr.gov/docs/fy25osti/91918.pdf
ILLINOIS,Logan,County,17,107,17107.0,G1701070,17,Rural Lower Midwest and High Plains,https://www.nlr.gov/docs/fy23osti/86763.pdf,https://www.nlr.gov/docs/fy25osti/91918.pdf
ILLINOIS,Macon,County,17,115,17115.0,G1701150,47,Indianapolis-St. Louis-Springfield-Peoria,https://www.nlr.gov/docs/fy23osti/86791.pdf,https://www.nlr.gov/docs/fy25osti/91946.pdf
ILLINOIS,Macoupin,County,17,117,17117.0,G1701170,47,Indianapolis-St. Louis-Springfield-Peoria,https://www.nlr.gov/docs/fy23osti/86791.pdf,https://www.nlr.gov/docs/fy25osti/91946.pdf
ILLINOIS,Madison,County,17,119,17119.0,G1701190,47,Indianapolis-St. Louis-Springfield-Peoria,https://www.nlr.gov/docs/fy23osti/86791.pdf,https://www.nlr.gov/docs/fy25osti/91946.pdf
ILLINOIS,Marion,County,17,121,17121.0,G1701210,33,Rural Lower Plains-Upper South Appalachia,https://www.nlr.gov/docs/fy23osti/86779.pdf,https://www.nlr.gov/docs/fy25osti/91934.pdf
ILLINOIS,Marshall,County,17,123,17123.0,G1701230,47,Indianapolis-St. Louis-Springfield-Peoria,https://www.nlr.gov/docs/fy23osti/86791.pdf,https://www.nlr.gov/docs/fy25osti/91946.pdf
ILLINOIS,Mason,County,17,125,17125.0,G1701250,17,Rural Lower Midwest and High Plains,https://www.nlr.gov/docs/fy23osti/86763.pdf,https://www.nlr.gov/docs/fy25osti/91918.pdf
ILLINOIS,Massac,County,17,127,17127.0,G1701270,33,Rural Lower Plains-Upper South Appalachia,https://www.nlr.gov/docs/fy23osti/86779.pdf,https://www.nlr.gov/docs/fy25osti/91934.pdf
ILLINOIS,McDonough,County,17,109,17109.0,G1701090,17,Rural Lower Midwest and High Plains,https://www.nlr.gov/docs/fy23osti/86763.pdf,https://www.nlr.gov/docs/fy25osti/91918.pdf
ILLINOIS,McHenry,County,17,111,17111.0,G1701110,82,the Chicago to Green Bay and Madison Area,https://www.nlr.gov/docs/fy23osti/86825.pdf,https://www.nlr.gov/docs/fy25osti/91979.pdf
ILLINOIS,McLean,County,17,113,17113.0,G1701130,47,Indianapolis-St. Louis-Springfield-Peoria,https://www.nlr.gov/docs/fy23osti/86791.pdf,https://www.nlr.gov/docs/fy25osti/91946.pdf
ILLINOIS,Menard,County,17,129,17129.0,G1701290,47,Indianapolis-St. Louis-Springfield-Peoria,https://www.nlr.gov/docs/fy23osti/86791.pdf,https://www.nlr.gov/docs/fy25osti/91946.pdf
ILLINOIS,Mercer,County,17,131,17131.0,G1701310,47,Indianapolis-St. Louis-Springfield-Peoria,https://www.nlr.gov/docs/fy23osti/86791.pdf,https://www.nlr.gov/docs/fy25osti/91946.pdf
ILLINOIS,Monroe,County,17,133,17133.0,G1701330,47,Indianapolis-St. Louis-Springfield-Peoria,https://www.nlr.gov/docs/fy23osti/86791.pdf,https://www.nlr.gov/docs/fy25osti/91946.pdf
ILLINOIS,Montgomery,County,17,135,17135.0,G1701350,33,Rural Lower Plains-Upper South Appalachia,https://www.nlr.gov/docs/fy23osti/86779.pdf,https://www.nlr.gov/docs/fy25osti/91934.pdf
ILLINOIS,Morgan,County,17,137,17137.0,G1701370,17,Rural Lower Midwest and High Plains,https://www.nlr.gov/docs/fy23osti/86763.pdf,https://www.nlr.gov/docs/fy25osti/91918.pdf
ILLINOIS,Moultrie,County,17,139,17139.0,G1701390,47,Indianapolis-St. Louis-Springfield-Peoria,https://www.nlr.gov/docs/fy23osti/86791.pdf,https://www.nlr.gov/docs/fy25osti/91946.pdf
ILLINOIS,Ogle,County,17,141,17141.0,G1701410,17,Rural Lower Midwest and High Plains,https://www.nlr.gov/docs/fy23osti/86763.pdf,https://www.nlr.gov/docs/fy25osti/91918.pdf
ILLINOIS,Peoria,County,17,143,17143.0,G1701430,47,Indianapolis-St. Louis-Springfield-Peoria,https://www.nlr.gov/docs/fy23osti/86791.pdf,https://www.nlr.gov/docs/fy25osti/91946.pdf
ILLINOIS,Perry,County,17,145,17145.0,G1701450,33,Rural Lower Plains-Upper South Appalachia,https://www.nlr.gov/docs/fy23osti/86779.pdf,https://www.nlr.gov/docs/fy25osti/91934.pdf
ILLINOIS,Piatt,County,17,147,17147.0,G1701470,47,Indianapolis-St. Louis-Springfield-Peoria,https://www.nlr.gov/docs/fy23osti/86791.pdf,https://www.nlr.gov/docs/fy25osti/91946.pdf
ILLINOIS,Pike,County,17,149,17149.0,G1701490,17,Rural Lower Midwest and High Plains,https://www.nlr.gov/docs/fy23osti/86763.pdf,https://www.nlr.gov/docs/fy25osti/91918.pdf
ILLINOIS,Pope,County,17,151,17151.0,G1701510,33,Rural Lower Plains-Upper South Appalachia,https://www.nlr.gov/docs/fy23osti/86779.pdf,https://www.nlr.gov/docs/fy25osti/91934.pdf
ILLINOIS,Pulaski,County,17,153,17153.0,G1701530,33,Rural Lower Plains-Upper South Appalachia,https://www.nlr.gov/docs/fy23osti/86779.pdf,https://www.nlr.gov/docs/fy25osti/91934.pdf
ILLINOIS,Putnam,County,17,155,17155.0,G1701550,17,Rural Lower Midwest and High Plains,https://www.nlr.gov/docs/fy23osti/86763.pdf,https://www.nlr.gov/docs/fy25osti/91918.pdf
ILLINOIS,Randolph,County,17,157,17157.0,G1701570,33,Rural Lower Plains-Upper South Appalachia,https://www.nlr.gov/docs/fy23osti/86779.pdf,https://www.nlr.gov/docs/fy25osti/91934.pdf
ILLINOIS,Richland,County,17,159,17159.0,G1701590,33,Rural Lower Plains-Upper South Appalachia,https://www.nlr.gov/docs/fy23osti/86779.pdf,https://www.nlr.gov/docs/fy25osti/91934.pdf
ILLINOIS,Rock Island,County,17,161,17161.0,G1701610,47,Indianapolis-St. Louis-Springfield-Peoria,https://www.nlr.gov/docs/fy23osti/86791.pdf,https://www.nlr.gov/docs/fy25osti/91946.pdf
ILLINOIS,Saline,County,17,165,17165.0,G1701650,33,Rural Lower Plains-Upper South Appalachia,https://www.nlr.gov/docs/fy23osti/86779.pdf,https://www.nlr.gov/docs/fy25osti/91934.pdf
ILLINOIS,Sangamon,County,17,167,17167.0,G1701670,47,Indianapolis-St. Louis-Springfield-Peoria,https://www.nlr.gov/docs/fy23osti/86791.pdf,https://www.nlr.gov/docs/fy25osti/91946.pdf
ILLINOIS,Schuyler,County,17,169,17169.0,G1701690,17,Rural Lower Midwest and High Plains,https://www.nlr.gov/docs/fy23osti/86763.pdf,https://www.nlr.gov/docs/fy25osti/91918.pdf
ILLINOIS,Scott,County,17,171,17171.0,G1701710,17,Rural Lower Midwest and High Plains,https://www.nlr.gov/docs/fy23osti/86763.pdf,https://www.nlr.gov/docs/fy25osti/91918.pdf
ILLINOIS,Shelby,County,17,173,17173.0,G1701730,33,Rural Lower Plains-Upper South Appalachia,https://www.nlr.gov/docs/fy23osti/86779.pdf,https://www.nlr.gov/docs/fy25osti/91934.pdf
ILLINOIS,St. Clair,County,17,163,17163.0,G1701630,47,Indianapolis-St. Louis-Springfield-Peoria,https://www.nlr.gov/docs/fy23osti/86791.pdf,https://www.nlr.gov/docs/fy25osti/91946.pdf
ILLINOIS,Stark,County,17,175,17175.0,G1701750,47,Indianapolis-St. Louis-Springfield-Peoria,https://www.nlr.gov/docs/fy23osti/86791.pdf,https://www.nlr.gov/docs/fy25osti/91946.pdf
ILLINOIS,Stephenson,County,17,177,17177.0,G1701770,17,Rural Lower Midwest and High Plains,https://www.nlr.gov/docs/fy23osti/86763.pdf,https://www.nlr.gov/docs/fy25osti/91918.pdf
ILLINOIS,Tazewell,County,17,179,17179.0,G1701790,47,Indianapolis-St. Louis-Springfield-Peoria,https://www.nlr.gov/docs/fy23osti/86791.pdf,https://www.nlr.gov/docs/fy25osti/91946.pdf
ILLINOIS,Union,County,17,181,17181.0,G1701810,33,Rural Lower Plains-Upper South Appalachia,https://www.nlr.gov/docs/fy23osti/86779.pdf,https://www.nlr.gov/docs/fy25osti/91934.pdf
ILLINOIS,Vermilion,County,17,183,17183.0,G1701830,47,Indianapolis-St. Louis-Springfield-Peoria,https://www.nlr.gov/docs/fy23osti/86791.pdf,https://www.nlr.gov/docs/fy25osti/91946.pdf
ILLINOIS,Wabash,County,17,185,17185.0,G1701850,33,Rural Lower Plains-Upper South Appalachia,https://www.nlr.gov/docs/fy23osti/86779.pdf,https://www.nlr.gov/docs/fy25osti/91934.pdf
ILLINOIS,Warren,County,17,187,17187.0,G1701870,17,Rural Lower Midwest and High Plains,https://www.nlr.gov/docs/fy23osti/86763.pdf,https://www.nlr.gov/docs/fy25osti/91918.pdf
ILLINOIS,Washington,County,17,189,17189.0,G1701890,33,Rural Lower Plains-Upper South Appalachia,https://www.nlr.gov/docs/fy23osti/86779.pdf,https://www.nlr.gov/docs/fy25osti/91934.pdf
ILLINOIS,Wayne,County,17,191,17191.0,G1701910,33,Rural Lower Plains-Upper South Appalachia,https://www.nlr.gov/docs/fy23osti/86779.pdf,https://www.nlr.gov/docs/fy25osti/91934.pdf
ILLINOIS,White,County,17,193,17193.0,G1701930,33,Rural Lower Plains-Upper South Appalachia,https://www.nlr.gov/docs/fy23osti/86779.pdf,https://www.nlr.gov/docs/fy25osti/91934.pdf
ILLINOIS,Whiteside,County,17,195,17195.0,G1701950,17,Rural Lower Midwest and High Plains,https://www.nlr.gov/docs/fy23osti/86763.pdf,https://www.nlr.gov/docs/fy25osti/91918.pdf
ILLINOIS,Will,County,17,197,17197.0,G1701970,82,the Chicago to Green Bay and Madison Area,https://www.nlr.gov/docs/fy23osti/86825.pdf,https://www.nlr.gov/docs/fy25osti/91979.pdf
ILLINOIS,Williamson,County,17,199,17199.0,G1701990,3,the Evansville and the Shawnee National Forest Area,https://www.nlr.gov/docs/fy23osti/86756.pdf,https://www.nlr.gov/docs/fy25osti/91911.pdf
ILLINOIS,Winnebago,County,17,201,17201.0,G1702010,82,the Chicago to Green Bay and Madison Area,https://www.nlr.gov/docs/fy23osti/86825.pdf,https://www.nlr.gov/docs/fy25osti/91979.pdf
ILLINOIS,Woodford,County,17,203,17203.0,G1702030,47,Indianapolis-St. Louis-Springfield-Peoria,https://www.nlr.gov/docs/fy23osti/86791.pdf,https://www.nlr.gov/docs/fy25osti/91946.pdf
INDIANA,Adams,County,18,1,18001.0,G1800010,4,the Rural Eastern Climate Zone 5A Area,https://www.nlr.gov/docs/fy23osti/86757.pdf,https://www.nlr.gov/docs/fy25osti/91912.pdf
INDIANA,Allen,County,18,3,18003.0,G1800030,47,Indianapolis-St. Louis-Springfield-Peoria,https://www.nlr.gov/docs/fy23osti/86791.pdf,https://www.nlr.gov/docs/fy25osti/91946.pdf
INDIANA,Bartholomew,County,18,5,18005.0,G1800050,47,Indianapolis-St. Louis-Springfield-Peoria,https://www.nlr.gov/docs/fy23osti/86791.pdf,https://www.nlr.gov/docs/fy25osti/91946.pdf
INDIANA,Benton,County,18,7,18007.0,G1800070,47,Indianapolis-St. Louis-Springfield-Peoria,https://www.nlr.gov/docs/fy23osti/86791.pdf,https://www.nlr.gov/docs/fy25osti/91946.pdf
INDIANA,Blackford,County,18,9,18009.0,G1800090,4,the Rural Eastern Climate Zone 5A Area,https://www.nlr.gov/docs/fy23osti/86757.pdf,https://www.nlr.gov/docs/fy25osti/91912.pdf
INDIANA,Boone,County,18,11,18011.0,G1800110,47,Indianapolis-St. Louis-Springfield-Peoria,https://www.nlr.gov/docs/fy23osti/86791.pdf,https://www.nlr.gov/docs/fy25osti/91946.pdf
INDIANA,Brown,County,18,13,18013.0,G1800130,47,Indianapolis-St. Louis-Springfield-Peoria,https://www.nlr.gov/docs/fy23osti/86791.pdf,https://www.nlr.gov/docs/fy25osti/91946.pdf
INDIANA,Carroll,County,18,15,18015.0,G1800150,47,Indianapolis-St. Louis-Springfield-Peoria,https://www.nlr.gov/docs/fy23osti/86791.pdf,https://www.nlr.gov/docs/fy25osti/91946.pdf
INDIANA,Cass,County,18,17,18017.0,G1800170,4,the Rural Eastern Climate Zone 5A Area,https://www.nlr.gov/docs/fy23osti/86757.pdf,https://www.nlr.gov/docs/fy25osti/91912.pdf
INDIANA,Clark,County,18,19,18019.0,G1800190,51,the Greater Louisville Area,https://www.nlr.gov/docs/fy23osti/86795.pdf,https://www.nlr.gov/docs/fy25osti/91950.pdf
INDIANA,Clay,County,18,21,18021.0,G1800210,47,Indianapolis-St. Louis-Springfield-Peoria,https://www.nlr.gov/docs/fy23osti/86791.pdf,https://www.nlr.gov/docs/fy25osti/91946.pdf
INDIANA,Clinton,County,18,23,18023.0,G1800230,4,the Rural Eastern Climate Zone 5A Area,https://www.nlr.gov/docs/fy23osti/86757.pdf,https://www.nlr.gov/docs/fy25osti/91912.pdf
INDIANA,Crawford,County,18,25,18025.0,G1800250,33,Rural Lower Plains-Upper South Appalachia,https://www.nlr.gov/docs/fy23osti/86779.pdf,https://www.nlr.gov/docs/fy25osti/91934.pdf
INDIANA,Daviess,County,18,27,18027.0,G1800270,33,Rural Lower Plains-Upper South Appalachia,https://www.nlr.gov/docs/fy23osti/86779.pdf,https://www.nlr.gov/docs/fy25osti/91934.pdf
INDIANA,DeKalb,County,18,33,18033.0,G1800330,4,the Rural Eastern Climate Zone 5A Area,https://www.nlr.gov/docs/fy23osti/86757.pdf,https://www.nlr.gov/docs/fy25osti/91912.pdf
INDIANA,Dearborn,County,18,29,18029.0,G1800290,56,the Columbus-Dayton-Cincinnati-Lexington Area,https://www.nlr.gov/docs/fy23osti/86800.pdf,https://www.nlr.gov/docs/fy25osti/91955.pdf
INDIANA,Decatur,County,18,31,18031.0,G1800310,4,the Rural Eastern Climate Zone 5A Area,https://www.nlr.gov/docs/fy23osti/86757.pdf,https://www.nlr.gov/docs/fy25osti/91912.pdf
INDIANA,Delaware,County,18,35,18035.0,G1800350,47,Indianapolis-St. Louis-Springfield-Peoria,https://www.nlr.gov/docs/fy23osti/86791.pdf,https://www.nlr.gov/docs/fy25osti/91946.pdf
INDIANA,Dubois,County,18,37,18037.0,G1800370,33,Rural Lower Plains-Upper South Appalachia,https://www.nlr.gov/docs/fy23osti/86779.pdf,https://www.nlr.gov/docs/fy25osti/91934.pdf
INDIANA,Elkhart,County,18,39,18039.0,G1800390,82,the Chicago to Green Bay and Madison Area,https://www.nlr.gov/docs/fy23osti/86825.pdf,https://www.nlr.gov/docs/fy25osti/91979.pdf
INDIANA,Fayette,County,18,41,18041.0,G1800410,4,the Rural Eastern Climate Zone 5A Area,https://www.nlr.gov/docs/fy23osti/86757.pdf,https://www.nlr.gov/docs/fy25osti/91912.pdf
INDIANA,Floyd,County,18,43,18043.0,G1800430,51,the Greater Louisville Area,https://www.nlr.gov/docs/fy23osti/86795.pdf,https://www.nlr.gov/docs/fy25osti/91950.pdf
INDIANA,Fountain,County,18,45,18045.0,G1800450,4,the Rural Eastern Climate Zone 5A Area,https://www.nlr.gov/docs/fy23osti/86757.pdf,https://www.nlr.gov/docs/fy25osti/91912.pdf
INDIANA,Franklin,County,18,47,18047.0,G1800470,56,the Columbus-Dayton-Cincinnati-Lexington Area,https://www.nlr.gov/docs/fy23osti/86800.pdf,https://www.nlr.gov/docs/fy25osti/91955.pdf
INDIANA,Fulton,County,18,49,18049.0,G1800490,4,the Rural Eastern Climate Zone 5A Area,https://www.nlr.gov/docs/fy23osti/86757.pdf,https://www.nlr.gov/docs/fy25osti/91912.pdf
INDIANA,Gibson,County,18,51,18051.0,G1800510,33,Rural Lower Plains-Upper South Appalachia,https://www.nlr.gov/docs/fy23osti/86779.pdf,https://www.nlr.gov/docs/fy25osti/91934.pdf
INDIANA,Grant,County,18,53,18053.0,G1800530,4,the Rural Eastern Climate Zone 5A Area,https://www.nlr.gov/docs/fy23osti/86757.pdf,https://www.nlr.gov/docs/fy25osti/91912.pdf
INDIANA,Greene,County,18,55,18055.0,G1800550,33,Rural Lower Plains-Upper South Appalachia,https://www.nlr.gov/docs/fy23osti/86779.pdf,https://www.nlr.gov/docs/fy25osti/91934.pdf
INDIANA,Hamilton,County,18,57,18057.0,G1800570,47,Indianapolis-St. Louis-Springfield-Peoria,https://www.nlr.gov/docs/fy23osti/86791.pdf,https://www.nlr.gov/docs/fy25osti/91946.pdf
INDIANA,Hancock,County,18,59,18059.0,G1800590,47,Indianapolis-St. Louis-Springfield-Peoria,https://www.nlr.gov/docs/fy23osti/86791.pdf,https://www.nlr.gov/docs/fy25osti/91946.pdf
INDIANA,Harrison,County,18,61,18061.0,G1800610,51,the Greater Louisville Area,https://www.nlr.gov/docs/fy23osti/86795.pdf,https://www.nlr.gov/docs/fy25osti/91950.pdf
INDIANA,Hendricks,County,18,63,18063.0,G1800630,47,Indianapolis-St. Louis-Springfield-Peoria,https://www.nlr.gov/docs/fy23osti/86791.pdf,https://www.nlr.gov/docs/fy25osti/91946.pdf
INDIANA,Henry,County,18,65,18065.0,G1800650,4,the Rural Eastern Climate Zone 5A Area,https://www.nlr.gov/docs/fy23osti/86757.pdf,https://www.nlr.gov/docs/fy25osti/91912.pdf
INDIANA,Howard,County,18,67,18067.0,G1800670,47,Indianapolis-St. Louis-Springfield-Peoria,https://www.nlr.gov/docs/fy23osti/86791.pdf,https://www.nlr.gov/docs/fy25osti/91946.pdf
INDIANA,Huntington,County,18,69,18069.0,G1800690,4,the Rural Eastern Climate Zone 5A Area,https://www.nlr.gov/docs/fy23osti/86757.pdf,https://www.nlr.gov/docs/fy25osti/91912.pdf
INDIANA,Jackson,County,18,71,18071.0,G1800710,33,Rural Lower Plains-Upper South Appalachia,https://www.nlr.gov/docs/fy23osti/86779.pdf,https://www.nlr.gov/docs/fy25osti/91934.pdf
INDIANA,Jasper,County,18,73,18073.0,G1800730,82,the Chicago to Green Bay and Madison Area,https://www.nlr.gov/docs/fy23osti/86825.pdf,https://www.nlr.gov/docs/fy25osti/91979.pdf
INDIANA,Jay,County,18,75,18075.0,G1800750,4,the Rural Eastern Climate Zone 5A Area,https://www.nlr.gov/docs/fy23osti/86757.pdf,https://www.nlr.gov/docs/fy25osti/91912.pdf
INDIANA,Jefferson,County,18,77,18077.0,G1800770,33,Rural Lower Plains-Upper South Appalachia,https://www.nlr.gov/docs/fy23osti/86779.pdf,https://www.nlr.gov/docs/fy25osti/91934.pdf
INDIANA,Jennings,County,18,79,18079.0,G1800790,33,Rural Lower Plains-Upper South Appalachia,https://www.nlr.gov/docs/fy23osti/86779.pdf,https://www.nlr.gov/docs/fy25osti/91934.pdf
INDIANA,Johnson,County,18,81,18081.0,G1800810,47,Indianapolis-St. Louis-Springfield-Peoria,https://www.nlr.gov/docs/fy23osti/86791.pdf,https://www.nlr.gov/docs/fy25osti/91946.pdf
INDIANA,Knox,County,18,83,18083.0,G1800830,33,Rural Lower Plains-Upper South Appalachia,https://www.nlr.gov/docs/fy23osti/86779.pdf,https://www.nlr.gov/docs/fy25osti/91934.pdf
INDIANA,Kosciusko,County,18,85,18085.0,G1800850,4,the Rural Eastern Climate Zone 5A Area,https://www.nlr.gov/docs/fy23osti/86757.pdf,https://www.nlr.gov/docs/fy25osti/91912.pdf
INDIANA,LaGrange,County,18,87,18087.0,G1800870,4,the Rural Eastern Climate Zone 5A Area,https://www.nlr.gov/docs/fy23osti/86757.pdf,https://www.nlr.gov/docs/fy25osti/91912.pdf
INDIANA,LaPorte,County,18,91,18091.0,G1800910,82,the Chicago to Green Bay and Madison Area,https://www.nlr.gov/docs/fy23osti/86825.pdf,https://www.nlr.gov/docs/fy25osti/91979.pdf
INDIANA,Lake,County,18,89,18089.0,G1800890,82,the Chicago to Green Bay and Madison Area,https://www.nlr.gov/docs/fy23osti/86825.pdf,https://www.nlr.gov/docs/fy25osti/91979.pdf
INDIANA,Lawrence,County,18,93,18093.0,G1800930,33,Rural Lower Plains-Upper South Appalachia,https://www.nlr.gov/docs/fy23osti/86779.pdf,https://www.nlr.gov/docs/fy25osti/91934.pdf
INDIANA,Madison,County,18,95,18095.0,G1800950,47,Indianapolis-St. Louis-Springfield-Peoria,https://www.nlr.gov/docs/fy23osti/86791.pdf,https://www.nlr.gov/docs/fy25osti/91946.pdf
INDIANA,Marion,County,18,97,18097.0,G1800970,47,Indianapolis-St. Louis-Springfield-Peoria,https://www.nlr.gov/docs/fy23osti/86791.pdf,https://www.nlr.gov/docs/fy25osti/91946.pdf
INDIANA,Marshall,County,18,99,18099.0,G1800990,4,the Rural Eastern Climate Zone 5A Area,https://www.nlr.gov/docs/fy23osti/86757.pdf,https://www.nlr.gov/docs/fy25osti/91912.pdf
INDIANA,Martin,County,18,101,18101.0,G1801010,33,Rural Lower Plains-Upper South Appalachia,https://www.nlr.gov/docs/fy23osti/86779.pdf,https://www.nlr.gov/docs/fy25osti/91934.pdf
INDIANA,Miami,County,18,103,18103.0,G1801030,4,the Rural Eastern Climate Zone 5A Area,https://www.nlr.gov/docs/fy23osti/86757.pdf,https://www.nlr.gov/docs/fy25osti/91912.pdf
INDIANA,Monroe,County,18,105,18105.0,G1801050,47,Indianapolis-St. Louis-Springfield-Peoria,https://www.nlr.gov/docs/fy23osti/86791.pdf,https://www.nlr.gov/docs/fy25osti/91946.pdf
INDIANA,Montgomery,County,18,107,18107.0,G1801070,4,the Rural Eastern Climate Zone 5A Area,https://www.nlr.gov/docs/fy23osti/86757.pdf,https://www.nlr.gov/docs/fy25osti/91912.pdf
INDIANA,Morgan,County,18,109,18109.0,G1801090,47,Indianapolis-St. Louis-Springfield-Peoria,https://www.nlr.gov/docs/fy23osti/86791.pdf,https://www.nlr.gov/docs/fy25osti/91946.pdf
INDIANA,Newton,County,18,111,18111.0,G1801110,82,the Chicago to Green Bay and Madison Area,https://www.nlr.gov/docs/fy23osti/86825.pdf,https://www.nlr.gov/docs/fy25osti/91979.pdf
INDIANA,Noble,County,18,113,18113.0,G1801130,4,the Rural Eastern Climate Zone 5A Area,https://www.nlr.gov/docs/fy23osti/86757.pdf,https://www.nlr.gov/docs/fy25osti/91912.pdf
INDIANA,Ohio,County,18,115,18115.0,G1801150,56,the Columbus-Dayton-Cincinnati-Lexington Area,https://www.nlr.gov/docs/fy23osti/86800.pdf,https://www.nlr.gov/docs/fy25osti/91955.pdf
INDIANA,Orange,County,18,117,18117.0,G1801170,33,Rural Lower Plains-Upper South Appalachia,https://www.nlr.gov/docs/fy23osti/86779.pdf,https://www.nlr.gov/docs/fy25osti/91934.pdf
INDIANA,Owen,County,18,119,18119.0,G1801190,47,Indianapolis-St. Louis-Springfield-Peoria,https://www.nlr.gov/docs/fy23osti/86791.pdf,https://www.nlr.gov/docs/fy25osti/91946.pdf
INDIANA,Parke,County,18,121,18121.0,G1801210,47,Indianapolis-St. Louis-Springfield-Peoria,https://www.nlr.gov/docs/fy23osti/86791.pdf,https://www.nlr.gov/docs/fy25osti/91946.pdf
INDIANA,Perry,County,18,123,18123.0,G1801230,33,Rural Lower Plains-Upper South Appalachia,https://www.nlr.gov/docs/fy23osti/86779.pdf,https://www.nlr.gov/docs/fy25osti/91934.pdf
INDIANA,Pike,County,18,125,18125.0,G1801250,33,Rural Lower Plains-Upper South Appalachia,https://www.nlr.gov/docs/fy23osti/86779.pdf,https://www.nlr.gov/docs/fy25osti/91934.pdf
INDIANA,Porter,County,18,127,18127.0,G1801270,82,the Chicago to Green Bay and Madison Area,https://www.nlr.gov/docs/fy23osti/86825.pdf,https://www.nlr.gov/docs/fy25osti/91979.pdf
INDIANA,Posey,County,18,129,18129.0,G1801290,3,the Evansville and the Shawnee National Forest Area,https://www.nlr.gov/docs/fy23osti/86756.pdf,https://www.nlr.gov/docs/fy25osti/91911.pdf
INDIANA,Pulaski,County,18,131,18131.0,G1801310,4,the Rural Eastern Climate Zone 5A Area,https://www.nlr.gov/docs/fy23osti/86757.pdf,https://www.nlr.gov/docs/fy25osti/91912.pdf
INDIANA,Putnam,County,18,133,18133.0,G1801330,47,Indianapolis-St. Louis-Springfield-Peoria,https://www.nlr.gov/docs/fy23osti/86791.pdf,https://www.nlr.gov/docs/fy25osti/91946.pdf
INDIANA,Randolph,County,18,135,18135.0,G1801350,4,the Rural Eastern Climate Zone 5A Area,https://www.nlr.gov/docs/fy23osti/86757.pdf,https://www.nlr.gov/docs/fy25osti/91912.pdf
INDIANA,Ripley,County,18,137,18137.0,G1801370,33,Rural Lower Plains-Upper South Appalachia,https://www.nlr.gov/docs/fy23osti/86779.pdf,https://www.nlr.gov/docs/fy25osti/91934.pdf
INDIANA,Rush,County,18,139,18139.0,G1801390,4,the Rural Eastern Climate Zone 5A Area,https://www.nlr.gov/docs/fy23osti/86757.pdf,https://www.nlr.gov/docs/fy25osti/91912.pdf
INDIANA,Scott,County,18,143,18143.0,G1801430,33,Rural Lower Plains-Upper South Appalachia,https://www.nlr.gov/docs/fy23osti/86779.pdf,https://www.nlr.gov/docs/fy25osti/91934.pdf
INDIANA,Shelby,County,18,145,18145.0,G1801450,47,Indianapolis-St. Louis-Springfield-Peoria,https://www.nlr.gov/docs/fy23osti/86791.pdf,https://www.nlr.gov/docs/fy25osti/91946.pdf
INDIANA,Spencer,County,18,147,18147.0,G1801470,33,Rural Lower Plains-Upper South Appalachia,https://www.nlr.gov/docs/fy23osti/86779.pdf,https://www.nlr.gov/docs/fy25osti/91934.pdf
INDIANA,St. Joseph,County,18,141,18141.0,G1801410,82,the Chicago to Green Bay and Madison Area,https://www.nlr.gov/docs/fy23osti/86825.pdf,https://www.nlr.gov/docs/fy25osti/91979.pdf
INDIANA,Starke,County,18,149,18149.0,G1801490,4,the Rural Eastern Climate Zone 5A Area,https://www.nlr.gov/docs/fy23osti/86757.pdf,https://www.nlr.gov/docs/fy25osti/91912.pdf
INDIANA,Steuben,County,18,151,18151.0,G1801510,4,the Rural Eastern Climate Zone 5A Area,https://www.nlr.gov/docs/fy23osti/86757.pdf,https://www.nlr.gov/docs/fy25osti/91912.pdf
INDIANA,Sullivan,County,18,153,18153.0,G1801530,47,Indianapolis-St. Louis-Springfield-Peoria,https://www.nlr.gov/docs/fy23osti/86791.pdf,https://www.nlr.gov/docs/fy25osti/91946.pdf
INDIANA,Switzerland,County,18,155,18155.0,G1801550,33,Rural Lower Plains-Upper South Appalachia,https://www.nlr.gov/docs/fy23osti/86779.pdf,https://www.nlr.gov/docs/fy25osti/91934.pdf
INDIANA,Tippecanoe,County,18,157,18157.0,G1801570,47,Indianapolis-St. Louis-Springfield-Peoria,https://www.nlr.gov/docs/fy23osti/86791.pdf,https://www.nlr.gov/docs/fy25osti/91946.pdf
INDIANA,Tipton,County,18,159,18159.0,G1801590,4,the Rural Eastern Climate Zone 5A Area,https://www.nlr.gov/docs/fy23osti/86757.pdf,https://www.nlr.gov/docs/fy25osti/91912.pdf
INDIANA,Union,County,18,161,18161.0,G1801610,56,the Columbus-Dayton-Cincinnati-Lexington Area,https://www.nlr.gov/docs/fy23osti/86800.pdf,https://www.nlr.gov/docs/fy25osti/91955.pdf
INDIANA,Vanderburgh,County,18,163,18163.0,G1801630,3,the Evansville and the Shawnee National Forest Area,https://www.nlr.gov/docs/fy23osti/86756.pdf,https://www.nlr.gov/docs/fy25osti/91911.pdf
INDIANA,Vermillion,County,18,165,18165.0,G1801650,47,Indianapolis-St. Louis-Springfield-Peoria,https://www.nlr.gov/docs/fy23osti/86791.pdf,https://www.nlr.gov/docs/fy25osti/91946.pdf
INDIANA,Vigo,County,18,167,18167.0,G1801670,47,Indianapolis-St. Louis-Springfield-Peoria,https://www.nlr.gov/docs/fy23osti/86791.pdf,https://www.nlr.gov/docs/fy25osti/91946.pdf
INDIANA,Wabash,County,18,169,18169.0,G1801690,4,the Rural Eastern Climate Zone 5A Area,https://www.nlr.gov/docs/fy23osti/86757.pdf,https://www.nlr.gov/docs/fy25osti/91912.pdf
INDIANA,Warren,County,18,171,18171.0,G1801710,47,Indianapolis-St. Louis-Springfield-Peoria,https://www.nlr.gov/docs/fy23osti/86791.pdf,https://www.nlr.gov/docs/fy25osti/91946.pdf
INDIANA,Warrick,County,18,173,18173.0,G1801730,3,the Evansville and the Shawnee National Forest Area,https://www.nlr.gov/docs/fy23osti/86756.pdf,https://www.nlr.gov/docs/fy25osti/91911.pdf
INDIANA,Washington,County,18,175,18175.0,G1801750,51,the Greater Louisville Area,https://www.nlr.gov/docs/fy23osti/86795.pdf,https://www.nlr.gov/docs/fy25osti/91950.pdf
INDIANA,Wayne,County,18,177,18177.0,G1801770,4,the Rural Eastern Climate Zone 5A Area,https://www.nlr.gov/docs/fy23osti/86757.pdf,https://www.nlr.gov/docs/fy25osti/91912.pdf
INDIANA,Wells,County,18,179,18179.0,G1801790,4,the Rural Eastern Climate Zone 5A Area,https://www.nlr.gov/docs/fy23osti/86757.pdf,https://www.nlr.gov/docs/fy25osti/91912.pdf
INDIANA,White,County,18,181,18181.0,G1801810,4,the Rural Eastern Climate Zone 5A Area,https://www.nlr.gov/docs/fy23osti/86757.pdf,https://www.nlr.gov/docs/fy25osti/91912.pdf
INDIANA,Whitley,County,18,183,18183.0,G1801830,47,Indianapolis-St. Louis-Springfield-Peoria,https://www.nlr.gov/docs/fy23osti/86791.pdf,https://www.nlr.gov/docs/fy25osti/91946.pdf
IOWA,Adair,County,19,1,19001.0,G1900010,17,Rural Lower Midwest and High Plains,https://www.nlr.gov/docs/fy23osti/86763.pdf,https://www.nlr.gov/docs/fy25osti/91918.pdf
IOWA,Adams,County,19,3,19003.0,G1900030,17,Rural Lower Midwest and High Plains,https://www.nlr.gov/docs/fy23osti/86763.pdf,https://www.nlr.gov/docs/fy25osti/91918.pdf
IOWA,Allamakee,County,19,5,19005.0,G1900050,43,Rural Midwest Climate Zone 6A,https://www.nlr.gov/docs/fy23osti/86788.pdf,https://www.nlr.gov/docs/fy25osti/91943.pdf
IOWA,Appanoose,County,19,7,19007.0,G1900070,17,Rural Lower Midwest and High Plains,https://www.nlr.gov/docs/fy23osti/86763.pdf,https://www.nlr.gov/docs/fy25osti/91918.pdf
IOWA,Audubon,County,19,9,19009.0,G1900090,17,Rural Lower Midwest and High Plains,https://www.nlr.gov/docs/fy23osti/86763.pdf,https://www.nlr.gov/docs/fy25osti/91918.pdf
IOWA,Benton,County,19,11,19011.0,G1900110,0,"Des Moines, Cedar Rapids, Sioux Falls",https://www.nlr.gov/docs/fy23osti/86753.pdf,https://www.nlr.gov/docs/fy25osti/91908.pdf
IOWA,Black Hawk,County,19,13,19013.0,G1900130,0,"Des Moines, Cedar Rapids, Sioux Falls",https://www.nlr.gov/docs/fy23osti/86753.pdf,https://www.nlr.gov/docs/fy25osti/91908.pdf
IOWA,Boone,County,19,15,19015.0,G1900150,0,"Des Moines, Cedar Rapids, Sioux Falls",https://www.nlr.gov/docs/fy23osti/86753.pdf,https://www.nlr.gov/docs/fy25osti/91908.pdf
IOWA,Bremer,County,19,17,19017.0,G1900170,0,"Des Moines, Cedar Rapids, Sioux Falls",https://www.nlr.gov/docs/fy23osti/86753.pdf,https://www.nlr.gov/docs/fy25osti/91908.pdf
IOWA,Buchanan,County,19,19,19019.0,G1900190,43,Rural Midwest Climate Zone 6A,https://www.nlr.gov/docs/fy23osti/86788.pdf,https://www.nlr.gov/docs/fy25osti/91943.pdf
IOWA,Buena Vista,County,19,21,19021.0,G1900210,43,Rural Midwest Climate Zone 6A,https://www.nlr.gov/docs/fy23osti/86788.pdf,https://www.nlr.gov/docs/fy25osti/91943.pdf
IOWA,Butler,County,19,23,19023.0,G1900230,43,Rural Midwest Climate Zone 6A,https://www.nlr.gov/docs/fy23osti/86788.pdf,https://www.nlr.gov/docs/fy25osti/91943.pdf
IOWA,Calhoun,County,19,25,19025.0,G1900250,43,Rural Midwest Climate Zone 6A,https://www.nlr.gov/docs/fy23osti/86788.pdf,https://www.nlr.gov/docs/fy25osti/91943.pdf
IOWA,Carroll,County,19,27,19027.0,G1900270,17,Rural Lower Midwest and High Plains,https://www.nlr.gov/docs/fy23osti/86763.pdf,https://www.nlr.gov/docs/fy25osti/91918.pdf
IOWA,Cass,County,19,29,19029.0,G1900290,17,Rural Lower Midwest and High Plains,https://www.nlr.gov/docs/fy23osti/86763.pdf,https://www.nlr.gov/docs/fy25osti/91918.pdf
IOWA,Cedar,County,19,31,19031.0,G1900310,17,Rural Lower Midwest and High Plains,https://www.nlr.gov/docs/fy23osti/86763.pdf,https://www.nlr.gov/docs/fy25osti/91918.pdf
IOWA,Cerro Gordo,County,19,33,19033.0,G1900330,43,Rural Midwest Climate Zone 6A,https://www.nlr.gov/docs/fy23osti/86788.pdf,https://www.nlr.gov/docs/fy25osti/91943.pdf
IOWA,Cherokee,County,19,35,19035.0,G1900350,43,Rural Midwest Climate Zone 6A,https://www.nlr.gov/docs/fy23osti/86788.pdf,https://www.nlr.gov/docs/fy25osti/91943.pdf
IOWA,Chickasaw,County,19,37,19037.0,G1900370,43,Rural Midwest Climate Zone 6A,https://www.nlr.gov/docs/fy23osti/86788.pdf,https://www.nlr.gov/docs/fy25osti/91943.pdf
IOWA,Clarke,County,19,39,19039.0,G1900390,17,Rural Lower Midwest and High Plains,https://www.nlr.gov/docs/fy23osti/86763.pdf,https://www.nlr.gov/docs/fy25osti/91918.pdf
IOWA,Clay,County,19,41,19041.0,G1900410,43,Rural Midwest Climate Zone 6A,https://www.nlr.gov/docs/fy23osti/86788.pdf,https://www.nlr.gov/docs/fy25osti/91943.pdf
IOWA,Clayton,County,19,43,19043.0,G1900430,43,Rural Midwest Climate Zone 6A,https://www.nlr.gov/docs/fy23osti/86788.pdf,https://www.nlr.gov/docs/fy25osti/91943.pdf
IOWA,Clinton,County,19,45,19045.0,G1900450,17,Rural Lower Midwest and High Plains,https://www.nlr.gov/docs/fy23osti/86763.pdf,https://www.nlr.gov/docs/fy25osti/91918.pdf
IOWA,Crawford,County,19,47,19047.0,G1900470,17,Rural Lower Midwest and High Plains,https://www.nlr.gov/docs/fy23osti/86763.pdf,https://www.nlr.gov/docs/fy25osti/91918.pdf
IOWA,Dallas,County,19,49,19049.0,G1900490,0,"Des Moines, Cedar Rapids, Sioux Falls",https://www.nlr.gov/docs/fy23osti/86753.pdf,https://www.nlr.gov/docs/fy25osti/91908.pdf
IOWA,Davis,County,19,51,19051.0,G1900510,17,Rural Lower Midwest and High Plains,https://www.nlr.gov/docs/fy23osti/86763.pdf,https://www.nlr.gov/docs/fy25osti/91918.pdf
IOWA,Decatur,County,19,53,19053.0,G1900530,17,Rural Lower Midwest and High Plains,https://www.nlr.gov/docs/fy23osti/86763.pdf,https://www.nlr.gov/docs/fy25osti/91918.pdf
IOWA,Delaware,County,19,55,19055.0,G1900550,43,Rural Midwest Climate Zone 6A,https://www.nlr.gov/docs/fy23osti/86788.pdf,https://www.nlr.gov/docs/fy25osti/91943.pdf
IOWA,Des Moines,County,19,57,19057.0,G1900570,17,Rural Lower Midwest and High Plains,https://www.nlr.gov/docs/fy23osti/86763.pdf,https://www.nlr.gov/docs/fy25osti/91918.pdf
IOWA,Dickinson,County,19,59,19059.0,G1900590,43,Rural Midwest Climate Zone 6A,https://www.nlr.gov/docs/fy23osti/86788.pdf,https://www.nlr.gov/docs/fy25osti/91943.pdf
IOWA,Dubuque,County,19,61,19061.0,G1900610,0,"Des Moines, Cedar Rapids, Sioux Falls",https://www.nlr.gov/docs/fy23osti/86753.pdf,https://www.nlr.gov/docs/fy25osti/91908.pdf
IOWA,Emmet,County,19,63,19063.0,G1900630,43,Rural Midwest Climate Zone 6A,https://www.nlr.gov/docs/fy23osti/86788.pdf,https://www.nlr.gov/docs/fy25osti/91943.pdf
IOWA,Fayette,County,19,65,19065.0,G1900650,43,Rural Midwest Climate Zone 6A,https://www.nlr.gov/docs/fy23osti/86788.pdf,https://www.nlr.gov/docs/fy25osti/91943.pdf
IOWA,Floyd,County,19,67,19067.0,G1900670,43,Rural Midwest Climate Zone 6A,https://www.nlr.gov/docs/fy23osti/86788.pdf,https://www.nlr.gov/docs/fy25osti/91943.pdf
IOWA,Franklin,County,19,69,19069.0,G1900690,43,Rural Midwest Climate Zone 6A,https://www.nlr.gov/docs/fy23osti/86788.pdf,https://www.nlr.gov/docs/fy25osti/91943.pdf
IOWA,Fremont,County,19,71,19071.0,G1900710,17,Rural Lower Midwest and High Plains,https://www.nlr.gov/docs/fy23osti/86763.pdf,https://www.nlr.gov/docs/fy25osti/91918.pdf
IOWA,Greene,County,19,73,19073.0,G1900730,17,Rural Lower Midwest and High Plains,https://www.nlr.gov/docs/fy23osti/86763.pdf,https://www.nlr.gov/docs/fy25osti/91918.pdf
IOWA,Grundy,County,19,75,19075.0,G1900750,0,"Des Moines, Cedar Rapids, Sioux Falls",https://www.nlr.gov/docs/fy23osti/86753.pdf,https://www.nlr.gov/docs/fy25osti/91908.pdf
IOWA,Guthrie,County,19,77,19077.0,G1900770,0,"Des Moines, Cedar Rapids, Sioux Falls",https://www.nlr.gov/docs/fy23osti/86753.pdf,https://www.nlr.gov/docs/fy25osti/91908.pdf
IOWA,Hamilton,County,19,79,19079.0,G1900790,43,Rural Midwest Climate Zone 6A,https://www.nlr.gov/docs/fy23osti/86788.pdf,https://www.nlr.gov/docs/fy25osti/91943.pdf
IOWA,Hancock,County,19,81,19081.0,G1900810,43,Rural Midwest Climate Zone 6A,https://www.nlr.gov/docs/fy23osti/86788.pdf,https://www.nlr.gov/docs/fy25osti/91943.pdf
IOWA,Hardin,County,19,83,19083.0,G1900830,43,Rural Midwest Climate Zone 6A,https://www.nlr.gov/docs/fy23osti/86788.pdf,https://www.nlr.gov/docs/fy25osti/91943.pdf
IOWA,Harrison,County,19,85,19085.0,G1900850,78,the Omaha-Lincoln Area,https://www.nlr.gov/docs/fy23osti/86821.pdf,https://www.nlr.gov/docs/fy25osti/91975.pdf
IOWA,Henry,County,19,87,19087.0,G1900870,17,Rural Lower Midwest and High Plains,https://www.nlr.gov/docs/fy23osti/86763.pdf,https://www.nlr.gov/docs/fy25osti/91918.pdf
IOWA,Howard,County,19,89,19089.0,G1900890,43,Rural Midwest Climate Zone 6A,https://www.nlr.gov/docs/fy23osti/86788.pdf,https://www.nlr.gov/docs/fy25osti/91943.pdf
IOWA,Humboldt,County,19,91,19091.0,G1900910,43,Rural Midwest Climate Zone 6A,https://www.nlr.gov/docs/fy23osti/86788.pdf,https://www.nlr.gov/docs/fy25osti/91943.pdf
IOWA,Ida,County,19,93,19093.0,G1900930,43,Rural Midwest Climate Zone 6A,https://www.nlr.gov/docs/fy23osti/86788.pdf,https://www.nlr.gov/docs/fy25osti/91943.pdf
IOWA,Iowa,County,19,95,19095.0,G1900950,17,Rural Lower Midwest and High Plains,https://www.nlr.gov/docs/fy23osti/86763.pdf,https://www.nlr.gov/docs/fy25osti/91918.pdf
IOWA,Jackson,County,19,97,19097.0,G1900970,17,Rural Lower Midwest and High Plains,https://www.nlr.gov/docs/fy23osti/86763.pdf,https://www.nlr.gov/docs/fy25osti/91918.pdf
IOWA,Jasper,County,19,99,19099.0,G1900990,0,"Des Moines, Cedar Rapids, Sioux Falls",https://www.nlr.gov/docs/fy23osti/86753.pdf,https://www.nlr.gov/docs/fy25osti/91908.pdf
IOWA,Jefferson,County,19,101,19101.0,G1901010,17,Rural Lower Midwest and High Plains,https://www.nlr.gov/docs/fy23osti/86763.pdf,https://www.nlr.gov/docs/fy25osti/91918.pdf
IOWA,Johnson,County,19,103,19103.0,G1901030,0,"Des Moines, Cedar Rapids, Sioux Falls",https://www.nlr.gov/docs/fy23osti/86753.pdf,https://www.nlr.gov/docs/fy25osti/91908.pdf
IOWA,Jones,County,19,105,19105.0,G1901050,0,"Des Moines, Cedar Rapids, Sioux Falls",https://www.nlr.gov/docs/fy23osti/86753.pdf,https://www.nlr.gov/docs/fy25osti/91908.pdf
IOWA,Keokuk,County,19,107,19107.0,G1901070,17,Rural Lower Midwest and High Plains,https://www.nlr.gov/docs/fy23osti/86763.pdf,https://www.nlr.gov/docs/fy25osti/91918.pdf
IOWA,Kossuth,County,19,109,19109.0,G1901090,43,Rural Midwest Climate Zone 6A,https://www.nlr.gov/docs/fy23osti/86788.pdf,https://www.nlr.gov/docs/fy25osti/91943.pdf
IOWA,Lee,County,19,111,19111.0,G1901110,17,Rural Lower Midwest and High Plains,https://www.nlr.gov/docs/fy23osti/86763.pdf,https://www.nlr.gov/docs/fy25osti/91918.pdf
IOWA,Linn,County,19,113,19113.0,G1901130,0,"Des Moines, Cedar Rapids, Sioux Falls",https://www.nlr.gov/docs/fy23osti/86753.pdf,https://www.nlr.gov/docs/fy25osti/91908.pdf
IOWA,Louisa,County,19,115,19115.0,G1901150,17,Rural Lower Midwest and High Plains,https://www.nlr.gov/docs/fy23osti/86763.pdf,https://www.nlr.gov/docs/fy25osti/91918.pdf
IOWA,Lucas,County,19,117,19117.0,G1901170,17,Rural Lower Midwest and High Plains,https://www.nlr.gov/docs/fy23osti/86763.pdf,https://www.nlr.gov/docs/fy25osti/91918.pdf
IOWA,Lyon,County,19,119,19119.0,G1901190,43,Rural Midwest Climate Zone 6A,https://www.nlr.gov/docs/fy23osti/86788.pdf,https://www.nlr.gov/docs/fy25osti/91943.pdf
IOWA,Madison,County,19,121,19121.0,G1901210,0,"Des Moines, Cedar Rapids, Sioux Falls",https://www.nlr.gov/docs/fy23osti/86753.pdf,https://www.nlr.gov/docs/fy25osti/91908.pdf
IOWA,Mahaska,County,19,123,19123.0,G1901230,17,Rural Lower Midwest and High Plains,https://www.nlr.gov/docs/fy23osti/86763.pdf,https://www.nlr.gov/docs/fy25osti/91918.pdf
IOWA,Marion,County,19,125,19125.0,G1901250,17,Rural Lower Midwest and High Plains,https://www.nlr.gov/docs/fy23osti/86763.pdf,https://www.nlr.gov/docs/fy25osti/91918.pdf
IOWA,Marshall,County,19,127,19127.0,G1901270,17,Rural Lower Midwest and High Plains,https://www.nlr.gov/docs/fy23osti/86763.pdf,https://www.nlr.gov/docs/fy25osti/91918.pdf
IOWA,Mills,County,19,129,19129.0,G1901290,78,the Omaha-Lincoln Area,https://www.nlr.gov/docs/fy23osti/86821.pdf,https://www.nlr.gov/docs/fy25osti/91975.pdf
IOWA,Mitchell,County,19,131,19131.0,G1901310,43,Rural Midwest Climate Zone 6A,https://www.nlr.gov/docs/fy23osti/86788.pdf,https://www.nlr.gov/docs/fy25osti/91943.pdf
IOWA,Monona,County,19,133,19133.0,G1901330,17,Rural Lower Midwest and High Plains,https://www.nlr.gov/docs/fy23osti/86763.pdf,https://www.nlr.gov/docs/fy25osti/91918.pdf
IOWA,Monroe,County,19,135,19135.0,G1901350,17,Rural Lower Midwest and High Plains,https://www.nlr.gov/docs/fy23osti/86763.pdf,https://www.nlr.gov/docs/fy25osti/91918.pdf
IOWA,Montgomery,County,19,137,19137.0,G1901370,17,Rural Lower Midwest and High Plains,https://www.nlr.gov/docs/fy23osti/86763.pdf,https://www.nlr.gov/docs/fy25osti/91918.pdf
IOWA,Muscatine,County,19,139,19139.0,G1901390,17,Rural Lower Midwest and High Plains,https://www.nlr.gov/docs/fy23osti/86763.pdf,https://www.nlr.gov/docs/fy25osti/91918.pdf
IOWA,O'Brien,County,19,141,19141.0,G1901410,43,Rural Midwest Climate Zone 6A,https://www.nlr.gov/docs/fy23osti/86788.pdf,https://www.nlr.gov/docs/fy25osti/91943.pdf
IOWA,Osceola,County,19,143,19143.0,G1901430,43,Rural Midwest Climate Zone 6A,https://www.nlr.gov/docs/fy23osti/86788.pdf,https://www.nlr.gov/docs/fy25osti/91943.pdf
IOWA,Page,County,19,145,19145.0,G1901450,17,Rural Lower Midwest and High Plains,https://www.nlr.gov/docs/fy23osti/86763.pdf,https://www.nlr.gov/docs/fy25osti/91918.pdf
IOWA,Palo Alto,County,19,147,19147.0,G1901470,43,Rural Midwest Climate Zone 6A,https://www.nlr.gov/docs/fy23osti/86788.pdf,https://www.nlr.gov/docs/fy25osti/91943.pdf
IOWA,Plymouth,County,19,149,19149.0,G1901490,43,Rural Midwest Climate Zone 6A,https://www.nlr.gov/docs/fy23osti/86788.pdf,https://www.nlr.gov/docs/fy25osti/91943.pdf
IOWA,Pocahontas,County,19,151,19151.0,G1901510,43,Rural Midwest Climate Zone 6A,https://www.nlr.gov/docs/fy23osti/86788.pdf,https://www.nlr.gov/docs/fy25osti/91943.pdf
IOWA,Polk,County,19,153,19153.0,G1901530,0,"Des Moines, Cedar Rapids, Sioux Falls",https://www.nlr.gov/docs/fy23osti/86753.pdf,https://www.nlr.gov/docs/fy25osti/91908.pdf
IOWA,Pottawattamie,County,19,155,19155.0,G1901550,78,the Omaha-Lincoln Area,https://www.nlr.gov/docs/fy23osti/86821.pdf,https://www.nlr.gov/docs/fy25osti/91975.pdf
IOWA,Poweshiek,County,19,157,19157.0,G1901570,17,Rural Lower Midwest and High Plains,https://www.nlr.gov/docs/fy23osti/86763.pdf,https://www.nlr.gov/docs/fy25osti/91918.pdf
IOWA,Ringgold,County,19,159,19159.0,G1901590,17,Rural Lower Midwest and High Plains,https://www.nlr.gov/docs/fy23osti/86763.pdf,https://www.nlr.gov/docs/fy25osti/91918.pdf
IOWA,Sac,County,19,161,19161.0,G1901610,43,Rural Midwest Climate Zone 6A,https://www.nlr.gov/docs/fy23osti/86788.pdf,https://www.nlr.gov/docs/fy25osti/91943.pdf
IOWA,Scott,County,19,163,19163.0,G1901630,47,Indianapolis-St. Louis-Springfield-Peoria,https://www.nlr.gov/docs/fy23osti/86791.pdf,https://www.nlr.gov/docs/fy25osti/91946.pdf
IOWA,Shelby,County,19,165,19165.0,G1901650,17,Rural Lower Midwest and High Plains,https://www.nlr.gov/docs/fy23osti/86763.pdf,https://www.nlr.gov/docs/fy25osti/91918.pdf
IOWA,Sioux,County,19,167,19167.0,G1901670,43,Rural Midwest Climate Zone 6A,https://www.nlr.gov/docs/fy23osti/86788.pdf,https://www.nlr.gov/docs/fy25osti/91943.pdf
IOWA,Story,County,19,169,19169.0,G1901690,0,"Des Moines, Cedar Rapids, Sioux Falls",https://www.nlr.gov/docs/fy23osti/86753.pdf,https://www.nlr.gov/docs/fy25osti/91908.pdf
IOWA,Tama,County,19,171,19171.0,G1901710,17,Rural Lower Midwest and High Plains,https://www.nlr.gov/docs/fy23osti/86763.pdf,https://www.nlr.gov/docs/fy25osti/91918.pdf
IOWA,Taylor,County,19,173,19173.0,G1901730,17,Rural Lower Midwest and High Plains,https://www.nlr.gov/docs/fy23osti/86763.pdf,https://www.nlr.gov/docs/fy25osti/91918.pdf
IOWA,Union,County,19,175,19175.0,G1901750,17,Rural Lower Midwest and High Plains,https://www.nlr.gov/docs/fy23osti/86763.pdf,https://www.nlr.gov/docs/fy25osti/91918.pdf
IOWA,Van Buren,County,19,177,19177.0,G1901770,17,Rural Lower Midwest and High Plains,https://www.nlr.gov/docs/fy23osti/86763.pdf,https://www.nlr.gov/docs/fy25osti/91918.pdf
IOWA,Wapello,County,19,179,19179.0,G1901790,17,Rural Lower Midwest and High Plains,https://www.nlr.gov/docs/fy23osti/86763.pdf,https://www.nlr.gov/docs/fy25osti/91918.pdf
IOWA,Warren,County,19,181,19181.0,G1901810,0,"Des Moines, Cedar Rapids, Sioux Falls",https://www.nlr.gov/docs/fy23osti/86753.pdf,https://www.nlr.gov/docs/fy25osti/91908.pdf
IOWA,Washington,County,19,183,19183.0,G1901830,0,"Des Moines, Cedar Rapids, Sioux Falls",https://www.nlr.gov/docs/fy23osti/86753.pdf,https://www.nlr.gov/docs/fy25osti/91908.pdf
IOWA,Wayne,County,19,185,19185.0,G1901850,17,Rural Lower Midwest and High Plains,https://www.nlr.gov/docs/fy23osti/86763.pdf,https://www.nlr.gov/docs/fy25osti/91918.pdf
IOWA,Webster,County,19,187,19187.0,G1901870,43,Rural Midwest Climate Zone 6A,https://www.nlr.gov/docs/fy23osti/86788.pdf,https://www.nlr.gov/docs/fy25osti/91943.pdf
IOWA,Winnebago,County,19,189,19189.0,G1901890,43,Rural Midwest Climate Zone 6A,https://www.nlr.gov/docs/fy23osti/86788.pdf,https://www.nlr.gov/docs/fy25osti/91943.pdf
IOWA,Winneshiek,County,19,191,19191.0,G1901910,43,Rural Midwest Climate Zone 6A,https://www.nlr.gov/docs/fy23osti/86788.pdf,https://www.nlr.gov/docs/fy25osti/91943.pdf
IOWA,Woodbury,County,19,193,19193.0,G1901930,0,"Des Moines, Cedar Rapids, Sioux Falls",https://www.nlr.gov/docs/fy23osti/86753.pdf,https://www.nlr.gov/docs/fy25osti/91908.pdf
IOWA,Worth,County,19,195,19195.0,G1901950,43,Rural Midwest Climate Zone 6A,https://www.nlr.gov/docs/fy23osti/86788.pdf,https://www.nlr.gov/docs/fy25osti/91943.pdf
IOWA,Wright,County,19,197,19197.0,G1901970,43,Rural Midwest Climate Zone 6A,https://www.nlr.gov/docs/fy23osti/86788.pdf,https://www.nlr.gov/docs/fy25osti/91943.pdf
KANSAS,Allen,County,20,1,20001.0,G2000010,33,Rural Lower Plains-Upper South Appalachia,https://www.nlr.gov/docs/fy23osti/86779.pdf,https://www.nlr.gov/docs/fy25osti/91934.pdf
KANSAS,Anderson,County,20,3,20003.0,G2000030,33,Rural Lower Plains-Upper South Appalachia,https://www.nlr.gov/docs/fy23osti/86779.pdf,https://www.nlr.gov/docs/fy25osti/91934.pdf
KANSAS,Atchison,County,20,5,20005.0,G2000050,33,Rural Lower Plains-Upper South Appalachia,https://www.nlr.gov/docs/fy23osti/86779.pdf,https://www.nlr.gov/docs/fy25osti/91934.pdf
KANSAS,Barber,County,20,7,20007.0,G2000070,33,Rural Lower Plains-Upper South Appalachia,https://www.nlr.gov/docs/fy23osti/86779.pdf,https://www.nlr.gov/docs/fy25osti/91934.pdf
KANSAS,Barton,County,20,9,20009.0,G2000090,33,Rural Lower Plains-Upper South Appalachia,https://www.nlr.gov/docs/fy23osti/86779.pdf,https://www.nlr.gov/docs/fy25osti/91934.pdf
KANSAS,Bourbon,County,20,11,20011.0,G2000110,33,Rural Lower Plains-Upper South Appalachia,https://www.nlr.gov/docs/fy23osti/86779.pdf,https://www.nlr.gov/docs/fy25osti/91934.pdf
KANSAS,Brown,County,20,13,20013.0,G2000130,33,Rural Lower Plains-Upper South Appalachia,https://www.nlr.gov/docs/fy23osti/86779.pdf,https://www.nlr.gov/docs/fy25osti/91934.pdf
KANSAS,Butler,County,20,15,20015.0,G2000150,60,the Greater Columbia-Fayetteville-Jefferson City-Joplin-Springfield-Wichita Areas,https://www.nlr.gov/docs/fy23osti/86804.pdf,https://www.nlr.gov/docs/fy25osti/91959.pdf
KANSAS,Chase,County,20,17,20017.0,G2000170,33,Rural Lower Plains-Upper South Appalachia,https://www.nlr.gov/docs/fy23osti/86779.pdf,https://www.nlr.gov/docs/fy25osti/91934.pdf
KANSAS,Chautauqua,County,20,19,20019.0,G2000190,33,Rural Lower Plains-Upper South Appalachia,https://www.nlr.gov/docs/fy23osti/86779.pdf,https://www.nlr.gov/docs/fy25osti/91934.pdf
KANSAS,Cherokee,County,20,21,20021.0,G2000210,33,Rural Lower Plains-Upper South Appalachia,https://www.nlr.gov/docs/fy23osti/86779.pdf,https://www.nlr.gov/docs/fy25osti/91934.pdf
KANSAS,Cheyenne,County,20,23,20023.0,G2000230,17,Rural Lower Midwest and High Plains,https://www.nlr.gov/docs/fy23osti/86763.pdf,https://www.nlr.gov/docs/fy25osti/91918.pdf
KANSAS,Clark,County,20,25,20025.0,G2000250,33,Rural Lower Plains-Upper South Appalachia,https://www.nlr.gov/docs/fy23osti/86779.pdf,https://www.nlr.gov/docs/fy25osti/91934.pdf
KANSAS,Clay,County,20,27,20027.0,G2000270,33,Rural Lower Plains-Upper South Appalachia,https://www.nlr.gov/docs/fy23osti/86779.pdf,https://www.nlr.gov/docs/fy25osti/91934.pdf
KANSAS,Cloud,County,20,29,20029.0,G2000290,17,Rural Lower Midwest and High Plains,https://www.nlr.gov/docs/fy23osti/86763.pdf,https://www.nlr.gov/docs/fy25osti/91918.pdf
KANSAS,Coffey,County,20,31,20031.0,G2000310,33,Rural Lower Plains-Upper South Appalachia,https://www.nlr.gov/docs/fy23osti/86779.pdf,https://www.nlr.gov/docs/fy25osti/91934.pdf
KANSAS,Comanche,County,20,33,20033.0,G2000330,33,Rural Lower Plains-Upper South Appalachia,https://www.nlr.gov/docs/fy23osti/86779.pdf,https://www.nlr.gov/docs/fy25osti/91934.pdf
KANSAS,Cowley,County,20,35,20035.0,G2000350,33,Rural Lower Plains-Upper South Appalachia,https://www.nlr.gov/docs/fy23osti/86779.pdf,https://www.nlr.gov/docs/fy25osti/91934.pdf
KANSAS,Crawford,County,20,37,20037.0,G2000370,33,Rural Lower Plains-Upper South Appalachia,https://www.nlr.gov/docs/fy23osti/86779.pdf,https://www.nlr.gov/docs/fy25osti/91934.pdf
KANSAS,Decatur,County,20,39,20039.0,G2000390,17,Rural Lower Midwest and High Plains,https://www.nlr.gov/docs/fy23osti/86763.pdf,https://www.nlr.gov/docs/fy25osti/91918.pdf
KANSAS,Dickinson,County,20,41,20041.0,G2000410,33,Rural Lower Plains-Upper South Appalachia,https://www.nlr.gov/docs/fy23osti/86779.pdf,https://www.nlr.gov/docs/fy25osti/91934.pdf
KANSAS,Doniphan,County,20,43,20043.0,G2000430,30,Greater Kansas City,https://www.nlr.gov/docs/fy23osti/86776.pdf,https://www.nlr.gov/docs/fy25osti/91931.pdf
KANSAS,Douglas,County,20,45,20045.0,G2000450,30,Greater Kansas City,https://www.nlr.gov/docs/fy23osti/86776.pdf,https://www.nlr.gov/docs/fy25osti/91931.pdf
KANSAS,Edwards,County,20,47,20047.0,G2000470,33,Rural Lower Plains-Upper South Appalachia,https://www.nlr.gov/docs/fy23osti/86779.pdf,https://www.nlr.gov/docs/fy25osti/91934.pdf
KANSAS,Elk,County,20,49,20049.0,G2000490,33,Rural Lower Plains-Upper South Appalachia,https://www.nlr.gov/docs/fy23osti/86779.pdf,https://www.nlr.gov/docs/fy25osti/91934.pdf
KANSAS,Ellis,County,20,51,20051.0,G2000510,17,Rural Lower Midwest and High Plains,https://www.nlr.gov/docs/fy23osti/86763.pdf,https://www.nlr.gov/docs/fy25osti/91918.pdf
KANSAS,Ellsworth,County,20,53,20053.0,G2000530,33,Rural Lower Plains-Upper South Appalachia,https://www.nlr.gov/docs/fy23osti/86779.pdf,https://www.nlr.gov/docs/fy25osti/91934.pdf
KANSAS,Finney,County,20,55,20055.0,G2000550,33,Rural Lower Plains-Upper South Appalachia,https://www.nlr.gov/docs/fy23osti/86779.pdf,https://www.nlr.gov/docs/fy25osti/91934.pdf
KANSAS,Ford,County,20,57,20057.0,G2000570,33,Rural Lower Plains-Upper South Appalachia,https://www.nlr.gov/docs/fy23osti/86779.pdf,https://www.nlr.gov/docs/fy25osti/91934.pdf
KANSAS,Franklin,County,20,59,20059.0,G2000590,33,Rural Lower Plains-Upper South Appalachia,https://www.nlr.gov/docs/fy23osti/86779.pdf,https://www.nlr.gov/docs/fy25osti/91934.pdf
KANSAS,Geary,County,20,61,20061.0,G2000610,30,Greater Kansas City,https://www.nlr.gov/docs/fy23osti/86776.pdf,https://www.nlr.gov/docs/fy25osti/91931.pdf
KANSAS,Gove,County,20,63,20063.0,G2000630,17,Rural Lower Midwest and High Plains,https://www.nlr.gov/docs/fy23osti/86763.pdf,https://www.nlr.gov/docs/fy25osti/91918.pdf
KANSAS,Graham,County,20,65,20065.0,G2000650,17,Rural Lower Midwest and High Plains,https://www.nlr.gov/docs/fy23osti/86763.pdf,https://www.nlr.gov/docs/fy25osti/91918.pdf
KANSAS,Grant,County,20,67,20067.0,G2000670,33,Rural Lower Plains-Upper South Appalachia,https://www.nlr.gov/docs/fy23osti/86779.pdf,https://www.nlr.gov/docs/fy25osti/91934.pdf
KANSAS,Gray,County,20,69,20069.0,G2000690,33,Rural Lower Plains-Upper South Appalachia,https://www.nlr.gov/docs/fy23osti/86779.pdf,https://www.nlr.gov/docs/fy25osti/91934.pdf
KANSAS,Greeley,County,20,71,20071.0,G2000710,17,Rural Lower Midwest and High Plains,https://www.nlr.gov/docs/fy23osti/86763.pdf,https://www.nlr.gov/docs/fy25osti/91918.pdf
KANSAS,Greenwood,County,20,73,20073.0,G2000730,33,Rural Lower Plains-Upper South Appalachia,https://www.nlr.gov/docs/fy23osti/86779.pdf,https://www.nlr.gov/docs/fy25osti/91934.pdf
KANSAS,Hamilton,County,20,75,20075.0,G2000750,17,Rural Lower Midwest and High Plains,https://www.nlr.gov/docs/fy23osti/86763.pdf,https://www.nlr.gov/docs/fy25osti/91918.pdf
KANSAS,Harper,County,20,77,20077.0,G2000770,33,Rural Lower Plains-Upper South Appalachia,https://www.nlr.gov/docs/fy23osti/86779.pdf,https://www.nlr.gov/docs/fy25osti/91934.pdf
KANSAS,Harvey,County,20,79,20079.0,G2000790,60,the Greater Columbia-Fayetteville-Jefferson City-Joplin-Springfield-Wichita Areas,https://www.nlr.gov/docs/fy23osti/86804.pdf,https://www.nlr.gov/docs/fy25osti/91959.pdf
KANSAS,Haskell,County,20,81,20081.0,G2000810,33,Rural Lower Plains-Upper South Appalachia,https://www.nlr.gov/docs/fy23osti/86779.pdf,https://www.nlr.gov/docs/fy25osti/91934.pdf
KANSAS,Hodgeman,County,20,83,20083.0,G2000830,33,Rural Lower Plains-Upper South Appalachia,https://www.nlr.gov/docs/fy23osti/86779.pdf,https://www.nlr.gov/docs/fy25osti/91934.pdf
KANSAS,Jackson,County,20,85,20085.0,G2000850,30,Greater Kansas City,https://www.nlr.gov/docs/fy23osti/86776.pdf,https://www.nlr.gov/docs/fy25osti/91931.pdf
KANSAS,Jefferson,County,20,87,20087.0,G2000870,30,Greater Kansas City,https://www.nlr.gov/docs/fy23osti/86776.pdf,https://www.nlr.gov/docs/fy25osti/91931.pdf
KANSAS,Jewell,County,20,89,20089.0,G2000890,17,Rural Lower Midwest and High Plains,https://www.nlr.gov/docs/fy23osti/86763.pdf,https://www.nlr.gov/docs/fy25osti/91918.pdf
KANSAS,Johnson,County,20,91,20091.0,G2000910,30,Greater Kansas City,https://www.nlr.gov/docs/fy23osti/86776.pdf,https://www.nlr.gov/docs/fy25osti/91931.pdf
KANSAS,Kearny,County,20,93,20093.0,G2000930,33,Rural Lower Plains-Upper South Appalachia,https://www.nlr.gov/docs/fy23osti/86779.pdf,https://www.nlr.gov/docs/fy25osti/91934.pdf
KANSAS,Kingman,County,20,95,20095.0,G2000950,33,Rural Lower Plains-Upper South Appalachia,https://www.nlr.gov/docs/fy23osti/86779.pdf,https://www.nlr.gov/docs/fy25osti/91934.pdf
KANSAS,Kiowa,County,20,97,20097.0,G2000970,33,Rural Lower Plains-Upper South Appalachia,https://www.nlr.gov/docs/fy23osti/86779.pdf,https://www.nlr.gov/docs/fy25osti/91934.pdf
KANSAS,Labette,County,20,99,20099.0,G2000990,33,Rural Lower Plains-Upper South Appalachia,https://www.nlr.gov/docs/fy23osti/86779.pdf,https://www.nlr.gov/docs/fy25osti/91934.pdf
KANSAS,Lane,County,20,101,20101.0,G2001010,17,Rural Lower Midwest and High Plains,https://www.nlr.gov/docs/fy23osti/86763.pdf,https://www.nlr.gov/docs/fy25osti/91918.pdf
KANSAS,Leavenworth,County,20,103,20103.0,G2001030,30,Greater Kansas City,https://www.nlr.gov/docs/fy23osti/86776.pdf,https://www.nlr.gov/docs/fy25osti/91931.pdf
KANSAS,Lincoln,County,20,105,20105.0,G2001050,33,Rural Lower Plains-Upper South Appalachia,https://www.nlr.gov/docs/fy23osti/86779.pdf,https://www.nlr.gov/docs/fy25osti/91934.pdf
KANSAS,Linn,County,20,107,20107.0,G2001070,30,Greater Kansas City,https://www.nlr.gov/docs/fy23osti/86776.pdf,https://www.nlr.gov/docs/fy25osti/91931.pdf
KANSAS,Logan,County,20,109,20109.0,G2001090,17,Rural Lower Midwest and High Plains,https://www.nlr.gov/docs/fy23osti/86763.pdf,https://www.nlr.gov/docs/fy25osti/91918.pdf
KANSAS,Lyon,County,20,111,20111.0,G2001110,33,Rural Lower Plains-Upper South Appalachia,https://www.nlr.gov/docs/fy23osti/86779.pdf,https://www.nlr.gov/docs/fy25osti/91934.pdf
KANSAS,Marion,County,20,115,20115.0,G2001150,33,Rural Lower Plains-Upper South Appalachia,https://www.nlr.gov/docs/fy23osti/86779.pdf,https://www.nlr.gov/docs/fy25osti/91934.pdf
KANSAS,Marshall,County,20,117,20117.0,G2001170,33,Rural Lower Plains-Upper South Appalachia,https://www.nlr.gov/docs/fy23osti/86779.pdf,https://www.nlr.gov/docs/fy25osti/91934.pdf
KANSAS,McPherson,County,20,113,20113.0,G2001130,33,Rural Lower Plains-Upper South Appalachia,https://www.nlr.gov/docs/fy23osti/86779.pdf,https://www.nlr.gov/docs/fy25osti/91934.pdf
KANSAS,Meade,County,20,119,20119.0,G2001190,33,Rural Lower Plains-Upper South Appalachia,https://www.nlr.gov/docs/fy23osti/86779.pdf,https://www.nlr.gov/docs/fy25osti/91934.pdf
KANSAS,Miami,County,20,121,20121.0,G2001210,30,Greater Kansas City,https://www.nlr.gov/docs/fy23osti/86776.pdf,https://www.nlr.gov/docs/fy25osti/91931.pdf
KANSAS,Mitchell,County,20,123,20123.0,G2001230,17,Rural Lower Midwest and High Plains,https://www.nlr.gov/docs/fy23osti/86763.pdf,https://www.nlr.gov/docs/fy25osti/91918.pdf
KANSAS,Montgomery,County,20,125,20125.0,G2001250,33,Rural Lower Plains-Upper South Appalachia,https://www.nlr.gov/docs/fy23osti/86779.pdf,https://www.nlr.gov/docs/fy25osti/91934.pdf
KANSAS,Morris,County,20,127,20127.0,G2001270,33,Rural Lower Plains-Upper South Appalachia,https://www.nlr.gov/docs/fy23osti/86779.pdf,https://www.nlr.gov/docs/fy25osti/91934.pdf
KANSAS,Morton,County,20,129,20129.0,G2001290,33,Rural Lower Plains-Upper South Appalachia,https://www.nlr.gov/docs/fy23osti/86779.pdf,https://www.nlr.gov/docs/fy25osti/91934.pdf
KANSAS,Nemaha,County,20,131,20131.0,G2001310,33,Rural Lower Plains-Upper South Appalachia,https://www.nlr.gov/docs/fy23osti/86779.pdf,https://www.nlr.gov/docs/fy25osti/91934.pdf
KANSAS,Neosho,County,20,133,20133.0,G2001330,33,Rural Lower Plains-Upper South Appalachia,https://www.nlr.gov/docs/fy23osti/86779.pdf,https://www.nlr.gov/docs/fy25osti/91934.pdf
KANSAS,Ness,County,20,135,20135.0,G2001350,17,Rural Lower Midwest and High Plains,https://www.nlr.gov/docs/fy23osti/86763.pdf,https://www.nlr.gov/docs/fy25osti/91918.pdf
KANSAS,Norton,County,20,137,20137.0,G2001370,17,Rural Lower Midwest and High Plains,https://www.nlr.gov/docs/fy23osti/86763.pdf,https://www.nlr.gov/docs/fy25osti/91918.pdf
KANSAS,Osage,County,20,139,20139.0,G2001390,30,Greater Kansas City,https://www.nlr.gov/docs/fy23osti/86776.pdf,https://www.nlr.gov/docs/fy25osti/91931.pdf
KANSAS,Osborne,County,20,141,20141.0,G2001410,17,Rural Lower Midwest and High Plains,https://www.nlr.gov/docs/fy23osti/86763.pdf,https://www.nlr.gov/docs/fy25osti/91918.pdf
KANSAS,Ottawa,County,20,143,20143.0,G2001430,33,Rural Lower Plains-Upper South Appalachia,https://www.nlr.gov/docs/fy23osti/86779.pdf,https://www.nlr.gov/docs/fy25osti/91934.pdf
KANSAS,Pawnee,County,20,145,20145.0,G2001450,33,Rural Lower Plains-Upper South Appalachia,https://www.nlr.gov/docs/fy23osti/86779.pdf,https://www.nlr.gov/docs/fy25osti/91934.pdf
KANSAS,Phillips,County,20,147,20147.0,G2001470,17,Rural Lower Midwest and High Plains,https://www.nlr.gov/docs/fy23osti/86763.pdf,https://www.nlr.gov/docs/fy25osti/91918.pdf
KANSAS,Pottawatomie,County,20,149,20149.0,G2001490,30,Greater Kansas City,https://www.nlr.gov/docs/fy23osti/86776.pdf,https://www.nlr.gov/docs/fy25osti/91931.pdf
KANSAS,Pratt,County,20,151,20151.0,G2001510,33,Rural Lower Plains-Upper South Appalachia,https://www.nlr.gov/docs/fy23osti/86779.pdf,https://www.nlr.gov/docs/fy25osti/91934.pdf
KANSAS,Rawlins,County,20,153,20153.0,G2001530,17,Rural Lower Midwest and High Plains,https://www.nlr.gov/docs/fy23osti/86763.pdf,https://www.nlr.gov/docs/fy25osti/91918.pdf
KANSAS,Reno,County,20,155,20155.0,G2001550,33,Rural Lower Plains-Upper South Appalachia,https://www.nlr.gov/docs/fy23osti/86779.pdf,https://www.nlr.gov/docs/fy25osti/91934.pdf
KANSAS,Republic,County,20,157,20157.0,G2001570,17,Rural Lower Midwest and High Plains,https://www.nlr.gov/docs/fy23osti/86763.pdf,https://www.nlr.gov/docs/fy25osti/91918.pdf
KANSAS,Rice,County,20,159,20159.0,G2001590,33,Rural Lower Plains-Upper South Appalachia,https://www.nlr.gov/docs/fy23osti/86779.pdf,https://www.nlr.gov/docs/fy25osti/91934.pdf
KANSAS,Riley,County,20,161,20161.0,G2001610,30,Greater Kansas City,https://www.nlr.gov/docs/fy23osti/86776.pdf,https://www.nlr.gov/docs/fy25osti/91931.pdf
KANSAS,Rooks,County,20,163,20163.0,G2001630,17,Rural Lower Midwest and High Plains,https://www.nlr.gov/docs/fy23osti/86763.pdf,https://www.nlr.gov/docs/fy25osti/91918.pdf
KANSAS,Rush,County,20,165,20165.0,G2001650,33,Rural Lower Plains-Upper South Appalachia,https://www.nlr.gov/docs/fy23osti/86779.pdf,https://www.nlr.gov/docs/fy25osti/91934.pdf
KANSAS,Russell,County,20,167,20167.0,G2001670,33,Rural Lower Plains-Upper South Appalachia,https://www.nlr.gov/docs/fy23osti/86779.pdf,https://www.nlr.gov/docs/fy25osti/91934.pdf
KANSAS,Saline,County,20,169,20169.0,G2001690,33,Rural Lower Plains-Upper South Appalachia,https://www.nlr.gov/docs/fy23osti/86779.pdf,https://www.nlr.gov/docs/fy25osti/91934.pdf
KANSAS,Scott,County,20,171,20171.0,G2001710,17,Rural Lower Midwest and High Plains,https://www.nlr.gov/docs/fy23osti/86763.pdf,https://www.nlr.gov/docs/fy25osti/91918.pdf
KANSAS,Sedgwick,County,20,173,20173.0,G2001730,60,the Greater Columbia-Fayetteville-Jefferson City-Joplin-Springfield-Wichita Areas,https://www.nlr.gov/docs/fy23osti/86804.pdf,https://www.nlr.gov/docs/fy25osti/91959.pdf
KANSAS,Seward,County,20,175,20175.0,G2001750,33,Rural Lower Plains-Upper South Appalachia,https://www.nlr.gov/docs/fy23osti/86779.pdf,https://www.nlr.gov/docs/fy25osti/91934.pdf
KANSAS,Shawnee,County,20,177,20177.0,G2001770,30,Greater Kansas City,https://www.nlr.gov/docs/fy23osti/86776.pdf,https://www.nlr.gov/docs/fy25osti/91931.pdf
KANSAS,Sheridan,County,20,179,20179.0,G2001790,17,Rural Lower Midwest and High Plains,https://www.nlr.gov/docs/fy23osti/86763.pdf,https://www.nlr.gov/docs/fy25osti/91918.pdf
KANSAS,Sherman,County,20,181,20181.0,G2001810,17,Rural Lower Midwest and High Plains,https://www.nlr.gov/docs/fy23osti/86763.pdf,https://www.nlr.gov/docs/fy25osti/91918.pdf
KANSAS,Smith,County,20,183,20183.0,G2001830,17,Rural Lower Midwest and High Plains,https://www.nlr.gov/docs/fy23osti/86763.pdf,https://www.nlr.gov/docs/fy25osti/91918.pdf
KANSAS,Stafford,County,20,185,20185.0,G2001850,33,Rural Lower Plains-Upper South Appalachia,https://www.nlr.gov/docs/fy23osti/86779.pdf,https://www.nlr.gov/docs/fy25osti/91934.pdf
KANSAS,Stanton,County,20,187,20187.0,G2001870,33,Rural Lower Plains-Upper South Appalachia,https://www.nlr.gov/docs/fy23osti/86779.pdf,https://www.nlr.gov/docs/fy25osti/91934.pdf
KANSAS,Stevens,County,20,189,20189.0,G2001890,33,Rural Lower Plains-Upper South Appalachia,https://www.nlr.gov/docs/fy23osti/86779.pdf,https://www.nlr.gov/docs/fy25osti/91934.pdf
KANSAS,Sumner,County,20,191,20191.0,G2001910,60,the Greater Columbia-Fayetteville-Jefferson City-Joplin-Springfield-Wichita Areas,https://www.nlr.gov/docs/fy23osti/86804.pdf,https://www.nlr.gov/docs/fy25osti/91959.pdf
KANSAS,Thomas,County,20,193,20193.0,G2001930,17,Rural Lower Midwest and High Plains,https://www.nlr.gov/docs/fy23osti/86763.pdf,https://www.nlr.gov/docs/fy25osti/91918.pdf
KANSAS,Trego,County,20,195,20195.0,G2001950,17,Rural Lower Midwest and High Plains,https://www.nlr.gov/docs/fy23osti/86763.pdf,https://www.nlr.gov/docs/fy25osti/91918.pdf
KANSAS,Wabaunsee,County,20,197,20197.0,G2001970,30,Greater Kansas City,https://www.nlr.gov/docs/fy23osti/86776.pdf,https://www.nlr.gov/docs/fy25osti/91931.pdf
KANSAS,Wallace,County,20,199,20199.0,G2001990,17,Rural Lower Midwest and High Plains,https://www.nlr.gov/docs/fy23osti/86763.pdf,https://www.nlr.gov/docs/fy25osti/91918.pdf
KANSAS,Washington,County,20,201,20201.0,G2002010,33,Rural Lower Plains-Upper South Appalachia,https://www.nlr.gov/docs/fy23osti/86779.pdf,https://www.nlr.gov/docs/fy25osti/91934.pdf
KANSAS,Wichita,County,20,203,20203.0,G2002030,17,Rural Lower Midwest and High Plains,https://www.nlr.gov/docs/fy23osti/86763.pdf,https://www.nlr.gov/docs/fy25osti/91918.pdf
KANSAS,Wilson,County,20,205,20205.0,G2002050,33,Rural Lower Plains-Upper South Appalachia,https://www.nlr.gov/docs/fy23osti/86779.pdf,https://www.nlr.gov/docs/fy25osti/91934.pdf
KANSAS,Woodson,County,20,207,20207.0,G2002070,33,Rural Lower Plains-Upper South Appalachia,https://www.nlr.gov/docs/fy23osti/86779.pdf,https://www.nlr.gov/docs/fy25osti/91934.pdf
KANSAS,Wyandotte,County,20,209,20209.0,G2002090,30,Greater Kansas City,https://www.nlr.gov/docs/fy23osti/86776.pdf,https://www.nlr.gov/docs/fy25osti/91931.pdf
KENTUCKY,Adair,County,21,1,21001.0,G2100010,33,Rural Lower Plains-Upper South Appalachia,https://www.nlr.gov/docs/fy23osti/86779.pdf,https://www.nlr.gov/docs/fy25osti/91934.pdf
KENTUCKY,Allen,County,21,3,21003.0,G2100030,40,the Greater Nashville and Hopkinsville-Bowling Green Area,https://www.nlr.gov/docs/fy23osti/86786.pdf,https://www.nlr.gov/docs/fy25osti/91941.pdf
KENTUCKY,Anderson,County,21,5,21005.0,G2100050,33,Rural Lower Plains-Upper South Appalachia,https://www.nlr.gov/docs/fy23osti/86779.pdf,https://www.nlr.gov/docs/fy25osti/91934.pdf
KENTUCKY,Ballard,County,21,7,21007.0,G2100070,33,Rural Lower Plains-Upper South Appalachia,https://www.nlr.gov/docs/fy23osti/86779.pdf,https://www.nlr.gov/docs/fy25osti/91934.pdf
KENTUCKY,Barren,County,21,9,21009.0,G2100090,33,Rural Lower Plains-Upper South Appalachia,https://www.nlr.gov/docs/fy23osti/86779.pdf,https://www.nlr.gov/docs/fy25osti/91934.pdf
KENTUCKY,Bath,County,21,11,21011.0,G2100110,33,Rural Lower Plains-Upper South Appalachia,https://www.nlr.gov/docs/fy23osti/86779.pdf,https://www.nlr.gov/docs/fy25osti/91934.pdf
KENTUCKY,Bell,County,21,13,21013.0,G2100130,33,Rural Lower Plains-Upper South Appalachia,https://www.nlr.gov/docs/fy23osti/86779.pdf,https://www.nlr.gov/docs/fy25osti/91934.pdf
KENTUCKY,Boone,County,21,15,21015.0,G2100150,56,the Columbus-Dayton-Cincinnati-Lexington Area,https://www.nlr.gov/docs/fy23osti/86800.pdf,https://www.nlr.gov/docs/fy25osti/91955.pdf
KENTUCKY,Bourbon,County,21,17,21017.0,G2100170,56,the Columbus-Dayton-Cincinnati-Lexington Area,https://www.nlr.gov/docs/fy23osti/86800.pdf,https://www.nlr.gov/docs/fy25osti/91955.pdf
KENTUCKY,Boyd,County,21,19,21019.0,G2100190,62,the Charleston-Huntington-Beckley Area,https://www.nlr.gov/docs/fy23osti/86805.pdf,https://www.nlr.gov/docs/fy25osti/91960.pdf
KENTUCKY,Boyle,County,21,21,21021.0,G2100210,33,Rural Lower Plains-Upper South Appalachia,https://www.nlr.gov/docs/fy23osti/86779.pdf,https://www.nlr.gov/docs/fy25osti/91934.pdf
KENTUCKY,Bracken,County,21,23,21023.0,G2100230,56,the Columbus-Dayton-Cincinnati-Lexington Area,https://www.nlr.gov/docs/fy23osti/86800.pdf,https://www.nlr.gov/docs/fy25osti/91955.pdf
KENTUCKY,Breathitt,County,21,25,21025.0,G2100250,33,Rural Lower Plains-Upper South Appalachia,https://www.nlr.gov/docs/fy23osti/86779.pdf,https://www.nlr.gov/docs/fy25osti/91934.pdf
KENTUCKY,Breckinridge,County,21,27,21027.0,G2100270,33,Rural Lower Plains-Upper South Appalachia,https://www.nlr.gov/docs/fy23osti/86779.pdf,https://www.nlr.gov/docs/fy25osti/91934.pdf
KENTUCKY,Bullitt,County,21,29,21029.0,G2100290,51,the Greater Louisville Area,https://www.nlr.gov/docs/fy23osti/86795.pdf,https://www.nlr.gov/docs/fy25osti/91950.pdf
KENTUCKY,Butler,County,21,31,21031.0,G2100310,40,the Greater Nashville and Hopkinsville-Bowling Green Area,https://www.nlr.gov/docs/fy23osti/86786.pdf,https://www.nlr.gov/docs/fy25osti/91941.pdf
KENTUCKY,Caldwell,County,21,33,21033.0,G2100330,33,Rural Lower Plains-Upper South Appalachia,https://www.nlr.gov/docs/fy23osti/86779.pdf,https://www.nlr.gov/docs/fy25osti/91934.pdf
KENTUCKY,Calloway,County,21,35,21035.0,G2100350,33,Rural Lower Plains-Upper South Appalachia,https://www.nlr.gov/docs/fy23osti/86779.pdf,https://www.nlr.gov/docs/fy25osti/91934.pdf
KENTUCKY,Campbell,County,21,37,21037.0,G2100370,56,the Columbus-Dayton-Cincinnati-Lexington Area,https://www.nlr.gov/docs/fy23osti/86800.pdf,https://www.nlr.gov/docs/fy25osti/91955.pdf
KENTUCKY,Carlisle,County,21,39,21039.0,G2100390,33,Rural Lower Plains-Upper South Appalachia,https://www.nlr.gov/docs/fy23osti/86779.pdf,https://www.nlr.gov/docs/fy25osti/91934.pdf
KENTUCKY,Carroll,County,21,41,21041.0,G2100410,33,Rural Lower Plains-Upper South Appalachia,https://www.nlr.gov/docs/fy23osti/86779.pdf,https://www.nlr.gov/docs/fy25osti/91934.pdf
KENTUCKY,Carter,County,21,43,21043.0,G2100430,62,the Charleston-Huntington-Beckley Area,https://www.nlr.gov/docs/fy23osti/86805.pdf,https://www.nlr.gov/docs/fy25osti/91960.pdf
KENTUCKY,Casey,County,21,45,21045.0,G2100450,33,Rural Lower Plains-Upper South Appalachia,https://www.nlr.gov/docs/fy23osti/86779.pdf,https://www.nlr.gov/docs/fy25osti/91934.pdf
KENTUCKY,Christian,County,21,47,21047.0,G2100470,40,the Greater Nashville and Hopkinsville-Bowling Green Area,https://www.nlr.gov/docs/fy23osti/86786.pdf,https://www.nlr.gov/docs/fy25osti/91941.pdf
KENTUCKY,Clark,County,21,49,21049.0,G2100490,56,the Columbus-Dayton-Cincinnati-Lexington Area,https://www.nlr.gov/docs/fy23osti/86800.pdf,https://www.nlr.gov/docs/fy25osti/91955.pdf
KENTUCKY,Clay,County,21,51,21051.0,G2100510,33,Rural Lower Plains-Upper South Appalachia,https://www.nlr.gov/docs/fy23osti/86779.pdf,https://www.nlr.gov/docs/fy25osti/91934.pdf
KENTUCKY,Clinton,County,21,53,21053.0,G2100530,33,Rural Lower Plains-Upper South Appalachia,https://www.nlr.gov/docs/fy23osti/86779.pdf,https://www.nlr.gov/docs/fy25osti/91934.pdf
KENTUCKY,Crittenden,County,21,55,21055.0,G2100550,33,Rural Lower Plains-Upper South Appalachia,https://www.nlr.gov/docs/fy23osti/86779.pdf,https://www.nlr.gov/docs/fy25osti/91934.pdf
KENTUCKY,Cumberland,County,21,57,21057.0,G2100570,33,Rural Lower Plains-Upper South Appalachia,https://www.nlr.gov/docs/fy23osti/86779.pdf,https://www.nlr.gov/docs/fy25osti/91934.pdf
KENTUCKY,Daviess,County,21,59,21059.0,G2100590,3,the Evansville and the Shawnee National Forest Area,https://www.nlr.gov/docs/fy23osti/86756.pdf,https://www.nlr.gov/docs/fy25osti/91911.pdf
KENTUCKY,Edmonson,County,21,61,21061.0,G2100610,40,the Greater Nashville and Hopkinsville-Bowling Green Area,https://www.nlr.gov/docs/fy23osti/86786.pdf,https://www.nlr.gov/docs/fy25osti/91941.pdf
KENTUCKY,Elliott,County,21,63,21063.0,G2100630,33,Rural Lower Plains-Upper South Appalachia,https://www.nlr.gov/docs/fy23osti/86779.pdf,https://www.nlr.gov/docs/fy25osti/91934.pdf
KENTUCKY,Estill,County,21,65,21065.0,G2100650,33,Rural Lower Plains-Upper South Appalachia,https://www.nlr.gov/docs/fy23osti/86779.pdf,https://www.nlr.gov/docs/fy25osti/91934.pdf
KENTUCKY,Fayette,County,21,67,21067.0,G2100670,56,the Columbus-Dayton-Cincinnati-Lexington Area,https://www.nlr.gov/docs/fy23osti/86800.pdf,https://www.nlr.gov/docs/fy25osti/91955.pdf
KENTUCKY,Fleming,County,21,69,21069.0,G2100690,33,Rural Lower Plains-Upper South Appalachia,https://www.nlr.gov/docs/fy23osti/86779.pdf,https://www.nlr.gov/docs/fy25osti/91934.pdf
KENTUCKY,Floyd,County,21,71,21071.0,G2100710,33,Rural Lower Plains-Upper South Appalachia,https://www.nlr.gov/docs/fy23osti/86779.pdf,https://www.nlr.gov/docs/fy25osti/91934.pdf
KENTUCKY,Franklin,County,21,73,21073.0,G2100730,33,Rural Lower Plains-Upper South Appalachia,https://www.nlr.gov/docs/fy23osti/86779.pdf,https://www.nlr.gov/docs/fy25osti/91934.pdf
KENTUCKY,Fulton,County,21,75,21075.0,G2100750,33,Rural Lower Plains-Upper South Appalachia,https://www.nlr.gov/docs/fy23osti/86779.pdf,https://www.nlr.gov/docs/fy25osti/91934.pdf
KENTUCKY,Gallatin,County,21,77,21077.0,G2100770,56,the Columbus-Dayton-Cincinnati-Lexington Area,https://www.nlr.gov/docs/fy23osti/86800.pdf,https://www.nlr.gov/docs/fy25osti/91955.pdf
KENTUCKY,Garrard,County,21,79,21079.0,G2100790,33,Rural Lower Plains-Upper South Appalachia,https://www.nlr.gov/docs/fy23osti/86779.pdf,https://www.nlr.gov/docs/fy25osti/91934.pdf
KENTUCKY,Grant,County,21,81,21081.0,G2100810,56,the Columbus-Dayton-Cincinnati-Lexington Area,https://www.nlr.gov/docs/fy23osti/86800.pdf,https://www.nlr.gov/docs/fy25osti/91955.pdf
KENTUCKY,Graves,County,21,83,21083.0,G2100830,33,Rural Lower Plains-Upper South Appalachia,https://www.nlr.gov/docs/fy23osti/86779.pdf,https://www.nlr.gov/docs/fy25osti/91934.pdf
KENTUCKY,Grayson,County,21,85,21085.0,G2100850,33,Rural Lower Plains-Upper South Appalachia,https://www.nlr.gov/docs/fy23osti/86779.pdf,https://www.nlr.gov/docs/fy25osti/91934.pdf
KENTUCKY,Green,County,21,87,21087.0,G2100870,33,Rural Lower Plains-Upper South Appalachia,https://www.nlr.gov/docs/fy23osti/86779.pdf,https://www.nlr.gov/docs/fy25osti/91934.pdf
KENTUCKY,Greenup,County,21,89,21089.0,G2100890,62,the Charleston-Huntington-Beckley Area,https://www.nlr.gov/docs/fy23osti/86805.pdf,https://www.nlr.gov/docs/fy25osti/91960.pdf
KENTUCKY,Hancock,County,21,91,21091.0,G2100910,3,the Evansville and the Shawnee National Forest Area,https://www.nlr.gov/docs/fy23osti/86756.pdf,https://www.nlr.gov/docs/fy25osti/91911.pdf
KENTUCKY,Hardin,County,21,93,21093.0,G2100930,51,the Greater Louisville Area,https://www.nlr.gov/docs/fy23osti/86795.pdf,https://www.nlr.gov/docs/fy25osti/91950.pdf
KENTUCKY,Harlan,County,21,95,21095.0,G2100950,33,Rural Lower Plains-Upper South Appalachia,https://www.nlr.gov/docs/fy23osti/86779.pdf,https://www.nlr.gov/docs/fy25osti/91934.pdf
KENTUCKY,Harrison,County,21,97,21097.0,G2100970,33,Rural Lower Plains-Upper South Appalachia,https://www.nlr.gov/docs/fy23osti/86779.pdf,https://www.nlr.gov/docs/fy25osti/91934.pdf
KENTUCKY,Hart,County,21,99,21099.0,G2100990,33,Rural Lower Plains-Upper South Appalachia,https://www.nlr.gov/docs/fy23osti/86779.pdf,https://www.nlr.gov/docs/fy25osti/91934.pdf
KENTUCKY,Henderson,County,21,101,21101.0,G2101010,3,the Evansville and the Shawnee National Forest Area,https://www.nlr.gov/docs/fy23osti/86756.pdf,https://www.nlr.gov/docs/fy25osti/91911.pdf
KENTUCKY,Henry,County,21,103,21103.0,G2101030,51,the Greater Louisville Area,https://www.nlr.gov/docs/fy23osti/86795.pdf,https://www.nlr.gov/docs/fy25osti/91950.pdf
KENTUCKY,Hickman,County,21,105,21105.0,G2101050,33,Rural Lower Plains-Upper South Appalachia,https://www.nlr.gov/docs/fy23osti/86779.pdf,https://www.nlr.gov/docs/fy25osti/91934.pdf
KENTUCKY,Hopkins,County,21,107,21107.0,G2101070,33,Rural Lower Plains-Upper South Appalachia,https://www.nlr.gov/docs/fy23osti/86779.pdf,https://www.nlr.gov/docs/fy25osti/91934.pdf
KENTUCKY,Jackson,County,21,109,21109.0,G2101090,33,Rural Lower Plains-Upper South Appalachia,https://www.nlr.gov/docs/fy23osti/86779.pdf,https://www.nlr.gov/docs/fy25osti/91934.pdf
KENTUCKY,Jefferson,County,21,111,21111.0,G2101110,51,the Greater Louisville Area,https://www.nlr.gov/docs/fy23osti/86795.pdf,https://www.nlr.gov/docs/fy25osti/91950.pdf
KENTUCKY,Jessamine,County,21,113,21113.0,G2101130,56,the Columbus-Dayton-Cincinnati-Lexington Area,https://www.nlr.gov/docs/fy23osti/86800.pdf,https://www.nlr.gov/docs/fy25osti/91955.pdf
KENTUCKY,Johnson,County,21,115,21115.0,G2101150,33,Rural Lower Plains-Upper South Appalachia,https://www.nlr.gov/docs/fy23osti/86779.pdf,https://www.nlr.gov/docs/fy25osti/91934.pdf
KENTUCKY,Kenton,County,21,117,21117.0,G2101170,56,the Columbus-Dayton-Cincinnati-Lexington Area,https://www.nlr.gov/docs/fy23osti/86800.pdf,https://www.nlr.gov/docs/fy25osti/91955.pdf
KENTUCKY,Knott,County,21,119,21119.0,G2101190,33,Rural Lower Plains-Upper South Appalachia,https://www.nlr.gov/docs/fy23osti/86779.pdf,https://www.nlr.gov/docs/fy25osti/91934.pdf
KENTUCKY,Knox,County,21,121,21121.0,G2101210,33,Rural Lower Plains-Upper South Appalachia,https://www.nlr.gov/docs/fy23osti/86779.pdf,https://www.nlr.gov/docs/fy25osti/91934.pdf
KENTUCKY,Larue,County,21,123,21123.0,G2101230,51,the Greater Louisville Area,https://www.nlr.gov/docs/fy23osti/86795.pdf,https://www.nlr.gov/docs/fy25osti/91950.pdf
KENTUCKY,Laurel,County,21,125,21125.0,G2101250,33,Rural Lower Plains-Upper South Appalachia,https://www.nlr.gov/docs/fy23osti/86779.pdf,https://www.nlr.gov/docs/fy25osti/91934.pdf
KENTUCKY,Lawrence,County,21,127,21127.0,G2101270,33,Rural Lower Plains-Upper South Appalachia,https://www.nlr.gov/docs/fy23osti/86779.pdf,https://www.nlr.gov/docs/fy25osti/91934.pdf
KENTUCKY,Lee,County,21,129,21129.0,G2101290,33,Rural Lower Plains-Upper South Appalachia,https://www.nlr.gov/docs/fy23osti/86779.pdf,https://www.nlr.gov/docs/fy25osti/91934.pdf
KENTUCKY,Leslie,County,21,131,21131.0,G2101310,33,Rural Lower Plains-Upper South Appalachia,https://www.nlr.gov/docs/fy23osti/86779.pdf,https://www.nlr.gov/docs/fy25osti/91934.pdf
KENTUCKY,Letcher,County,21,133,21133.0,G2101330,33,Rural Lower Plains-Upper South Appalachia,https://www.nlr.gov/docs/fy23osti/86779.pdf,https://www.nlr.gov/docs/fy25osti/91934.pdf
KENTUCKY,Lewis,County,21,135,21135.0,G2101350,33,Rural Lower Plains-Upper South Appalachia,https://www.nlr.gov/docs/fy23osti/86779.pdf,https://www.nlr.gov/docs/fy25osti/91934.pdf
KENTUCKY,Lincoln,County,21,137,21137.0,G2101370,33,Rural Lower Plains-Upper South Appalachia,https://www.nlr.gov/docs/fy23osti/86779.pdf,https://www.nlr.gov/docs/fy25osti/91934.pdf
KENTUCKY,Livingston,County,21,139,21139.0,G2101390,33,Rural Lower Plains-Upper South Appalachia,https://www.nlr.gov/docs/fy23osti/86779.pdf,https://www.nlr.gov/docs/fy25osti/91934.pdf
KENTUCKY,Logan,County,21,141,21141.0,G2101410,33,Rural Lower Plains-Upper South Appalachia,https://www.nlr.gov/docs/fy23osti/86779.pdf,https://www.nlr.gov/docs/fy25osti/91934.pdf
KENTUCKY,Lyon,County,21,143,21143.0,G2101430,33,Rural Lower Plains-Upper South Appalachia,https://www.nlr.gov/docs/fy23osti/86779.pdf,https://www.nlr.gov/docs/fy25osti/91934.pdf
KENTUCKY,Madison,County,21,151,21151.0,G2101510,33,Rural Lower Plains-Upper South Appalachia,https://www.nlr.gov/docs/fy23osti/86779.pdf,https://www.nlr.gov/docs/fy25osti/91934.pdf
KENTUCKY,Magoffin,County,21,153,21153.0,G2101530,33,Rural Lower Plains-Upper South Appalachia,https://www.nlr.gov/docs/fy23osti/86779.pdf,https://www.nlr.gov/docs/fy25osti/91934.pdf
KENTUCKY,Marion,County,21,155,21155.0,G2101550,33,Rural Lower Plains-Upper South Appalachia,https://www.nlr.gov/docs/fy23osti/86779.pdf,https://www.nlr.gov/docs/fy25osti/91934.pdf
KENTUCKY,Marshall,County,21,157,21157.0,G2101570,33,Rural Lower Plains-Upper South Appalachia,https://www.nlr.gov/docs/fy23osti/86779.pdf,https://www.nlr.gov/docs/fy25osti/91934.pdf
KENTUCKY,Martin,County,21,159,21159.0,G2101590,33,Rural Lower Plains-Upper South Appalachia,https://www.nlr.gov/docs/fy23osti/86779.pdf,https://www.nlr.gov/docs/fy25osti/91934.pdf
KENTUCKY,Mason,County,21,161,21161.0,G2101610,33,Rural Lower Plains-Upper South Appalachia,https://www.nlr.gov/docs/fy23osti/86779.pdf,https://www.nlr.gov/docs/fy25osti/91934.pdf
KENTUCKY,McCracken,County,21,145,21145.0,G2101450,33,Rural Lower Plains-Upper South Appalachia,https://www.nlr.gov/docs/fy23osti/86779.pdf,https://www.nlr.gov/docs/fy25osti/91934.pdf
KENTUCKY,McCreary,County,21,147,21147.0,G2101470,33,Rural Lower Plains-Upper South Appalachia,https://www.nlr.gov/docs/fy23osti/86779.pdf,https://www.nlr.gov/docs/fy25osti/91934.pdf
KENTUCKY,McLean,County,21,149,21149.0,G2101490,3,the Evansville and the Shawnee National Forest Area,https://www.nlr.gov/docs/fy23osti/86756.pdf,https://www.nlr.gov/docs/fy25osti/91911.pdf
KENTUCKY,Meade,County,21,163,21163.0,G2101630,51,the Greater Louisville Area,https://www.nlr.gov/docs/fy23osti/86795.pdf,https://www.nlr.gov/docs/fy25osti/91950.pdf
KENTUCKY,Menifee,County,21,165,21165.0,G2101650,33,Rural Lower Plains-Upper South Appalachia,https://www.nlr.gov/docs/fy23osti/86779.pdf,https://www.nlr.gov/docs/fy25osti/91934.pdf
KENTUCKY,Mercer,County,21,167,21167.0,G2101670,33,Rural Lower Plains-Upper South Appalachia,https://www.nlr.gov/docs/fy23osti/86779.pdf,https://www.nlr.gov/docs/fy25osti/91934.pdf
KENTUCKY,Metcalfe,County,21,169,21169.0,G2101690,33,Rural Lower Plains-Upper South Appalachia,https://www.nlr.gov/docs/fy23osti/86779.pdf,https://www.nlr.gov/docs/fy25osti/91934.pdf
KENTUCKY,Monroe,County,21,171,21171.0,G2101710,33,Rural Lower Plains-Upper South Appalachia,https://www.nlr.gov/docs/fy23osti/86779.pdf,https://www.nlr.gov/docs/fy25osti/91934.pdf
KENTUCKY,Montgomery,County,21,173,21173.0,G2101730,33,Rural Lower Plains-Upper South Appalachia,https://www.nlr.gov/docs/fy23osti/86779.pdf,https://www.nlr.gov/docs/fy25osti/91934.pdf
KENTUCKY,Morgan,County,21,175,21175.0,G2101750,33,Rural Lower Plains-Upper South Appalachia,https://www.nlr.gov/docs/fy23osti/86779.pdf,https://www.nlr.gov/docs/fy25osti/91934.pdf
KENTUCKY,Muhlenberg,County,21,177,21177.0,G2101770,33,Rural Lower Plains-Upper South Appalachia,https://www.nlr.gov/docs/fy23osti/86779.pdf,https://www.nlr.gov/docs/fy25osti/91934.pdf
KENTUCKY,Nelson,County,21,179,21179.0,G2101790,33,Rural Lower Plains-Upper South Appalachia,https://www.nlr.gov/docs/fy23osti/86779.pdf,https://www.nlr.gov/docs/fy25osti/91934.pdf
KENTUCKY,Nicholas,County,21,181,21181.0,G2101810,33,Rural Lower Plains-Upper South Appalachia,https://www.nlr.gov/docs/fy23osti/86779.pdf,https://www.nlr.gov/docs/fy25osti/91934.pdf
KENTUCKY,Ohio,County,21,183,21183.0,G2101830,33,Rural Lower Plains-Upper South Appalachia,https://www.nlr.gov/docs/fy23osti/86779.pdf,https://www.nlr.gov/docs/fy25osti/91934.pdf
KENTUCKY,Oldham,County,21,185,21185.0,G2101850,51,the Greater Louisville Area,https://www.nlr.gov/docs/fy23osti/86795.pdf,https://www.nlr.gov/docs/fy25osti/91950.pdf
KENTUCKY,Owen,County,21,187,21187.0,G2101870,33,Rural Lower Plains-Upper South Appalachia,https://www.nlr.gov/docs/fy23osti/86779.pdf,https://www.nlr.gov/docs/fy25osti/91934.pdf
KENTUCKY,Owsley,County,21,189,21189.0,G2101890,33,Rural Lower Plains-Upper South Appalachia,https://www.nlr.gov/docs/fy23osti/86779.pdf,https://www.nlr.gov/docs/fy25osti/91934.pdf
KENTUCKY,Pendleton,County,21,191,21191.0,G2101910,56,the Columbus-Dayton-Cincinnati-Lexington Area,https://www.nlr.gov/docs/fy23osti/86800.pdf,https://www.nlr.gov/docs/fy25osti/91955.pdf
KENTUCKY,Perry,County,21,193,21193.0,G2101930,33,Rural Lower Plains-Upper South Appalachia,https://www.nlr.gov/docs/fy23osti/86779.pdf,https://www.nlr.gov/docs/fy25osti/91934.pdf
KENTUCKY,Pike,County,21,195,21195.0,G2101950,33,Rural Lower Plains-Upper South Appalachia,https://www.nlr.gov/docs/fy23osti/86779.pdf,https://www.nlr.gov/docs/fy25osti/91934.pdf
KENTUCKY,Powell,County,21,197,21197.0,G2101970,33,Rural Lower Plains-Upper South Appalachia,https://www.nlr.gov/docs/fy23osti/86779.pdf,https://www.nlr.gov/docs/fy25osti/91934.pdf
KENTUCKY,Pulaski,County,21,199,21199.0,G2101990,33,Rural Lower Plains-Upper South Appalachia,https://www.nlr.gov/docs/fy23osti/86779.pdf,https://www.nlr.gov/docs/fy25osti/91934.pdf
KENTUCKY,Robertson,County,21,201,21201.0,G2102010,33,Rural Lower Plains-Upper South Appalachia,https://www.nlr.gov/docs/fy23osti/86779.pdf,https://www.nlr.gov/docs/fy25osti/91934.pdf
KENTUCKY,Rockcastle,County,21,203,21203.0,G2102030,33,Rural Lower Plains-Upper South Appalachia,https://www.nlr.gov/docs/fy23osti/86779.pdf,https://www.nlr.gov/docs/fy25osti/91934.pdf
KENTUCKY,Rowan,County,21,205,21205.0,G2102050,33,Rural Lower Plains-Upper South Appalachia,https://www.nlr.gov/docs/fy23osti/86779.pdf,https://www.nlr.gov/docs/fy25osti/91934.pdf
KENTUCKY,Russell,County,21,207,21207.0,G2102070,33,Rural Lower Plains-Upper South Appalachia,https://www.nlr.gov/docs/fy23osti/86779.pdf,https://www.nlr.gov/docs/fy25osti/91934.pdf
KENTUCKY,Scott,County,21,209,21209.0,G2102090,56,the Columbus-Dayton-Cincinnati-Lexington Area,https://www.nlr.gov/docs/fy23osti/86800.pdf,https://www.nlr.gov/docs/fy25osti/91955.pdf
KENTUCKY,Shelby,County,21,211,21211.0,G2102110,51,the Greater Louisville Area,https://www.nlr.gov/docs/fy23osti/86795.pdf,https://www.nlr.gov/docs/fy25osti/91950.pdf
KENTUCKY,Simpson,County,21,213,21213.0,G2102130,33,Rural Lower Plains-Upper South Appalachia,https://www.nlr.gov/docs/fy23osti/86779.pdf,https://www.nlr.gov/docs/fy25osti/91934.pdf
KENTUCKY,Spencer,County,21,215,21215.0,G2102150,51,the Greater Louisville Area,https://www.nlr.gov/docs/fy23osti/86795.pdf,https://www.nlr.gov/docs/fy25osti/91950.pdf
KENTUCKY,Taylor,County,21,217,21217.0,G2102170,33,Rural Lower Plains-Upper South Appalachia,https://www.nlr.gov/docs/fy23osti/86779.pdf,https://www.nlr.gov/docs/fy25osti/91934.pdf
KENTUCKY,Todd,County,21,219,21219.0,G2102190,33,Rural Lower Plains-Upper South Appalachia,https://www.nlr.gov/docs/fy23osti/86779.pdf,https://www.nlr.gov/docs/fy25osti/91934.pdf
KENTUCKY,Trigg,County,21,221,21221.0,G2102210,40,the Greater Nashville and Hopkinsville-Bowling Green Area,https://www.nlr.gov/docs/fy23osti/86786.pdf,https://www.nlr.gov/docs/fy25osti/91941.pdf
KENTUCKY,Trimble,County,21,223,21223.0,G2102230,33,Rural Lower Plains-Upper South Appalachia,https://www.nlr.gov/docs/fy23osti/86779.pdf,https://www.nlr.gov/docs/fy25osti/91934.pdf
KENTUCKY,Union,County,21,225,21225.0,G2102250,33,Rural Lower Plains-Upper South Appalachia,https://www.nlr.gov/docs/fy23osti/86779.pdf,https://www.nlr.gov/docs/fy25osti/91934.pdf
KENTUCKY,Warren,County,21,227,21227.0,G2102270,40,the Greater Nashville and Hopkinsville-Bowling Green Area,https://www.nlr.gov/docs/fy23osti/86786.pdf,https://www.nlr.gov/docs/fy25osti/91941.pdf
KENTUCKY,Washington,County,21,229,21229.0,G2102290,33,Rural Lower Plains-Upper South Appalachia,https://www.nlr.gov/docs/fy23osti/86779.pdf,https://www.nlr.gov/docs/fy25osti/91934.pdf
KENTUCKY,Wayne,County,21,231,21231.0,G2102310,33,Rural Lower Plains-Upper South Appalachia,https://www.nlr.gov/docs/fy23osti/86779.pdf,https://www.nlr.gov/docs/fy25osti/91934.pdf
KENTUCKY,Webster,County,21,233,21233.0,G2102330,33,Rural Lower Plains-Upper South Appalachia,https://www.nlr.gov/docs/fy23osti/86779.pdf,https://www.nlr.gov/docs/fy25osti/91934.pdf
KENTUCKY,Whitley,County,21,235,21235.0,G2102350,33,Rural Lower Plains-Upper South Appalachia,https://www.nlr.gov/docs/fy23osti/86779.pdf,https://www.nlr.gov/docs/fy25osti/91934.pdf
KENTUCKY,Wolfe,County,21,237,21237.0,G2102370,33,Rural Lower Plains-Upper South Appalachia,https://www.nlr.gov/docs/fy23osti/86779.pdf,https://www.nlr.gov/docs/fy25osti/91934.pdf
KENTUCKY,Woodford,County,21,239,21239.0,G2102390,56,the Columbus-Dayton-Cincinnati-Lexington Area,https://www.nlr.gov/docs/fy23osti/86800.pdf,https://www.nlr.gov/docs/fy25osti/91955.pdf
LOUISIANA,Acadia,Parish,22,1,22001.0,G2200010,74,the Central Gulf Coast Area,https://www.nlr.gov/docs/fy23osti/86817.pdf,https://www.nlr.gov/docs/fy25osti/91971.pdf
LOUISIANA,Allen,Parish,22,3,22003.0,G2200030,70,the Greater Gulf Coastal Plains,https://www.nlr.gov/docs/fy23osti/86812.pdf,https://www.nlr.gov/docs/fy25osti/91967.pdf
LOUISIANA,Ascension,Parish,22,5,22005.0,G2200050,74,the Central Gulf Coast Area,https://www.nlr.gov/docs/fy23osti/86817.pdf,https://www.nlr.gov/docs/fy25osti/91971.pdf
LOUISIANA,Assumption,Parish,22,7,22007.0,G2200070,74,the Central Gulf Coast Area,https://www.nlr.gov/docs/fy23osti/86817.pdf,https://www.nlr.gov/docs/fy25osti/91971.pdf
LOUISIANA,Avoyelles,Parish,22,9,22009.0,G2200090,70,the Greater Gulf Coastal Plains,https://www.nlr.gov/docs/fy23osti/86812.pdf,https://www.nlr.gov/docs/fy25osti/91967.pdf
LOUISIANA,Beauregard,Parish,22,11,22011.0,G2200110,70,the Greater Gulf Coastal Plains,https://www.nlr.gov/docs/fy23osti/86812.pdf,https://www.nlr.gov/docs/fy25osti/91967.pdf
LOUISIANA,Bienville,Parish,22,13,22013.0,G2200130,85,Rural Climate Zone 3A,https://www.nlr.gov/docs/fy23osti/86828.pdf,https://www.nlr.gov/docs/fy25osti/91982.pdf
LOUISIANA,Bossier,Parish,22,15,22015.0,G2200150,27,the Shreveport-Texarkana and Alexandria Area,https://www.nlr.gov/docs/fy23osti/86773.pdf,https://www.nlr.gov/docs/fy25osti/91928.pdf
LOUISIANA,Caddo,Parish,22,17,22017.0,G2200170,27,the Shreveport-Texarkana and Alexandria Area,https://www.nlr.gov/docs/fy23osti/86773.pdf,https://www.nlr.gov/docs/fy25osti/91928.pdf
LOUISIANA,Calcasieu,Parish,22,19,22019.0,G2200190,74,the Central Gulf Coast Area,https://www.nlr.gov/docs/fy23osti/86817.pdf,https://www.nlr.gov/docs/fy25osti/91971.pdf
LOUISIANA,Caldwell,Parish,22,21,22021.0,G2200210,85,Rural Climate Zone 3A,https://www.nlr.gov/docs/fy23osti/86828.pdf,https://www.nlr.gov/docs/fy25osti/91982.pdf
LOUISIANA,Cameron,Parish,22,23,22023.0,G2200230,74,the Central Gulf Coast Area,https://www.nlr.gov/docs/fy23osti/86817.pdf,https://www.nlr.gov/docs/fy25osti/91971.pdf
LOUISIANA,Catahoula,Parish,22,25,22025.0,G2200250,85,Rural Climate Zone 3A,https://www.nlr.gov/docs/fy23osti/86828.pdf,https://www.nlr.gov/docs/fy25osti/91982.pdf
LOUISIANA,Claiborne,Parish,22,27,22027.0,G2200270,85,Rural Climate Zone 3A,https://www.nlr.gov/docs/fy23osti/86828.pdf,https://www.nlr.gov/docs/fy25osti/91982.pdf
LOUISIANA,Concordia,Parish,22,29,22029.0,G2200290,85,Rural Climate Zone 3A,https://www.nlr.gov/docs/fy23osti/86828.pdf,https://www.nlr.gov/docs/fy25osti/91982.pdf
LOUISIANA,De Soto,Parish,22,31,22031.0,G2200310,27,the Shreveport-Texarkana and Alexandria Area,https://www.nlr.gov/docs/fy23osti/86773.pdf,https://www.nlr.gov/docs/fy25osti/91928.pdf
LOUISIANA,East Baton Rouge,Parish,22,33,22033.0,G2200330,74,the Central Gulf Coast Area,https://www.nlr.gov/docs/fy23osti/86817.pdf,https://www.nlr.gov/docs/fy25osti/91971.pdf
LOUISIANA,East Carroll,Parish,22,35,22035.0,G2200350,85,Rural Climate Zone 3A,https://www.nlr.gov/docs/fy23osti/86828.pdf,https://www.nlr.gov/docs/fy25osti/91982.pdf
LOUISIANA,East Feliciana,Parish,22,37,22037.0,G2200370,74,the Central Gulf Coast Area,https://www.nlr.gov/docs/fy23osti/86817.pdf,https://www.nlr.gov/docs/fy25osti/91971.pdf
LOUISIANA,Evangeline,Parish,22,39,22039.0,G2200390,70,the Greater Gulf Coastal Plains,https://www.nlr.gov/docs/fy23osti/86812.pdf,https://www.nlr.gov/docs/fy25osti/91967.pdf
LOUISIANA,Franklin,Parish,22,41,22041.0,G2200410,85,Rural Climate Zone 3A,https://www.nlr.gov/docs/fy23osti/86828.pdf,https://www.nlr.gov/docs/fy25osti/91982.pdf
LOUISIANA,Grant,Parish,22,43,22043.0,G2200430,27,the Shreveport-Texarkana and Alexandria Area,https://www.nlr.gov/docs/fy23osti/86773.pdf,https://www.nlr.gov/docs/fy25osti/91928.pdf
LOUISIANA,Iberia,Parish,22,45,22045.0,G2200450,74,the Central Gulf Coast Area,https://www.nlr.gov/docs/fy23osti/86817.pdf,https://www.nlr.gov/docs/fy25osti/91971.pdf
LOUISIANA,Iberville,Parish,22,47,22047.0,G2200470,74,the Central Gulf Coast Area,https://www.nlr.gov/docs/fy23osti/86817.pdf,https://www.nlr.gov/docs/fy25osti/91971.pdf
LOUISIANA,Jackson,Parish,22,49,22049.0,G2200490,85,Rural Climate Zone 3A,https://www.nlr.gov/docs/fy23osti/86828.pdf,https://www.nlr.gov/docs/fy25osti/91982.pdf
LOUISIANA,Jefferson,Parish,22,51,22051.0,G2200510,74,the Central Gulf Coast Area,https://www.nlr.gov/docs/fy23osti/86817.pdf,https://www.nlr.gov/docs/fy25osti/91971.pdf
LOUISIANA,Jefferson Davis,Parish,22,53,22053.0,G2200530,70,the Greater Gulf Coastal Plains,https://www.nlr.gov/docs/fy23osti/86812.pdf,https://www.nlr.gov/docs/fy25osti/91967.pdf
LOUISIANA,La Salle,Parish,22,59,22059.0,G2200590,85,Rural Climate Zone 3A,https://www.nlr.gov/docs/fy23osti/86828.pdf,https://www.nlr.gov/docs/fy25osti/91982.pdf
LOUISIANA,Lafayette,Parish,22,55,22055.0,G2200550,74,the Central Gulf Coast Area,https://www.nlr.gov/docs/fy23osti/86817.pdf,https://www.nlr.gov/docs/fy25osti/91971.pdf
LOUISIANA,Lafourche,Parish,22,57,22057.0,G2200570,74,the Central Gulf Coast Area,https://www.nlr.gov/docs/fy23osti/86817.pdf,https://www.nlr.gov/docs/fy25osti/91971.pdf
LOUISIANA,Lincoln,Parish,22,61,22061.0,G2200610,85,Rural Climate Zone 3A,https://www.nlr.gov/docs/fy23osti/86828.pdf,https://www.nlr.gov/docs/fy25osti/91982.pdf
LOUISIANA,Livingston,Parish,22,63,22063.0,G2200630,74,the Central Gulf Coast Area,https://www.nlr.gov/docs/fy23osti/86817.pdf,https://www.nlr.gov/docs/fy25osti/91971.pdf
LOUISIANA,Madison,Parish,22,65,22065.0,G2200650,85,Rural Climate Zone 3A,https://www.nlr.gov/docs/fy23osti/86828.pdf,https://www.nlr.gov/docs/fy25osti/91982.pdf
LOUISIANA,Morehouse,Parish,22,67,22067.0,G2200670,85,Rural Climate Zone 3A,https://www.nlr.gov/docs/fy23osti/86828.pdf,https://www.nlr.gov/docs/fy25osti/91982.pdf
LOUISIANA,Natchitoches,Parish,22,69,22069.0,G2200690,85,Rural Climate Zone 3A,https://www.nlr.gov/docs/fy23osti/86828.pdf,https://www.nlr.gov/docs/fy25osti/91982.pdf
LOUISIANA,Orleans,Parish,22,71,22071.0,G2200710,74,the Central Gulf Coast Area,https://www.nlr.gov/docs/fy23osti/86817.pdf,https://www.nlr.gov/docs/fy25osti/91971.pdf
LOUISIANA,Ouachita,Parish,22,73,22073.0,G2200730,85,Rural Climate Zone 3A,https://www.nlr.gov/docs/fy23osti/86828.pdf,https://www.nlr.gov/docs/fy25osti/91982.pdf
LOUISIANA,Plaquemines,Parish,22,75,22075.0,G2200750,74,the Central Gulf Coast Area,https://www.nlr.gov/docs/fy23osti/86817.pdf,https://www.nlr.gov/docs/fy25osti/91971.pdf
LOUISIANA,Pointe Coupee,Parish,22,77,22077.0,G2200770,74,the Central Gulf Coast Area,https://www.nlr.gov/docs/fy23osti/86817.pdf,https://www.nlr.gov/docs/fy25osti/91971.pdf
LOUISIANA,Rapides,Parish,22,79,22079.0,G2200790,27,the Shreveport-Texarkana and Alexandria Area,https://www.nlr.gov/docs/fy23osti/86773.pdf,https://www.nlr.gov/docs/fy25osti/91928.pdf
LOUISIANA,Red River,Parish,22,81,22081.0,G2200810,85,Rural Climate Zone 3A,https://www.nlr.gov/docs/fy23osti/86828.pdf,https://www.nlr.gov/docs/fy25osti/91982.pdf
LOUISIANA,Richland,Parish,22,83,22083.0,G2200830,85,Rural Climate Zone 3A,https://www.nlr.gov/docs/fy23osti/86828.pdf,https://www.nlr.gov/docs/fy25osti/91982.pdf
LOUISIANA,Sabine,Parish,22,85,22085.0,G2200850,85,Rural Climate Zone 3A,https://www.nlr.gov/docs/fy23osti/86828.pdf,https://www.nlr.gov/docs/fy25osti/91982.pdf
LOUISIANA,St. Bernard,Parish,22,87,22087.0,G2200870,74,the Central Gulf Coast Area,https://www.nlr.gov/docs/fy23osti/86817.pdf,https://www.nlr.gov/docs/fy25osti/91971.pdf
LOUISIANA,St. Charles,Parish,22,89,22089.0,G2200890,74,the Central Gulf Coast Area,https://www.nlr.gov/docs/fy23osti/86817.pdf,https://www.nlr.gov/docs/fy25osti/91971.pdf
LOUISIANA,St. Helena,Parish,22,91,22091.0,G2200910,74,the Central Gulf Coast Area,https://www.nlr.gov/docs/fy23osti/86817.pdf,https://www.nlr.gov/docs/fy25osti/91971.pdf
LOUISIANA,St. James,Parish,22,93,22093.0,G2200930,74,the Central Gulf Coast Area,https://www.nlr.gov/docs/fy23osti/86817.pdf,https://www.nlr.gov/docs/fy25osti/91971.pdf
LOUISIANA,St. John the Baptist,Parish,22,95,22095.0,G2200950,74,the Central Gulf Coast Area,https://www.nlr.gov/docs/fy23osti/86817.pdf,https://www.nlr.gov/docs/fy25osti/91971.pdf
LOUISIANA,St. Landry,Parish,22,97,22097.0,G2200970,70,the Greater Gulf Coastal Plains,https://www.nlr.gov/docs/fy23osti/86812.pdf,https://www.nlr.gov/docs/fy25osti/91967.pdf
LOUISIANA,St. Martin,Parish,22,99,22099.0,G2200990,74,the Central Gulf Coast Area,https://www.nlr.gov/docs/fy23osti/86817.pdf,https://www.nlr.gov/docs/fy25osti/91971.pdf
LOUISIANA,St. Mary,Parish,22,101,22101.0,G2201010,74,the Central Gulf Coast Area,https://www.nlr.gov/docs/fy23osti/86817.pdf,https://www.nlr.gov/docs/fy25osti/91971.pdf
LOUISIANA,St. Tammany,Parish,22,103,22103.0,G2201030,74,the Central Gulf Coast Area,https://www.nlr.gov/docs/fy23osti/86817.pdf,https://www.nlr.gov/docs/fy25osti/91971.pdf
LOUISIANA,Tangipahoa,Parish,22,105,22105.0,G2201050,74,the Central Gulf Coast Area,https://www.nlr.gov/docs/fy23osti/86817.pdf,https://www.nlr.gov/docs/fy25osti/91971.pdf
LOUISIANA,Tensas,Parish,22,107,22107.0,G2201070,85,Rural Climate Zone 3A,https://www.nlr.gov/docs/fy23osti/86828.pdf,https://www.nlr.gov/docs/fy25osti/91982.pdf
LOUISIANA,Terrebonne,Parish,22,109,22109.0,G2201090,74,the Central Gulf Coast Area,https://www.nlr.gov/docs/fy23osti/86817.pdf,https://www.nlr.gov/docs/fy25osti/91971.pdf
LOUISIANA,Union,Parish,22,111,22111.0,G2201110,85,Rural Climate Zone 3A,https://www.nlr.gov/docs/fy23osti/86828.pdf,https://www.nlr.gov/docs/fy25osti/91982.pdf
LOUISIANA,Vermilion,Parish,22,113,22113.0,G2201130,74,the Central Gulf Coast Area,https://www.nlr.gov/docs/fy23osti/86817.pdf,https://www.nlr.gov/docs/fy25osti/91971.pdf
LOUISIANA,Vernon,Parish,22,115,22115.0,G2201150,85,Rural Climate Zone 3A,https://www.nlr.gov/docs/fy23osti/86828.pdf,https://www.nlr.gov/docs/fy25osti/91982.pdf
LOUISIANA,Washington,Parish,22,117,22117.0,G2201170,85,Rural Climate Zone 3A,https://www.nlr.gov/docs/fy23osti/86828.pdf,https://www.nlr.gov/docs/fy25osti/91982.pdf
LOUISIANA,Webster,Parish,22,119,22119.0,G2201190,85,Rural Climate Zone 3A,https://www.nlr.gov/docs/fy23osti/86828.pdf,https://www.nlr.gov/docs/fy25osti/91982.pdf
LOUISIANA,West Baton Rouge,Parish,22,121,22121.0,G2201210,74,the Central Gulf Coast Area,https://www.nlr.gov/docs/fy23osti/86817.pdf,https://www.nlr.gov/docs/fy25osti/91971.pdf
LOUISIANA,West Carroll,Parish,22,123,22123.0,G2201230,85,Rural Climate Zone 3A,https://www.nlr.gov/docs/fy23osti/86828.pdf,https://www.nlr.gov/docs/fy25osti/91982.pdf
LOUISIANA,West Feliciana,Parish,22,125,22125.0,G2201250,74,the Central Gulf Coast Area,https://www.nlr.gov/docs/fy23osti/86817.pdf,https://www.nlr.gov/docs/fy25osti/91971.pdf
LOUISIANA,Winn,Parish,22,127,22127.0,G2201270,85,Rural Climate Zone 3A,https://www.nlr.gov/docs/fy23osti/86828.pdf,https://www.nlr.gov/docs/fy25osti/91982.pdf
MAINE,Androscoggin,County,23,1,23001.0,G2300010,52,Southern New England,https://www.nlr.gov/docs/fy23osti/86796.pdf,https://www.nlr.gov/docs/fy25osti/91951.pdf
MAINE,Aroostook,County,23,3,23003.0,G2300030,59,Northern New England,https://www.nlr.gov/docs/fy23osti/86803.pdf,https://www.nlr.gov/docs/fy25osti/91958.pdf
MAINE,Cumberland,County,23,5,23005.0,G2300050,52,Southern New England,https://www.nlr.gov/docs/fy23osti/86796.pdf,https://www.nlr.gov/docs/fy25osti/91951.pdf
MAINE,Franklin,County,23,7,23007.0,G2300070,59,Northern New England,https://www.nlr.gov/docs/fy23osti/86803.pdf,https://www.nlr.gov/docs/fy25osti/91958.pdf
MAINE,Hancock,County,23,9,23009.0,G2300090,59,Northern New England,https://www.nlr.gov/docs/fy23osti/86803.pdf,https://www.nlr.gov/docs/fy25osti/91958.pdf
MAINE,Kennebec,County,23,11,23011.0,G2300110,59,Northern New England,https://www.nlr.gov/docs/fy23osti/86803.pdf,https://www.nlr.gov/docs/fy25osti/91958.pdf
MAINE,Knox,County,23,13,23013.0,G2300130,59,Northern New England,https://www.nlr.gov/docs/fy23osti/86803.pdf,https://www.nlr.gov/docs/fy25osti/91958.pdf
MAINE,Lincoln,County,23,15,23015.0,G2300150,59,Northern New England,https://www.nlr.gov/docs/fy23osti/86803.pdf,https://www.nlr.gov/docs/fy25osti/91958.pdf
MAINE,Oxford,County,23,17,23017.0,G2300170,59,Northern New England,https://www.nlr.gov/docs/fy23osti/86803.pdf,https://www.nlr.gov/docs/fy25osti/91958.pdf
MAINE,Penobscot,County,23,19,23019.0,G2300190,59,Northern New England,https://www.nlr.gov/docs/fy23osti/86803.pdf,https://www.nlr.gov/docs/fy25osti/91958.pdf
MAINE,Piscataquis,County,23,21,23021.0,G2300210,59,Northern New England,https://www.nlr.gov/docs/fy23osti/86803.pdf,https://www.nlr.gov/docs/fy25osti/91958.pdf
MAINE,Sagadahoc,County,23,23,23023.0,G2300230,52,Southern New England,https://www.nlr.gov/docs/fy23osti/86796.pdf,https://www.nlr.gov/docs/fy25osti/91951.pdf
MAINE,Somerset,County,23,25,23025.0,G2300250,59,Northern New England,https://www.nlr.gov/docs/fy23osti/86803.pdf,https://www.nlr.gov/docs/fy25osti/91958.pdf
MAINE,Waldo,County,23,27,23027.0,G2300270,59,Northern New England,https://www.nlr.gov/docs/fy23osti/86803.pdf,https://www.nlr.gov/docs/fy25osti/91958.pdf
MAINE,Washington,County,23,29,23029.0,G2300290,59,Northern New England,https://www.nlr.gov/docs/fy23osti/86803.pdf,https://www.nlr.gov/docs/fy25osti/91958.pdf
MAINE,York,County,23,31,23031.0,G2300310,52,Southern New England,https://www.nlr.gov/docs/fy23osti/86796.pdf,https://www.nlr.gov/docs/fy25osti/91951.pdf
MARYLAND,Allegany,County,24,1,24001.0,G2400010,39,the Washington DC to Philadelphia Area,https://www.nlr.gov/docs/fy23osti/86785.pdf,https://www.nlr.gov/docs/fy25osti/91940.pdf
MARYLAND,Anne Arundel,County,24,3,24003.0,G2400030,39,the Washington DC to Philadelphia Area,https://www.nlr.gov/docs/fy23osti/86785.pdf,https://www.nlr.gov/docs/fy25osti/91940.pdf
MARYLAND,Baltimore,County,24,5,24005.0,G2400050,39,the Washington DC to Philadelphia Area,https://www.nlr.gov/docs/fy23osti/86785.pdf,https://www.nlr.gov/docs/fy25osti/91940.pdf
MARYLAND,Baltimore,city,24,510,24510.0,G2405100,39,the Washington DC to Philadelphia Area,https://www.nlr.gov/docs/fy23osti/86785.pdf,https://www.nlr.gov/docs/fy25osti/91940.pdf
MARYLAND,Calvert,County,24,9,24009.0,G2400090,39,the Washington DC to Philadelphia Area,https://www.nlr.gov/docs/fy23osti/86785.pdf,https://www.nlr.gov/docs/fy25osti/91940.pdf
MARYLAND,Caroline,County,24,11,24011.0,G2400110,22,the Greater Central Virginia and Eastern Shore Area,https://www.nlr.gov/docs/fy23osti/86768.pdf,https://www.nlr.gov/docs/fy25osti/91923.pdf
MARYLAND,Carroll,County,24,13,24013.0,G2400130,39,the Washington DC to Philadelphia Area,https://www.nlr.gov/docs/fy23osti/86785.pdf,https://www.nlr.gov/docs/fy25osti/91940.pdf
MARYLAND,Cecil,County,24,15,24015.0,G2400150,39,the Washington DC to Philadelphia Area,https://www.nlr.gov/docs/fy23osti/86785.pdf,https://www.nlr.gov/docs/fy25osti/91940.pdf
MARYLAND,Charles,County,24,17,24017.0,G2400170,39,the Washington DC to Philadelphia Area,https://www.nlr.gov/docs/fy23osti/86785.pdf,https://www.nlr.gov/docs/fy25osti/91940.pdf
MARYLAND,Dorchester,County,24,19,24019.0,G2400190,22,the Greater Central Virginia and Eastern Shore Area,https://www.nlr.gov/docs/fy23osti/86768.pdf,https://www.nlr.gov/docs/fy25osti/91923.pdf
MARYLAND,Frederick,County,24,21,24021.0,G2400210,39,the Washington DC to Philadelphia Area,https://www.nlr.gov/docs/fy23osti/86785.pdf,https://www.nlr.gov/docs/fy25osti/91940.pdf
MARYLAND,Garrett,County,24,23,24023.0,G2400230,4,the Rural Eastern Climate Zone 5A Area,https://www.nlr.gov/docs/fy23osti/86757.pdf,https://www.nlr.gov/docs/fy25osti/91912.pdf
MARYLAND,Harford,County,24,25,24025.0,G2400250,39,the Washington DC to Philadelphia Area,https://www.nlr.gov/docs/fy23osti/86785.pdf,https://www.nlr.gov/docs/fy25osti/91940.pdf
MARYLAND,Howard,County,24,27,24027.0,G2400270,39,the Washington DC to Philadelphia Area,https://www.nlr.gov/docs/fy23osti/86785.pdf,https://www.nlr.gov/docs/fy25osti/91940.pdf
MARYLAND,Kent,County,24,29,24029.0,G2400290,39,the Washington DC to Philadelphia Area,https://www.nlr.gov/docs/fy23osti/86785.pdf,https://www.nlr.gov/docs/fy25osti/91940.pdf
MARYLAND,Montgomery,County,24,31,24031.0,G2400310,39,the Washington DC to Philadelphia Area,https://www.nlr.gov/docs/fy23osti/86785.pdf,https://www.nlr.gov/docs/fy25osti/91940.pdf
MARYLAND,Prince George's,County,24,33,24033.0,G2400330,39,the Washington DC to Philadelphia Area,https://www.nlr.gov/docs/fy23osti/86785.pdf,https://www.nlr.gov/docs/fy25osti/91940.pdf
MARYLAND,Queen Anne's,County,24,35,24035.0,G2400350,39,the Washington DC to Philadelphia Area,https://www.nlr.gov/docs/fy23osti/86785.pdf,https://www.nlr.gov/docs/fy25osti/91940.pdf
MARYLAND,Somerset,County,24,39,24039.0,G2400390,39,the Washington DC to Philadelphia Area,https://www.nlr.gov/docs/fy23osti/86785.pdf,https://www.nlr.gov/docs/fy25osti/91940.pdf
MARYLAND,St. Mary's,County,24,37,24037.0,G2400370,39,the Washington DC to Philadelphia Area,https://www.nlr.gov/docs/fy23osti/86785.pdf,https://www.nlr.gov/docs/fy25osti/91940.pdf
MARYLAND,Talbot,County,24,41,24041.0,G2400410,22,the Greater Central Virginia and Eastern Shore Area,https://www.nlr.gov/docs/fy23osti/86768.pdf,https://www.nlr.gov/docs/fy25osti/91923.pdf
MARYLAND,Washington,County,24,43,24043.0,G2400430,39,the Washington DC to Philadelphia Area,https://www.nlr.gov/docs/fy23osti/86785.pdf,https://www.nlr.gov/docs/fy25osti/91940.pdf
MARYLAND,Wicomico,County,24,45,24045.0,G2400450,39,the Washington DC to Philadelphia Area,https://www.nlr.gov/docs/fy23osti/86785.pdf,https://www.nlr.gov/docs/fy25osti/91940.pdf
MARYLAND,Worcester,County,24,47,24047.0,G2400470,39,the Washington DC to Philadelphia Area,https://www.nlr.gov/docs/fy23osti/86785.pdf,https://www.nlr.gov/docs/fy25osti/91940.pdf
MASSACHUSETTS,Barnstable,County,25,1,25001.0,G2500010,52,Southern New England,https://www.nlr.gov/docs/fy23osti/86796.pdf,https://www.nlr.gov/docs/fy25osti/91951.pdf
MASSACHUSETTS,Berkshire,County,25,3,25003.0,G2500030,52,Southern New England,https://www.nlr.gov/docs/fy23osti/86796.pdf,https://www.nlr.gov/docs/fy25osti/91951.pdf
MASSACHUSETTS,Bristol,County,25,5,25005.0,G2500050,52,Southern New England,https://www.nlr.gov/docs/fy23osti/86796.pdf,https://www.nlr.gov/docs/fy25osti/91951.pdf
MASSACHUSETTS,Dukes,County,25,7,25007.0,G2500070,52,Southern New England,https://www.nlr.gov/docs/fy23osti/86796.pdf,https://www.nlr.gov/docs/fy25osti/91951.pdf
MASSACHUSETTS,Essex,County,25,9,25009.0,G2500090,52,Southern New England,https://www.nlr.gov/docs/fy23osti/86796.pdf,https://www.nlr.gov/docs/fy25osti/91951.pdf
MASSACHUSETTS,Franklin,County,25,11,25011.0,G2500110,52,Southern New England,https://www.nlr.gov/docs/fy23osti/86796.pdf,https://www.nlr.gov/docs/fy25osti/91951.pdf
MASSACHUSETTS,Hampden,County,25,13,25013.0,G2500130,52,Southern New England,https://www.nlr.gov/docs/fy23osti/86796.pdf,https://www.nlr.gov/docs/fy25osti/91951.pdf
MASSACHUSETTS,Hampshire,County,25,15,25015.0,G2500150,52,Southern New England,https://www.nlr.gov/docs/fy23osti/86796.pdf,https://www.nlr.gov/docs/fy25osti/91951.pdf
MASSACHUSETTS,Middlesex,County,25,17,25017.0,G2500170,52,Southern New England,https://www.nlr.gov/docs/fy23osti/86796.pdf,https://www.nlr.gov/docs/fy25osti/91951.pdf
MASSACHUSETTS,Nantucket,County,25,19,25019.0,G2500190,52,Southern New England,https://www.nlr.gov/docs/fy23osti/86796.pdf,https://www.nlr.gov/docs/fy25osti/91951.pdf
MASSACHUSETTS,Norfolk,County,25,21,25021.0,G2500210,52,Southern New England,https://www.nlr.gov/docs/fy23osti/86796.pdf,https://www.nlr.gov/docs/fy25osti/91951.pdf
MASSACHUSETTS,Plymouth,County,25,23,25023.0,G2500230,52,Southern New England,https://www.nlr.gov/docs/fy23osti/86796.pdf,https://www.nlr.gov/docs/fy25osti/91951.pdf
MASSACHUSETTS,Suffolk,County,25,25,25025.0,G2500250,52,Southern New England,https://www.nlr.gov/docs/fy23osti/86796.pdf,https://www.nlr.gov/docs/fy25osti/91951.pdf
MASSACHUSETTS,Worcester,County,25,27,25027.0,G2500270,52,Southern New England,https://www.nlr.gov/docs/fy23osti/86796.pdf,https://www.nlr.gov/docs/fy25osti/91951.pdf
MICHIGAN,Alcona,County,26,1,26001.0,G2600010,23,"Rural Upper Michigan, Door and Marinette Counties",https://www.nlr.gov/docs/fy23osti/86769.pdf,https://www.nlr.gov/docs/fy25osti/91924.pdf
MICHIGAN,Alger,County,26,3,26003.0,G2600030,23,"Rural Upper Michigan, Door and Marinette Counties",https://www.nlr.gov/docs/fy23osti/86769.pdf,https://www.nlr.gov/docs/fy25osti/91924.pdf
MICHIGAN,Allegan,County,26,5,26005.0,G2600050,4,the Rural Eastern Climate Zone 5A Area,https://www.nlr.gov/docs/fy23osti/86757.pdf,https://www.nlr.gov/docs/fy25osti/91912.pdf
MICHIGAN,Alpena,County,26,7,26007.0,G2600070,23,"Rural Upper Michigan, Door and Marinette Counties",https://www.nlr.gov/docs/fy23osti/86769.pdf,https://www.nlr.gov/docs/fy25osti/91924.pdf
MICHIGAN,Antrim,County,26,9,26009.0,G2600090,23,"Rural Upper Michigan, Door and Marinette Counties",https://www.nlr.gov/docs/fy23osti/86769.pdf,https://www.nlr.gov/docs/fy25osti/91924.pdf
MICHIGAN,Arenac,County,26,11,26011.0,G2600110,23,"Rural Upper Michigan, Door and Marinette Counties",https://www.nlr.gov/docs/fy23osti/86769.pdf,https://www.nlr.gov/docs/fy25osti/91924.pdf
MICHIGAN,Baraga,County,26,13,26013.0,G2600130,72,Rural Midwest North,https://www.nlr.gov/docs/fy23osti/86814.pdf,https://www.nlr.gov/docs/fy25osti/91969.pdf
MICHIGAN,Barry,County,26,15,26015.0,G2600150,4,the Rural Eastern Climate Zone 5A Area,https://www.nlr.gov/docs/fy23osti/86757.pdf,https://www.nlr.gov/docs/fy25osti/91912.pdf
MICHIGAN,Bay,County,26,17,26017.0,G2600170,16,Rural Southern Michigan and the Toledo Area,https://www.nlr.gov/docs/fy23osti/86762.pdf,https://www.nlr.gov/docs/fy25osti/91917.pdf
MICHIGAN,Benzie,County,26,19,26019.0,G2600190,23,"Rural Upper Michigan, Door and Marinette Counties",https://www.nlr.gov/docs/fy23osti/86769.pdf,https://www.nlr.gov/docs/fy25osti/91924.pdf
MICHIGAN,Berrien,County,26,21,26021.0,G2600210,82,the Chicago to Green Bay and Madison Area,https://www.nlr.gov/docs/fy23osti/86825.pdf,https://www.nlr.gov/docs/fy25osti/91979.pdf
MICHIGAN,Branch,County,26,23,26023.0,G2600230,4,the Rural Eastern Climate Zone 5A Area,https://www.nlr.gov/docs/fy23osti/86757.pdf,https://www.nlr.gov/docs/fy25osti/91912.pdf
MICHIGAN,Calhoun,County,26,25,26025.0,G2600250,16,Rural Southern Michigan and the Toledo Area,https://www.nlr.gov/docs/fy23osti/86762.pdf,https://www.nlr.gov/docs/fy25osti/91917.pdf
MICHIGAN,Cass,County,26,27,26027.0,G2600270,82,the Chicago to Green Bay and Madison Area,https://www.nlr.gov/docs/fy23osti/86825.pdf,https://www.nlr.gov/docs/fy25osti/91979.pdf
MICHIGAN,Charlevoix,County,26,29,26029.0,G2600290,23,"Rural Upper Michigan, Door and Marinette Counties",https://www.nlr.gov/docs/fy23osti/86769.pdf,https://www.nlr.gov/docs/fy25osti/91924.pdf
MICHIGAN,Cheboygan,County,26,31,26031.0,G2600310,23,"Rural Upper Michigan, Door and Marinette Counties",https://www.nlr.gov/docs/fy23osti/86769.pdf,https://www.nlr.gov/docs/fy25osti/91924.pdf
MICHIGAN,Chippewa,County,26,33,26033.0,G2600330,72,Rural Midwest North,https://www.nlr.gov/docs/fy23osti/86814.pdf,https://www.nlr.gov/docs/fy25osti/91969.pdf
MICHIGAN,Clare,County,26,35,26035.0,G2600350,23,"Rural Upper Michigan, Door and Marinette Counties",https://www.nlr.gov/docs/fy23osti/86769.pdf,https://www.nlr.gov/docs/fy25osti/91924.pdf
MICHIGAN,Clinton,County,26,37,26037.0,G2600370,16,Rural Southern Michigan and the Toledo Area,https://www.nlr.gov/docs/fy23osti/86762.pdf,https://www.nlr.gov/docs/fy25osti/91917.pdf
MICHIGAN,Crawford,County,26,39,26039.0,G2600390,23,"Rural Upper Michigan, Door and Marinette Counties",https://www.nlr.gov/docs/fy23osti/86769.pdf,https://www.nlr.gov/docs/fy25osti/91924.pdf
MICHIGAN,Delta,County,26,41,26041.0,G2600410,23,"Rural Upper Michigan, Door and Marinette Counties",https://www.nlr.gov/docs/fy23osti/86769.pdf,https://www.nlr.gov/docs/fy25osti/91924.pdf
MICHIGAN,Dickinson,County,26,43,26043.0,G2600430,23,"Rural Upper Michigan, Door and Marinette Counties",https://www.nlr.gov/docs/fy23osti/86769.pdf,https://www.nlr.gov/docs/fy25osti/91924.pdf
MICHIGAN,Eaton,County,26,45,26045.0,G2600450,16,Rural Southern Michigan and the Toledo Area,https://www.nlr.gov/docs/fy23osti/86762.pdf,https://www.nlr.gov/docs/fy25osti/91917.pdf
MICHIGAN,Emmet,County,26,47,26047.0,G2600470,23,"Rural Upper Michigan, Door and Marinette Counties",https://www.nlr.gov/docs/fy23osti/86769.pdf,https://www.nlr.gov/docs/fy25osti/91924.pdf
MICHIGAN,Genesee,County,26,49,26049.0,G2600490,16,Rural Southern Michigan and the Toledo Area,https://www.nlr.gov/docs/fy23osti/86762.pdf,https://www.nlr.gov/docs/fy25osti/91917.pdf
MICHIGAN,Gladwin,County,26,51,26051.0,G2600510,23,"Rural Upper Michigan, Door and Marinette Counties",https://www.nlr.gov/docs/fy23osti/86769.pdf,https://www.nlr.gov/docs/fy25osti/91924.pdf
MICHIGAN,Gogebic,County,26,53,26053.0,G2600530,72,Rural Midwest North,https://www.nlr.gov/docs/fy23osti/86814.pdf,https://www.nlr.gov/docs/fy25osti/91969.pdf
MICHIGAN,Grand Traverse,County,26,55,26055.0,G2600550,23,"Rural Upper Michigan, Door and Marinette Counties",https://www.nlr.gov/docs/fy23osti/86769.pdf,https://www.nlr.gov/docs/fy25osti/91924.pdf
MICHIGAN,Gratiot,County,26,57,26057.0,G2600570,23,"Rural Upper Michigan, Door and Marinette Counties",https://www.nlr.gov/docs/fy23osti/86769.pdf,https://www.nlr.gov/docs/fy25osti/91924.pdf
MICHIGAN,Hillsdale,County,26,59,26059.0,G2600590,4,the Rural Eastern Climate Zone 5A Area,https://www.nlr.gov/docs/fy23osti/86757.pdf,https://www.nlr.gov/docs/fy25osti/91912.pdf
MICHIGAN,Houghton,County,26,61,26061.0,G2600610,72,Rural Midwest North,https://www.nlr.gov/docs/fy23osti/86814.pdf,https://www.nlr.gov/docs/fy25osti/91969.pdf
MICHIGAN,Huron,County,26,63,26063.0,G2600630,23,"Rural Upper Michigan, Door and Marinette Counties",https://www.nlr.gov/docs/fy23osti/86769.pdf,https://www.nlr.gov/docs/fy25osti/91924.pdf
MICHIGAN,Ingham,County,26,65,26065.0,G2600650,16,Rural Southern Michigan and the Toledo Area,https://www.nlr.gov/docs/fy23osti/86762.pdf,https://www.nlr.gov/docs/fy25osti/91917.pdf
MICHIGAN,Ionia,County,26,67,26067.0,G2600670,16,Rural Southern Michigan and the Toledo Area,https://www.nlr.gov/docs/fy23osti/86762.pdf,https://www.nlr.gov/docs/fy25osti/91917.pdf
MICHIGAN,Iosco,County,26,69,26069.0,G2600690,23,"Rural Upper Michigan, Door and Marinette Counties",https://www.nlr.gov/docs/fy23osti/86769.pdf,https://www.nlr.gov/docs/fy25osti/91924.pdf
MICHIGAN,Iron,County,26,71,26071.0,G2600710,72,Rural Midwest North,https://www.nlr.gov/docs/fy23osti/86814.pdf,https://www.nlr.gov/docs/fy25osti/91969.pdf
MICHIGAN,Isabella,County,26,73,26073.0,G2600730,23,"Rural Upper Michigan, Door and Marinette Counties",https://www.nlr.gov/docs/fy23osti/86769.pdf,https://www.nlr.gov/docs/fy25osti/91924.pdf
MICHIGAN,Jackson,County,26,75,26075.0,G2600750,16,Rural Southern Michigan and the Toledo Area,https://www.nlr.gov/docs/fy23osti/86762.pdf,https://www.nlr.gov/docs/fy25osti/91917.pdf
MICHIGAN,Kalamazoo,County,26,77,26077.0,G2600770,16,Rural Southern Michigan and the Toledo Area,https://www.nlr.gov/docs/fy23osti/86762.pdf,https://www.nlr.gov/docs/fy25osti/91917.pdf
MICHIGAN,Kalkaska,County,26,79,26079.0,G2600790,23,"Rural Upper Michigan, Door and Marinette Counties",https://www.nlr.gov/docs/fy23osti/86769.pdf,https://www.nlr.gov/docs/fy25osti/91924.pdf
MICHIGAN,Kent,County,26,81,26081.0,G2600810,16,Rural Southern Michigan and the Toledo Area,https://www.nlr.gov/docs/fy23osti/86762.pdf,https://www.nlr.gov/docs/fy25osti/91917.pdf
MICHIGAN,Keweenaw,County,26,83,26083.0,G2600830,72,Rural Midwest North,https://www.nlr.gov/docs/fy23osti/86814.pdf,https://www.nlr.gov/docs/fy25osti/91969.pdf
MICHIGAN,Lake,County,26,85,26085.0,G2600850,23,"Rural Upper Michigan, Door and Marinette Counties",https://www.nlr.gov/docs/fy23osti/86769.pdf,https://www.nlr.gov/docs/fy25osti/91924.pdf
MICHIGAN,Lapeer,County,26,87,26087.0,G2600870,16,Rural Southern Michigan and the Toledo Area,https://www.nlr.gov/docs/fy23osti/86762.pdf,https://www.nlr.gov/docs/fy25osti/91917.pdf
MICHIGAN,Leelanau,County,26,89,26089.0,G2600890,23,"Rural Upper Michigan, Door and Marinette Counties",https://www.nlr.gov/docs/fy23osti/86769.pdf,https://www.nlr.gov/docs/fy25osti/91924.pdf
MICHIGAN,Lenawee,County,26,91,26091.0,G2600910,4,the Rural Eastern Climate Zone 5A Area,https://www.nlr.gov/docs/fy23osti/86757.pdf,https://www.nlr.gov/docs/fy25osti/91912.pdf
MICHIGAN,Livingston,County,26,93,26093.0,G2600930,16,Rural Southern Michigan and the Toledo Area,https://www.nlr.gov/docs/fy23osti/86762.pdf,https://www.nlr.gov/docs/fy25osti/91917.pdf
MICHIGAN,Luce,County,26,95,26095.0,G2600950,72,Rural Midwest North,https://www.nlr.gov/docs/fy23osti/86814.pdf,https://www.nlr.gov/docs/fy25osti/91969.pdf
MICHIGAN,Mackinac,County,26,97,26097.0,G2600970,72,Rural Midwest North,https://www.nlr.gov/docs/fy23osti/86814.pdf,https://www.nlr.gov/docs/fy25osti/91969.pdf
MICHIGAN,Macomb,County,26,99,26099.0,G2600990,16,Rural Southern Michigan and the Toledo Area,https://www.nlr.gov/docs/fy23osti/86762.pdf,https://www.nlr.gov/docs/fy25osti/91917.pdf
MICHIGAN,Manistee,County,26,101,26101.0,G2601010,23,"Rural Upper Michigan, Door and Marinette Counties",https://www.nlr.gov/docs/fy23osti/86769.pdf,https://www.nlr.gov/docs/fy25osti/91924.pdf
MICHIGAN,Marquette,County,26,103,26103.0,G2601030,23,"Rural Upper Michigan, Door and Marinette Counties",https://www.nlr.gov/docs/fy23osti/86769.pdf,https://www.nlr.gov/docs/fy25osti/91924.pdf
MICHIGAN,Mason,County,26,105,26105.0,G2601050,23,"Rural Upper Michigan, Door and Marinette Counties",https://www.nlr.gov/docs/fy23osti/86769.pdf,https://www.nlr.gov/docs/fy25osti/91924.pdf
MICHIGAN,Mecosta,County,26,107,26107.0,G2601070,23,"Rural Upper Michigan, Door and Marinette Counties",https://www.nlr.gov/docs/fy23osti/86769.pdf,https://www.nlr.gov/docs/fy25osti/91924.pdf
MICHIGAN,Menominee,County,26,109,26109.0,G2601090,23,"Rural Upper Michigan, Door and Marinette Counties",https://www.nlr.gov/docs/fy23osti/86769.pdf,https://www.nlr.gov/docs/fy25osti/91924.pdf
MICHIGAN,Midland,County,26,111,26111.0,G2601110,16,Rural Southern Michigan and the Toledo Area,https://www.nlr.gov/docs/fy23osti/86762.pdf,https://www.nlr.gov/docs/fy25osti/91917.pdf
MICHIGAN,Missaukee,County,26,113,26113.0,G2601130,23,"Rural Upper Michigan, Door and Marinette Counties",https://www.nlr.gov/docs/fy23osti/86769.pdf,https://www.nlr.gov/docs/fy25osti/91924.pdf
MICHIGAN,Monroe,County,26,115,26115.0,G2601150,16,Rural Southern Michigan and the Toledo Area,https://www.nlr.gov/docs/fy23osti/86762.pdf,https://www.nlr.gov/docs/fy25osti/91917.pdf
MICHIGAN,Montcalm,County,26,117,26117.0,G2601170,16,Rural Southern Michigan and the Toledo Area,https://www.nlr.gov/docs/fy23osti/86762.pdf,https://www.nlr.gov/docs/fy25osti/91917.pdf
MICHIGAN,Montmorency,County,26,119,26119.0,G2601190,23,"Rural Upper Michigan, Door and Marinette Counties",https://www.nlr.gov/docs/fy23osti/86769.pdf,https://www.nlr.gov/docs/fy25osti/91924.pdf
MICHIGAN,Muskegon,County,26,121,26121.0,G2601210,16,Rural Southern Michigan and the Toledo Area,https://www.nlr.gov/docs/fy23osti/86762.pdf,https://www.nlr.gov/docs/fy25osti/91917.pdf
MICHIGAN,Newaygo,County,26,123,26123.0,G2601230,23,"Rural Upper Michigan, Door and Marinette Counties",https://www.nlr.gov/docs/fy23osti/86769.pdf,https://www.nlr.gov/docs/fy25osti/91924.pdf
MICHIGAN,Oakland,County,26,125,26125.0,G2601250,16,Rural Southern Michigan and the Toledo Area,https://www.nlr.gov/docs/fy23osti/86762.pdf,https://www.nlr.gov/docs/fy25osti/91917.pdf
MICHIGAN,Oceana,County,26,127,26127.0,G2601270,23,"Rural Upper Michigan, Door and Marinette Counties",https://www.nlr.gov/docs/fy23osti/86769.pdf,https://www.nlr.gov/docs/fy25osti/91924.pdf
MICHIGAN,Ogemaw,County,26,129,26129.0,G2601290,23,"Rural Upper Michigan, Door and Marinette Counties",https://www.nlr.gov/docs/fy23osti/86769.pdf,https://www.nlr.gov/docs/fy25osti/91924.pdf
MICHIGAN,Ontonagon,County,26,131,26131.0,G2601310,72,Rural Midwest North,https://www.nlr.gov/docs/fy23osti/86814.pdf,https://www.nlr.gov/docs/fy25osti/91969.pdf
MICHIGAN,Osceola,County,26,133,26133.0,G2601330,23,"Rural Upper Michigan, Door and Marinette Counties",https://www.nlr.gov/docs/fy23osti/86769.pdf,https://www.nlr.gov/docs/fy25osti/91924.pdf
MICHIGAN,Oscoda,County,26,135,26135.0,G2601350,23,"Rural Upper Michigan, Door and Marinette Counties",https://www.nlr.gov/docs/fy23osti/86769.pdf,https://www.nlr.gov/docs/fy25osti/91924.pdf
MICHIGAN,Otsego,County,26,137,26137.0,G2601370,23,"Rural Upper Michigan, Door and Marinette Counties",https://www.nlr.gov/docs/fy23osti/86769.pdf,https://www.nlr.gov/docs/fy25osti/91924.pdf
MICHIGAN,Ottawa,County,26,139,26139.0,G2601390,16,Rural Southern Michigan and the Toledo Area,https://www.nlr.gov/docs/fy23osti/86762.pdf,https://www.nlr.gov/docs/fy25osti/91917.pdf
MICHIGAN,Presque Isle,County,26,141,26141.0,G2601410,23,"Rural Upper Michigan, Door and Marinette Counties",https://www.nlr.gov/docs/fy23osti/86769.pdf,https://www.nlr.gov/docs/fy25osti/91924.pdf
MICHIGAN,Roscommon,County,26,143,26143.0,G2601430,23,"Rural Upper Michigan, Door and Marinette Counties",https://www.nlr.gov/docs/fy23osti/86769.pdf,https://www.nlr.gov/docs/fy25osti/91924.pdf
MICHIGAN,Saginaw,County,26,145,26145.0,G2601450,16,Rural Southern Michigan and the Toledo Area,https://www.nlr.gov/docs/fy23osti/86762.pdf,https://www.nlr.gov/docs/fy25osti/91917.pdf
MICHIGAN,Sanilac,County,26,151,26151.0,G2601510,23,"Rural Upper Michigan, Door and Marinette Counties",https://www.nlr.gov/docs/fy23osti/86769.pdf,https://www.nlr.gov/docs/fy25osti/91924.pdf
MICHIGAN,Schoolcraft,County,26,153,26153.0,G2601530,72,Rural Midwest North,https://www.nlr.gov/docs/fy23osti/86814.pdf,https://www.nlr.gov/docs/fy25osti/91969.pdf
MICHIGAN,Shiawassee,County,26,155,26155.0,G2601550,16,Rural Southern Michigan and the Toledo Area,https://www.nlr.gov/docs/fy23osti/86762.pdf,https://www.nlr.gov/docs/fy25osti/91917.pdf
MICHIGAN,St. Clair,County,26,147,26147.0,G2601470,16,Rural Southern Michigan and the Toledo Area,https://www.nlr.gov/docs/fy23osti/86762.pdf,https://www.nlr.gov/docs/fy25osti/91917.pdf
MICHIGAN,St. Joseph,County,26,149,26149.0,G2601490,4,the Rural Eastern Climate Zone 5A Area,https://www.nlr.gov/docs/fy23osti/86757.pdf,https://www.nlr.gov/docs/fy25osti/91912.pdf
MICHIGAN,Tuscola,County,26,157,26157.0,G2601570,23,"Rural Upper Michigan, Door and Marinette Counties",https://www.nlr.gov/docs/fy23osti/86769.pdf,https://www.nlr.gov/docs/fy25osti/91924.pdf
MICHIGAN,Van Buren,County,26,159,26159.0,G2601590,4,the Rural Eastern Climate Zone 5A Area,https://www.nlr.gov/docs/fy23osti/86757.pdf,https://www.nlr.gov/docs/fy25osti/91912.pdf
MICHIGAN,Washtenaw,County,26,161,26161.0,G2601610,16,Rural Southern Michigan and the Toledo Area,https://www.nlr.gov/docs/fy23osti/86762.pdf,https://www.nlr.gov/docs/fy25osti/91917.pdf
MICHIGAN,Wayne,County,26,163,26163.0,G2601630,16,Rural Southern Michigan and the Toledo Area,https://www.nlr.gov/docs/fy23osti/86762.pdf,https://www.nlr.gov/docs/fy25osti/91917.pdf
MICHIGAN,Wexford,County,26,165,26165.0,G2601650,23,"Rural Upper Michigan, Door and Marinette Counties",https://www.nlr.gov/docs/fy23osti/86769.pdf,https://www.nlr.gov/docs/fy25osti/91924.pdf
MINNESOTA,Aitkin,County,27,1,27001.0,G2700010,72,Rural Midwest North,https://www.nlr.gov/docs/fy23osti/86814.pdf,https://www.nlr.gov/docs/fy25osti/91969.pdf
MINNESOTA,Anoka,County,27,3,27003.0,G2700030,21,Greater Minneapolis-St Paul,https://www.nlr.gov/docs/fy23osti/86767.pdf,https://www.nlr.gov/docs/fy25osti/91922.pdf
MINNESOTA,Becker,County,27,5,27005.0,G2700050,72,Rural Midwest North,https://www.nlr.gov/docs/fy23osti/86814.pdf,https://www.nlr.gov/docs/fy25osti/91969.pdf
MINNESOTA,Beltrami,County,27,7,27007.0,G2700070,72,Rural Midwest North,https://www.nlr.gov/docs/fy23osti/86814.pdf,https://www.nlr.gov/docs/fy25osti/91969.pdf
MINNESOTA,Benton,County,27,9,27009.0,G2700090,21,Greater Minneapolis-St Paul,https://www.nlr.gov/docs/fy23osti/86767.pdf,https://www.nlr.gov/docs/fy25osti/91922.pdf
MINNESOTA,Big Stone,County,27,11,27011.0,G2700110,43,Rural Midwest Climate Zone 6A,https://www.nlr.gov/docs/fy23osti/86788.pdf,https://www.nlr.gov/docs/fy25osti/91943.pdf
MINNESOTA,Blue Earth,County,27,13,27013.0,G2700130,21,Greater Minneapolis-St Paul,https://www.nlr.gov/docs/fy23osti/86767.pdf,https://www.nlr.gov/docs/fy25osti/91922.pdf
MINNESOTA,Brown,County,27,15,27015.0,G2700150,43,Rural Midwest Climate Zone 6A,https://www.nlr.gov/docs/fy23osti/86788.pdf,https://www.nlr.gov/docs/fy25osti/91943.pdf
MINNESOTA,Carlton,County,27,17,27017.0,G2700170,77,the Duluth-Grand Forks-Fargo Area,https://www.nlr.gov/docs/fy23osti/86820.pdf,https://www.nlr.gov/docs/fy25osti/91974.pdf
MINNESOTA,Carver,County,27,19,27019.0,G2700190,21,Greater Minneapolis-St Paul,https://www.nlr.gov/docs/fy23osti/86767.pdf,https://www.nlr.gov/docs/fy25osti/91922.pdf
MINNESOTA,Cass,County,27,21,27021.0,G2700210,72,Rural Midwest North,https://www.nlr.gov/docs/fy23osti/86814.pdf,https://www.nlr.gov/docs/fy25osti/91969.pdf
MINNESOTA,Chippewa,County,27,23,27023.0,G2700230,43,Rural Midwest Climate Zone 6A,https://www.nlr.gov/docs/fy23osti/86788.pdf,https://www.nlr.gov/docs/fy25osti/91943.pdf
MINNESOTA,Chisago,County,27,25,27025.0,G2700250,21,Greater Minneapolis-St Paul,https://www.nlr.gov/docs/fy23osti/86767.pdf,https://www.nlr.gov/docs/fy25osti/91922.pdf
MINNESOTA,Clay,County,27,27,27027.0,G2700270,77,the Duluth-Grand Forks-Fargo Area,https://www.nlr.gov/docs/fy23osti/86820.pdf,https://www.nlr.gov/docs/fy25osti/91974.pdf
MINNESOTA,Clearwater,County,27,29,27029.0,G2700290,72,Rural Midwest North,https://www.nlr.gov/docs/fy23osti/86814.pdf,https://www.nlr.gov/docs/fy25osti/91969.pdf
MINNESOTA,Cook,County,27,31,27031.0,G2700310,72,Rural Midwest North,https://www.nlr.gov/docs/fy23osti/86814.pdf,https://www.nlr.gov/docs/fy25osti/91969.pdf
MINNESOTA,Cottonwood,County,27,33,27033.0,G2700330,43,Rural Midwest Climate Zone 6A,https://www.nlr.gov/docs/fy23osti/86788.pdf,https://www.nlr.gov/docs/fy25osti/91943.pdf
MINNESOTA,Crow Wing,County,27,35,27035.0,G2700350,72,Rural Midwest North,https://www.nlr.gov/docs/fy23osti/86814.pdf,https://www.nlr.gov/docs/fy25osti/91969.pdf
MINNESOTA,Dakota,County,27,37,27037.0,G2700370,21,Greater Minneapolis-St Paul,https://www.nlr.gov/docs/fy23osti/86767.pdf,https://www.nlr.gov/docs/fy25osti/91922.pdf
MINNESOTA,Dodge,County,27,39,27039.0,G2700390,7,"Eau Claire, La Crosse, Rochester, and Wausau",https://www.nlr.gov/docs/fy23osti/86759.pdf,https://www.nlr.gov/docs/fy25osti/91914.pdf
MINNESOTA,Douglas,County,27,41,27041.0,G2700410,43,Rural Midwest Climate Zone 6A,https://www.nlr.gov/docs/fy23osti/86788.pdf,https://www.nlr.gov/docs/fy25osti/91943.pdf
MINNESOTA,Faribault,County,27,43,27043.0,G2700430,43,Rural Midwest Climate Zone 6A,https://www.nlr.gov/docs/fy23osti/86788.pdf,https://www.nlr.gov/docs/fy25osti/91943.pdf
MINNESOTA,Fillmore,County,27,45,27045.0,G2700450,7,"Eau Claire, La Crosse, Rochester, and Wausau",https://www.nlr.gov/docs/fy23osti/86759.pdf,https://www.nlr.gov/docs/fy25osti/91914.pdf
MINNESOTA,Freeborn,County,27,47,27047.0,G2700470,43,Rural Midwest Climate Zone 6A,https://www.nlr.gov/docs/fy23osti/86788.pdf,https://www.nlr.gov/docs/fy25osti/91943.pdf
MINNESOTA,Goodhue,County,27,49,27049.0,G2700490,43,Rural Midwest Climate Zone 6A,https://www.nlr.gov/docs/fy23osti/86788.pdf,https://www.nlr.gov/docs/fy25osti/91943.pdf
MINNESOTA,Grant,County,27,51,27051.0,G2700510,72,Rural Midwest North,https://www.nlr.gov/docs/fy23osti/86814.pdf,https://www.nlr.gov/docs/fy25osti/91969.pdf
MINNESOTA,Hennepin,County,27,53,27053.0,G2700530,21,Greater Minneapolis-St Paul,https://www.nlr.gov/docs/fy23osti/86767.pdf,https://www.nlr.gov/docs/fy25osti/91922.pdf
MINNESOTA,Houston,County,27,55,27055.0,G2700550,7,"Eau Claire, La Crosse, Rochester, and Wausau",https://www.nlr.gov/docs/fy23osti/86759.pdf,https://www.nlr.gov/docs/fy25osti/91914.pdf
MINNESOTA,Hubbard,County,27,57,27057.0,G2700570,72,Rural Midwest North,https://www.nlr.gov/docs/fy23osti/86814.pdf,https://www.nlr.gov/docs/fy25osti/91969.pdf
MINNESOTA,Isanti,County,27,59,27059.0,G2700590,21,Greater Minneapolis-St Paul,https://www.nlr.gov/docs/fy23osti/86767.pdf,https://www.nlr.gov/docs/fy25osti/91922.pdf
MINNESOTA,Itasca,County,27,61,27061.0,G2700610,72,Rural Midwest North,https://www.nlr.gov/docs/fy23osti/86814.pdf,https://www.nlr.gov/docs/fy25osti/91969.pdf
MINNESOTA,Jackson,County,27,63,27063.0,G2700630,43,Rural Midwest Climate Zone 6A,https://www.nlr.gov/docs/fy23osti/86788.pdf,https://www.nlr.gov/docs/fy25osti/91943.pdf
MINNESOTA,Kanabec,County,27,65,27065.0,G2700650,72,Rural Midwest North,https://www.nlr.gov/docs/fy23osti/86814.pdf,https://www.nlr.gov/docs/fy25osti/91969.pdf
MINNESOTA,Kandiyohi,County,27,67,27067.0,G2700670,43,Rural Midwest Climate Zone 6A,https://www.nlr.gov/docs/fy23osti/86788.pdf,https://www.nlr.gov/docs/fy25osti/91943.pdf
MINNESOTA,Kittson,County,27,69,27069.0,G2700690,72,Rural Midwest North,https://www.nlr.gov/docs/fy23osti/86814.pdf,https://www.nlr.gov/docs/fy25osti/91969.pdf
MINNESOTA,Koochiching,County,27,71,27071.0,G2700710,72,Rural Midwest North,https://www.nlr.gov/docs/fy23osti/86814.pdf,https://www.nlr.gov/docs/fy25osti/91969.pdf
MINNESOTA,Lac qui Parle,County,27,73,27073.0,G2700730,43,Rural Midwest Climate Zone 6A,https://www.nlr.gov/docs/fy23osti/86788.pdf,https://www.nlr.gov/docs/fy25osti/91943.pdf
MINNESOTA,Lake,County,27,75,27075.0,G2700750,77,the Duluth-Grand Forks-Fargo Area,https://www.nlr.gov/docs/fy23osti/86820.pdf,https://www.nlr.gov/docs/fy25osti/91974.pdf
MINNESOTA,Lake of the Woods,County,27,77,27077.0,G2700770,72,Rural Midwest North,https://www.nlr.gov/docs/fy23osti/86814.pdf,https://www.nlr.gov/docs/fy25osti/91969.pdf
MINNESOTA,Le Sueur,County,27,79,27079.0,G2700790,21,Greater Minneapolis-St Paul,https://www.nlr.gov/docs/fy23osti/86767.pdf,https://www.nlr.gov/docs/fy25osti/91922.pdf
MINNESOTA,Lincoln,County,27,81,27081.0,G2700810,43,Rural Midwest Climate Zone 6A,https://www.nlr.gov/docs/fy23osti/86788.pdf,https://www.nlr.gov/docs/fy25osti/91943.pdf
MINNESOTA,Lyon,County,27,83,27083.0,G2700830,43,Rural Midwest Climate Zone 6A,https://www.nlr.gov/docs/fy23osti/86788.pdf,https://www.nlr.gov/docs/fy25osti/91943.pdf
MINNESOTA,Mahnomen,County,27,87,27087.0,G2700870,72,Rural Midwest North,https://www.nlr.gov/docs/fy23osti/86814.pdf,https://www.nlr.gov/docs/fy25osti/91969.pdf
MINNESOTA,Marshall,County,27,89,27089.0,G2700890,72,Rural Midwest North,https://www.nlr.gov/docs/fy23osti/86814.pdf,https://www.nlr.gov/docs/fy25osti/91969.pdf
MINNESOTA,Martin,County,27,91,27091.0,G2700910,43,Rural Midwest Climate Zone 6A,https://www.nlr.gov/docs/fy23osti/86788.pdf,https://www.nlr.gov/docs/fy25osti/91943.pdf
MINNESOTA,McLeod,County,27,85,27085.0,G2700850,43,Rural Midwest Climate Zone 6A,https://www.nlr.gov/docs/fy23osti/86788.pdf,https://www.nlr.gov/docs/fy25osti/91943.pdf
MINNESOTA,Meeker,County,27,93,27093.0,G2700930,43,Rural Midwest Climate Zone 6A,https://www.nlr.gov/docs/fy23osti/86788.pdf,https://www.nlr.gov/docs/fy25osti/91943.pdf
MINNESOTA,Mille Lacs,County,27,95,27095.0,G2700950,21,Greater Minneapolis-St Paul,https://www.nlr.gov/docs/fy23osti/86767.pdf,https://www.nlr.gov/docs/fy25osti/91922.pdf
MINNESOTA,Morrison,County,27,97,27097.0,G2700970,43,Rural Midwest Climate Zone 6A,https://www.nlr.gov/docs/fy23osti/86788.pdf,https://www.nlr.gov/docs/fy25osti/91943.pdf
MINNESOTA,Mower,County,27,99,27099.0,G2700990,43,Rural Midwest Climate Zone 6A,https://www.nlr.gov/docs/fy23osti/86788.pdf,https://www.nlr.gov/docs/fy25osti/91943.pdf
MINNESOTA,Murray,County,27,101,27101.0,G2701010,43,Rural Midwest Climate Zone 6A,https://www.nlr.gov/docs/fy23osti/86788.pdf,https://www.nlr.gov/docs/fy25osti/91943.pdf
MINNESOTA,Nicollet,County,27,103,27103.0,G2701030,21,Greater Minneapolis-St Paul,https://www.nlr.gov/docs/fy23osti/86767.pdf,https://www.nlr.gov/docs/fy25osti/91922.pdf
MINNESOTA,Nobles,County,27,105,27105.0,G2701050,43,Rural Midwest Climate Zone 6A,https://www.nlr.gov/docs/fy23osti/86788.pdf,https://www.nlr.gov/docs/fy25osti/91943.pdf
MINNESOTA,Norman,County,27,107,27107.0,G2701070,72,Rural Midwest North,https://www.nlr.gov/docs/fy23osti/86814.pdf,https://www.nlr.gov/docs/fy25osti/91969.pdf
MINNESOTA,Olmsted,County,27,109,27109.0,G2701090,7,"Eau Claire, La Crosse, Rochester, and Wausau",https://www.nlr.gov/docs/fy23osti/86759.pdf,https://www.nlr.gov/docs/fy25osti/91914.pdf
MINNESOTA,Otter Tail,County,27,111,27111.0,G2701110,72,Rural Midwest North,https://www.nlr.gov/docs/fy23osti/86814.pdf,https://www.nlr.gov/docs/fy25osti/91969.pdf
MINNESOTA,Pennington,County,27,113,27113.0,G2701130,72,Rural Midwest North,https://www.nlr.gov/docs/fy23osti/86814.pdf,https://www.nlr.gov/docs/fy25osti/91969.pdf
MINNESOTA,Pine,County,27,115,27115.0,G2701150,72,Rural Midwest North,https://www.nlr.gov/docs/fy23osti/86814.pdf,https://www.nlr.gov/docs/fy25osti/91969.pdf
MINNESOTA,Pipestone,County,27,117,27117.0,G2701170,43,Rural Midwest Climate Zone 6A,https://www.nlr.gov/docs/fy23osti/86788.pdf,https://www.nlr.gov/docs/fy25osti/91943.pdf
MINNESOTA,Polk,County,27,119,27119.0,G2701190,77,the Duluth-Grand Forks-Fargo Area,https://www.nlr.gov/docs/fy23osti/86820.pdf,https://www.nlr.gov/docs/fy25osti/91974.pdf
MINNESOTA,Pope,County,27,121,27121.0,G2701210,43,Rural Midwest Climate Zone 6A,https://www.nlr.gov/docs/fy23osti/86788.pdf,https://www.nlr.gov/docs/fy25osti/91943.pdf
MINNESOTA,Ramsey,County,27,123,27123.0,G2701230,21,Greater Minneapolis-St Paul,https://www.nlr.gov/docs/fy23osti/86767.pdf,https://www.nlr.gov/docs/fy25osti/91922.pdf
MINNESOTA,Red Lake,County,27,125,27125.0,G2701250,72,Rural Midwest North,https://www.nlr.gov/docs/fy23osti/86814.pdf,https://www.nlr.gov/docs/fy25osti/91969.pdf
MINNESOTA,Redwood,County,27,127,27127.0,G2701270,43,Rural Midwest Climate Zone 6A,https://www.nlr.gov/docs/fy23osti/86788.pdf,https://www.nlr.gov/docs/fy25osti/91943.pdf
MINNESOTA,Renville,County,27,129,27129.0,G2701290,43,Rural Midwest Climate Zone 6A,https://www.nlr.gov/docs/fy23osti/86788.pdf,https://www.nlr.gov/docs/fy25osti/91943.pdf
MINNESOTA,Rice,County,27,131,27131.0,G2701310,43,Rural Midwest Climate Zone 6A,https://www.nlr.gov/docs/fy23osti/86788.pdf,https://www.nlr.gov/docs/fy25osti/91943.pdf
MINNESOTA,Rock,County,27,133,27133.0,G2701330,43,Rural Midwest Climate Zone 6A,https://www.nlr.gov/docs/fy23osti/86788.pdf,https://www.nlr.gov/docs/fy25osti/91943.pdf
MINNESOTA,Roseau,County,27,135,27135.0,G2701350,72,Rural Midwest North,https://www.nlr.gov/docs/fy23osti/86814.pdf,https://www.nlr.gov/docs/fy25osti/91969.pdf
MINNESOTA,Scott,County,27,139,27139.0,G2701390,21,Greater Minneapolis-St Paul,https://www.nlr.gov/docs/fy23osti/86767.pdf,https://www.nlr.gov/docs/fy25osti/91922.pdf
MINNESOTA,Sherburne,County,27,141,27141.0,G2701410,21,Greater Minneapolis-St Paul,https://www.nlr.gov/docs/fy23osti/86767.pdf,https://www.nlr.gov/docs/fy25osti/91922.pdf
MINNESOTA,Sibley,County,27,143,27143.0,G2701430,43,Rural Midwest Climate Zone 6A,https://www.nlr.gov/docs/fy23osti/86788.pdf,https://www.nlr.gov/docs/fy25osti/91943.pdf
MINNESOTA,St. Louis,County,27,137,27137.0,G2701370,77,the Duluth-Grand Forks-Fargo Area,https://www.nlr.gov/docs/fy23osti/86820.pdf,https://www.nlr.gov/docs/fy25osti/91974.pdf
MINNESOTA,Stearns,County,27,145,27145.0,G2701450,21,Greater Minneapolis-St Paul,https://www.nlr.gov/docs/fy23osti/86767.pdf,https://www.nlr.gov/docs/fy25osti/91922.pdf
MINNESOTA,Steele,County,27,147,27147.0,G2701470,43,Rural Midwest Climate Zone 6A,https://www.nlr.gov/docs/fy23osti/86788.pdf,https://www.nlr.gov/docs/fy25osti/91943.pdf
MINNESOTA,Stevens,County,27,149,27149.0,G2701490,43,Rural Midwest Climate Zone 6A,https://www.nlr.gov/docs/fy23osti/86788.pdf,https://www.nlr.gov/docs/fy25osti/91943.pdf
MINNESOTA,Swift,County,27,151,27151.0,G2701510,43,Rural Midwest Climate Zone 6A,https://www.nlr.gov/docs/fy23osti/86788.pdf,https://www.nlr.gov/docs/fy25osti/91943.pdf
MINNESOTA,Todd,County,27,153,27153.0,G2701530,43,Rural Midwest Climate Zone 6A,https://www.nlr.gov/docs/fy23osti/86788.pdf,https://www.nlr.gov/docs/fy25osti/91943.pdf
MINNESOTA,Traverse,County,27,155,27155.0,G2701550,43,Rural Midwest Climate Zone 6A,https://www.nlr.gov/docs/fy23osti/86788.pdf,https://www.nlr.gov/docs/fy25osti/91943.pdf
MINNESOTA,Wabasha,County,27,157,27157.0,G2701570,7,"Eau Claire, La Crosse, Rochester, and Wausau",https://www.nlr.gov/docs/fy23osti/86759.pdf,https://www.nlr.gov/docs/fy25osti/91914.pdf
MINNESOTA,Wadena,County,27,159,27159.0,G2701590,72,Rural Midwest North,https://www.nlr.gov/docs/fy23osti/86814.pdf,https://www.nlr.gov/docs/fy25osti/91969.pdf
MINNESOTA,Waseca,County,27,161,27161.0,G2701610,43,Rural Midwest Climate Zone 6A,https://www.nlr.gov/docs/fy23osti/86788.pdf,https://www.nlr.gov/docs/fy25osti/91943.pdf
MINNESOTA,Washington,County,27,163,27163.0,G2701630,21,Greater Minneapolis-St Paul,https://www.nlr.gov/docs/fy23osti/86767.pdf,https://www.nlr.gov/docs/fy25osti/91922.pdf
MINNESOTA,Watonwan,County,27,165,27165.0,G2701650,43,Rural Midwest Climate Zone 6A,https://www.nlr.gov/docs/fy23osti/86788.pdf,https://www.nlr.gov/docs/fy25osti/91943.pdf
MINNESOTA,Wilkin,County,27,167,27167.0,G2701670,72,Rural Midwest North,https://www.nlr.gov/docs/fy23osti/86814.pdf,https://www.nlr.gov/docs/fy25osti/91969.pdf
MINNESOTA,Winona,County,27,169,27169.0,G2701690,43,Rural Midwest Climate Zone 6A,https://www.nlr.gov/docs/fy23osti/86788.pdf,https://www.nlr.gov/docs/fy25osti/91943.pdf
MINNESOTA,Wright,County,27,171,27171.0,G2701710,21,Greater Minneapolis-St Paul,https://www.nlr.gov/docs/fy23osti/86767.pdf,https://www.nlr.gov/docs/fy25osti/91922.pdf
MINNESOTA,Yellow Medicine,County,27,173,27173.0,G2701730,43,Rural Midwest Climate Zone 6A,https://www.nlr.gov/docs/fy23osti/86788.pdf,https://www.nlr.gov/docs/fy25osti/91943.pdf
MISSISSIPPI,Adams,County,28,1,28001.0,G2800010,85,Rural Climate Zone 3A,https://www.nlr.gov/docs/fy23osti/86828.pdf,https://www.nlr.gov/docs/fy25osti/91982.pdf
MISSISSIPPI,Alcorn,County,28,3,28003.0,G2800030,85,Rural Climate Zone 3A,https://www.nlr.gov/docs/fy23osti/86828.pdf,https://www.nlr.gov/docs/fy25osti/91982.pdf
MISSISSIPPI,Amite,County,28,5,28005.0,G2800050,85,Rural Climate Zone 3A,https://www.nlr.gov/docs/fy23osti/86828.pdf,https://www.nlr.gov/docs/fy25osti/91982.pdf
MISSISSIPPI,Attala,County,28,7,28007.0,G2800070,85,Rural Climate Zone 3A,https://www.nlr.gov/docs/fy23osti/86828.pdf,https://www.nlr.gov/docs/fy25osti/91982.pdf
MISSISSIPPI,Benton,County,28,9,28009.0,G2800090,85,Rural Climate Zone 3A,https://www.nlr.gov/docs/fy23osti/86828.pdf,https://www.nlr.gov/docs/fy25osti/91982.pdf
MISSISSIPPI,Bolivar,County,28,11,28011.0,G2800110,85,Rural Climate Zone 3A,https://www.nlr.gov/docs/fy23osti/86828.pdf,https://www.nlr.gov/docs/fy25osti/91982.pdf
MISSISSIPPI,Calhoun,County,28,13,28013.0,G2800130,85,Rural Climate Zone 3A,https://www.nlr.gov/docs/fy23osti/86828.pdf,https://www.nlr.gov/docs/fy25osti/91982.pdf
MISSISSIPPI,Carroll,County,28,15,28015.0,G2800150,85,Rural Climate Zone 3A,https://www.nlr.gov/docs/fy23osti/86828.pdf,https://www.nlr.gov/docs/fy25osti/91982.pdf
MISSISSIPPI,Chickasaw,County,28,17,28017.0,G2800170,85,Rural Climate Zone 3A,https://www.nlr.gov/docs/fy23osti/86828.pdf,https://www.nlr.gov/docs/fy25osti/91982.pdf
MISSISSIPPI,Choctaw,County,28,19,28019.0,G2800190,85,Rural Climate Zone 3A,https://www.nlr.gov/docs/fy23osti/86828.pdf,https://www.nlr.gov/docs/fy25osti/91982.pdf
MISSISSIPPI,Claiborne,County,28,21,28021.0,G2800210,85,Rural Climate Zone 3A,https://www.nlr.gov/docs/fy23osti/86828.pdf,https://www.nlr.gov/docs/fy25osti/91982.pdf
MISSISSIPPI,Clarke,County,28,23,28023.0,G2800230,85,Rural Climate Zone 3A,https://www.nlr.gov/docs/fy23osti/86828.pdf,https://www.nlr.gov/docs/fy25osti/91982.pdf
MISSISSIPPI,Clay,County,28,25,28025.0,G2800250,85,Rural Climate Zone 3A,https://www.nlr.gov/docs/fy23osti/86828.pdf,https://www.nlr.gov/docs/fy25osti/91982.pdf
MISSISSIPPI,Coahoma,County,28,27,28027.0,G2800270,85,Rural Climate Zone 3A,https://www.nlr.gov/docs/fy23osti/86828.pdf,https://www.nlr.gov/docs/fy25osti/91982.pdf
MISSISSIPPI,Copiah,County,28,29,28029.0,G2800290,20,the Jackson-Hattiesburg Area,https://www.nlr.gov/docs/fy23osti/86766.pdf,https://www.nlr.gov/docs/fy25osti/91921.pdf
MISSISSIPPI,Covington,County,28,31,28031.0,G2800310,20,the Jackson-Hattiesburg Area,https://www.nlr.gov/docs/fy23osti/86766.pdf,https://www.nlr.gov/docs/fy25osti/91921.pdf
MISSISSIPPI,DeSoto,County,28,33,28033.0,G2800330,64,the Greater Memphis Area,https://www.nlr.gov/docs/fy23osti/86807.pdf,https://www.nlr.gov/docs/fy25osti/91962.pdf
MISSISSIPPI,Forrest,County,28,35,28035.0,G2800350,20,the Jackson-Hattiesburg Area,https://www.nlr.gov/docs/fy23osti/86766.pdf,https://www.nlr.gov/docs/fy25osti/91921.pdf
MISSISSIPPI,Franklin,County,28,37,28037.0,G2800370,85,Rural Climate Zone 3A,https://www.nlr.gov/docs/fy23osti/86828.pdf,https://www.nlr.gov/docs/fy25osti/91982.pdf
MISSISSIPPI,George,County,28,39,28039.0,G2800390,85,Rural Climate Zone 3A,https://www.nlr.gov/docs/fy23osti/86828.pdf,https://www.nlr.gov/docs/fy25osti/91982.pdf
MISSISSIPPI,Greene,County,28,41,28041.0,G2800410,85,Rural Climate Zone 3A,https://www.nlr.gov/docs/fy23osti/86828.pdf,https://www.nlr.gov/docs/fy25osti/91982.pdf
MISSISSIPPI,Grenada,County,28,43,28043.0,G2800430,85,Rural Climate Zone 3A,https://www.nlr.gov/docs/fy23osti/86828.pdf,https://www.nlr.gov/docs/fy25osti/91982.pdf
MISSISSIPPI,Hancock,County,28,45,28045.0,G2800450,74,the Central Gulf Coast Area,https://www.nlr.gov/docs/fy23osti/86817.pdf,https://www.nlr.gov/docs/fy25osti/91971.pdf
MISSISSIPPI,Harrison,County,28,47,28047.0,G2800470,74,the Central Gulf Coast Area,https://www.nlr.gov/docs/fy23osti/86817.pdf,https://www.nlr.gov/docs/fy25osti/91971.pdf
MISSISSIPPI,Hinds,County,28,49,28049.0,G2800490,20,the Jackson-Hattiesburg Area,https://www.nlr.gov/docs/fy23osti/86766.pdf,https://www.nlr.gov/docs/fy25osti/91921.pdf
MISSISSIPPI,Holmes,County,28,51,28051.0,G2800510,20,the Jackson-Hattiesburg Area,https://www.nlr.gov/docs/fy23osti/86766.pdf,https://www.nlr.gov/docs/fy25osti/91921.pdf
MISSISSIPPI,Humphreys,County,28,53,28053.0,G2800530,85,Rural Climate Zone 3A,https://www.nlr.gov/docs/fy23osti/86828.pdf,https://www.nlr.gov/docs/fy25osti/91982.pdf
MISSISSIPPI,Issaquena,County,28,55,28055.0,G2800550,85,Rural Climate Zone 3A,https://www.nlr.gov/docs/fy23osti/86828.pdf,https://www.nlr.gov/docs/fy25osti/91982.pdf
MISSISSIPPI,Itawamba,County,28,57,28057.0,G2800570,85,Rural Climate Zone 3A,https://www.nlr.gov/docs/fy23osti/86828.pdf,https://www.nlr.gov/docs/fy25osti/91982.pdf
MISSISSIPPI,Jackson,County,28,59,28059.0,G2800590,74,the Central Gulf Coast Area,https://www.nlr.gov/docs/fy23osti/86817.pdf,https://www.nlr.gov/docs/fy25osti/91971.pdf
MISSISSIPPI,Jasper,County,28,61,28061.0,G2800610,85,Rural Climate Zone 3A,https://www.nlr.gov/docs/fy23osti/86828.pdf,https://www.nlr.gov/docs/fy25osti/91982.pdf
MISSISSIPPI,Jefferson,County,28,63,28063.0,G2800630,85,Rural Climate Zone 3A,https://www.nlr.gov/docs/fy23osti/86828.pdf,https://www.nlr.gov/docs/fy25osti/91982.pdf
MISSISSIPPI,Jefferson Davis,County,28,65,28065.0,G2800650,85,Rural Climate Zone 3A,https://www.nlr.gov/docs/fy23osti/86828.pdf,https://www.nlr.gov/docs/fy25osti/91982.pdf
MISSISSIPPI,Jones,County,28,67,28067.0,G2800670,85,Rural Climate Zone 3A,https://www.nlr.gov/docs/fy23osti/86828.pdf,https://www.nlr.gov/docs/fy25osti/91982.pdf
MISSISSIPPI,Kemper,County,28,69,28069.0,G2800690,85,Rural Climate Zone 3A,https://www.nlr.gov/docs/fy23osti/86828.pdf,https://www.nlr.gov/docs/fy25osti/91982.pdf
MISSISSIPPI,Lafayette,County,28,71,28071.0,G2800710,85,Rural Climate Zone 3A,https://www.nlr.gov/docs/fy23osti/86828.pdf,https://www.nlr.gov/docs/fy25osti/91982.pdf
MISSISSIPPI,Lamar,County,28,73,28073.0,G2800730,20,the Jackson-Hattiesburg Area,https://www.nlr.gov/docs/fy23osti/86766.pdf,https://www.nlr.gov/docs/fy25osti/91921.pdf
MISSISSIPPI,Lauderdale,County,28,75,28075.0,G2800750,85,Rural Climate Zone 3A,https://www.nlr.gov/docs/fy23osti/86828.pdf,https://www.nlr.gov/docs/fy25osti/91982.pdf
MISSISSIPPI,Lawrence,County,28,77,28077.0,G2800770,85,Rural Climate Zone 3A,https://www.nlr.gov/docs/fy23osti/86828.pdf,https://www.nlr.gov/docs/fy25osti/91982.pdf
MISSISSIPPI,Leake,County,28,79,28079.0,G2800790,85,Rural Climate Zone 3A,https://www.nlr.gov/docs/fy23osti/86828.pdf,https://www.nlr.gov/docs/fy25osti/91982.pdf
MISSISSIPPI,Lee,County,28,81,28081.0,G2800810,85,Rural Climate Zone 3A,https://www.nlr.gov/docs/fy23osti/86828.pdf,https://www.nlr.gov/docs/fy25osti/91982.pdf
MISSISSIPPI,Leflore,County,28,83,28083.0,G2800830,85,Rural Climate Zone 3A,https://www.nlr.gov/docs/fy23osti/86828.pdf,https://www.nlr.gov/docs/fy25osti/91982.pdf
MISSISSIPPI,Lincoln,County,28,85,28085.0,G2800850,85,Rural Climate Zone 3A,https://www.nlr.gov/docs/fy23osti/86828.pdf,https://www.nlr.gov/docs/fy25osti/91982.pdf
MISSISSIPPI,Lowndes,County,28,87,28087.0,G2800870,85,Rural Climate Zone 3A,https://www.nlr.gov/docs/fy23osti/86828.pdf,https://www.nlr.gov/docs/fy25osti/91982.pdf
MISSISSIPPI,Madison,County,28,89,28089.0,G2800890,20,the Jackson-Hattiesburg Area,https://www.nlr.gov/docs/fy23osti/86766.pdf,https://www.nlr.gov/docs/fy25osti/91921.pdf
MISSISSIPPI,Marion,County,28,91,28091.0,G2800910,85,Rural Climate Zone 3A,https://www.nlr.gov/docs/fy23osti/86828.pdf,https://www.nlr.gov/docs/fy25osti/91982.pdf
MISSISSIPPI,Marshall,County,28,93,28093.0,G2800930,64,the Greater Memphis Area,https://www.nlr.gov/docs/fy23osti/86807.pdf,https://www.nlr.gov/docs/fy25osti/91962.pdf
MISSISSIPPI,Monroe,County,28,95,28095.0,G2800950,85,Rural Climate Zone 3A,https://www.nlr.gov/docs/fy23osti/86828.pdf,https://www.nlr.gov/docs/fy25osti/91982.pdf
MISSISSIPPI,Montgomery,County,28,97,28097.0,G2800970,85,Rural Climate Zone 3A,https://www.nlr.gov/docs/fy23osti/86828.pdf,https://www.nlr.gov/docs/fy25osti/91982.pdf
MISSISSIPPI,Neshoba,County,28,99,28099.0,G2800990,85,Rural Climate Zone 3A,https://www.nlr.gov/docs/fy23osti/86828.pdf,https://www.nlr.gov/docs/fy25osti/91982.pdf
MISSISSIPPI,Newton,County,28,101,28101.0,G2801010,85,Rural Climate Zone 3A,https://www.nlr.gov/docs/fy23osti/86828.pdf,https://www.nlr.gov/docs/fy25osti/91982.pdf
MISSISSIPPI,Noxubee,County,28,103,28103.0,G2801030,85,Rural Climate Zone 3A,https://www.nlr.gov/docs/fy23osti/86828.pdf,https://www.nlr.gov/docs/fy25osti/91982.pdf
MISSISSIPPI,Oktibbeha,County,28,105,28105.0,G2801050,85,Rural Climate Zone 3A,https://www.nlr.gov/docs/fy23osti/86828.pdf,https://www.nlr.gov/docs/fy25osti/91982.pdf
MISSISSIPPI,Panola,County,28,107,28107.0,G2801070,85,Rural Climate Zone 3A,https://www.nlr.gov/docs/fy23osti/86828.pdf,https://www.nlr.gov/docs/fy25osti/91982.pdf
MISSISSIPPI,Pearl River,County,28,109,28109.0,G2801090,85,Rural Climate Zone 3A,https://www.nlr.gov/docs/fy23osti/86828.pdf,https://www.nlr.gov/docs/fy25osti/91982.pdf
MISSISSIPPI,Perry,County,28,111,28111.0,G2801110,20,the Jackson-Hattiesburg Area,https://www.nlr.gov/docs/fy23osti/86766.pdf,https://www.nlr.gov/docs/fy25osti/91921.pdf
MISSISSIPPI,Pike,County,28,113,28113.0,G2801130,85,Rural Climate Zone 3A,https://www.nlr.gov/docs/fy23osti/86828.pdf,https://www.nlr.gov/docs/fy25osti/91982.pdf
MISSISSIPPI,Pontotoc,County,28,115,28115.0,G2801150,85,Rural Climate Zone 3A,https://www.nlr.gov/docs/fy23osti/86828.pdf,https://www.nlr.gov/docs/fy25osti/91982.pdf
MISSISSIPPI,Prentiss,County,28,117,28117.0,G2801170,85,Rural Climate Zone 3A,https://www.nlr.gov/docs/fy23osti/86828.pdf,https://www.nlr.gov/docs/fy25osti/91982.pdf
MISSISSIPPI,Quitman,County,28,119,28119.0,G2801190,85,Rural Climate Zone 3A,https://www.nlr.gov/docs/fy23osti/86828.pdf,https://www.nlr.gov/docs/fy25osti/91982.pdf
MISSISSIPPI,Rankin,County,28,121,28121.0,G2801210,20,the Jackson-Hattiesburg Area,https://www.nlr.gov/docs/fy23osti/86766.pdf,https://www.nlr.gov/docs/fy25osti/91921.pdf
MISSISSIPPI,Scott,County,28,123,28123.0,G2801230,85,Rural Climate Zone 3A,https://www.nlr.gov/docs/fy23osti/86828.pdf,https://www.nlr.gov/docs/fy25osti/91982.pdf
MISSISSIPPI,Sharkey,County,28,125,28125.0,G2801250,85,Rural Climate Zone 3A,https://www.nlr.gov/docs/fy23osti/86828.pdf,https://www.nlr.gov/docs/fy25osti/91982.pdf
MISSISSIPPI,Simpson,County,28,127,28127.0,G2801270,20,the Jackson-Hattiesburg Area,https://www.nlr.gov/docs/fy23osti/86766.pdf,https://www.nlr.gov/docs/fy25osti/91921.pdf
MISSISSIPPI,Smith,County,28,129,28129.0,G2801290,85,Rural Climate Zone 3A,https://www.nlr.gov/docs/fy23osti/86828.pdf,https://www.nlr.gov/docs/fy25osti/91982.pdf
MISSISSIPPI,Stone,County,28,131,28131.0,G2801310,74,the Central Gulf Coast Area,https://www.nlr.gov/docs/fy23osti/86817.pdf,https://www.nlr.gov/docs/fy25osti/91971.pdf
MISSISSIPPI,Sunflower,County,28,133,28133.0,G2801330,85,Rural Climate Zone 3A,https://www.nlr.gov/docs/fy23osti/86828.pdf,https://www.nlr.gov/docs/fy25osti/91982.pdf
MISSISSIPPI,Tallahatchie,County,28,135,28135.0,G2801350,85,Rural Climate Zone 3A,https://www.nlr.gov/docs/fy23osti/86828.pdf,https://www.nlr.gov/docs/fy25osti/91982.pdf
MISSISSIPPI,Tate,County,28,137,28137.0,G2801370,64,the Greater Memphis Area,https://www.nlr.gov/docs/fy23osti/86807.pdf,https://www.nlr.gov/docs/fy25osti/91962.pdf
MISSISSIPPI,Tippah,County,28,139,28139.0,G2801390,85,Rural Climate Zone 3A,https://www.nlr.gov/docs/fy23osti/86828.pdf,https://www.nlr.gov/docs/fy25osti/91982.pdf
MISSISSIPPI,Tishomingo,County,28,141,28141.0,G2801410,85,Rural Climate Zone 3A,https://www.nlr.gov/docs/fy23osti/86828.pdf,https://www.nlr.gov/docs/fy25osti/91982.pdf
MISSISSIPPI,Tunica,County,28,143,28143.0,G2801430,64,the Greater Memphis Area,https://www.nlr.gov/docs/fy23osti/86807.pdf,https://www.nlr.gov/docs/fy25osti/91962.pdf
MISSISSIPPI,Union,County,28,145,28145.0,G2801450,85,Rural Climate Zone 3A,https://www.nlr.gov/docs/fy23osti/86828.pdf,https://www.nlr.gov/docs/fy25osti/91982.pdf
MISSISSIPPI,Walthall,County,28,147,28147.0,G2801470,85,Rural Climate Zone 3A,https://www.nlr.gov/docs/fy23osti/86828.pdf,https://www.nlr.gov/docs/fy25osti/91982.pdf
MISSISSIPPI,Warren,County,28,149,28149.0,G2801490,85,Rural Climate Zone 3A,https://www.nlr.gov/docs/fy23osti/86828.pdf,https://www.nlr.gov/docs/fy25osti/91982.pdf
MISSISSIPPI,Washington,County,28,151,28151.0,G2801510,85,Rural Climate Zone 3A,https://www.nlr.gov/docs/fy23osti/86828.pdf,https://www.nlr.gov/docs/fy25osti/91982.pdf
MISSISSIPPI,Wayne,County,28,153,28153.0,G2801530,85,Rural Climate Zone 3A,https://www.nlr.gov/docs/fy23osti/86828.pdf,https://www.nlr.gov/docs/fy25osti/91982.pdf
MISSISSIPPI,Webster,County,28,155,28155.0,G2801550,85,Rural Climate Zone 3A,https://www.nlr.gov/docs/fy23osti/86828.pdf,https://www.nlr.gov/docs/fy25osti/91982.pdf
MISSISSIPPI,Wilkinson,County,28,157,28157.0,G2801570,85,Rural Climate Zone 3A,https://www.nlr.gov/docs/fy23osti/86828.pdf,https://www.nlr.gov/docs/fy25osti/91982.pdf
MISSISSIPPI,Winston,County,28,159,28159.0,G2801590,85,Rural Climate Zone 3A,https://www.nlr.gov/docs/fy23osti/86828.pdf,https://www.nlr.gov/docs/fy25osti/91982.pdf
MISSISSIPPI,Yalobusha,County,28,161,28161.0,G2801610,85,Rural Climate Zone 3A,https://www.nlr.gov/docs/fy23osti/86828.pdf,https://www.nlr.gov/docs/fy25osti/91982.pdf
MISSISSIPPI,Yazoo,County,28,163,28163.0,G2801630,20,the Jackson-Hattiesburg Area,https://www.nlr.gov/docs/fy23osti/86766.pdf,https://www.nlr.gov/docs/fy25osti/91921.pdf
MISSOURI,Adair,County,29,1,29001.0,G2900010,17,Rural Lower Midwest and High Plains,https://www.nlr.gov/docs/fy23osti/86763.pdf,https://www.nlr.gov/docs/fy25osti/91918.pdf
MISSOURI,Andrew,County,29,3,29003.0,G2900030,30,Greater Kansas City,https://www.nlr.gov/docs/fy23osti/86776.pdf,https://www.nlr.gov/docs/fy25osti/91931.pdf
MISSOURI,Atchison,County,29,5,29005.0,G2900050,17,Rural Lower Midwest and High Plains,https://www.nlr.gov/docs/fy23osti/86763.pdf,https://www.nlr.gov/docs/fy25osti/91918.pdf
MISSOURI,Audrain,County,29,7,29007.0,G2900070,33,Rural Lower Plains-Upper South Appalachia,https://www.nlr.gov/docs/fy23osti/86779.pdf,https://www.nlr.gov/docs/fy25osti/91934.pdf
MISSOURI,Barry,County,29,9,29009.0,G2900090,33,Rural Lower Plains-Upper South Appalachia,https://www.nlr.gov/docs/fy23osti/86779.pdf,https://www.nlr.gov/docs/fy25osti/91934.pdf
MISSOURI,Barton,County,29,11,29011.0,G2900110,33,Rural Lower Plains-Upper South Appalachia,https://www.nlr.gov/docs/fy23osti/86779.pdf,https://www.nlr.gov/docs/fy25osti/91934.pdf
MISSOURI,Bates,County,29,13,29013.0,G2900130,30,Greater Kansas City,https://www.nlr.gov/docs/fy23osti/86776.pdf,https://www.nlr.gov/docs/fy25osti/91931.pdf
MISSOURI,Benton,County,29,15,29015.0,G2900150,33,Rural Lower Plains-Upper South Appalachia,https://www.nlr.gov/docs/fy23osti/86779.pdf,https://www.nlr.gov/docs/fy25osti/91934.pdf
MISSOURI,Bollinger,County,29,17,29017.0,G2900170,3,the Evansville and the Shawnee National Forest Area,https://www.nlr.gov/docs/fy23osti/86756.pdf,https://www.nlr.gov/docs/fy25osti/91911.pdf
MISSOURI,Boone,County,29,19,29019.0,G2900190,60,the Greater Columbia-Fayetteville-Jefferson City-Joplin-Springfield-Wichita Areas,https://www.nlr.gov/docs/fy23osti/86804.pdf,https://www.nlr.gov/docs/fy25osti/91959.pdf
MISSOURI,Buchanan,County,29,21,29021.0,G2900210,30,Greater Kansas City,https://www.nlr.gov/docs/fy23osti/86776.pdf,https://www.nlr.gov/docs/fy25osti/91931.pdf
MISSOURI,Butler,County,29,23,29023.0,G2900230,33,Rural Lower Plains-Upper South Appalachia,https://www.nlr.gov/docs/fy23osti/86779.pdf,https://www.nlr.gov/docs/fy25osti/91934.pdf
MISSOURI,Caldwell,County,29,25,29025.0,G2900250,30,Greater Kansas City,https://www.nlr.gov/docs/fy23osti/86776.pdf,https://www.nlr.gov/docs/fy25osti/91931.pdf
MISSOURI,Callaway,County,29,27,29027.0,G2900270,60,the Greater Columbia-Fayetteville-Jefferson City-Joplin-Springfield-Wichita Areas,https://www.nlr.gov/docs/fy23osti/86804.pdf,https://www.nlr.gov/docs/fy25osti/91959.pdf
MISSOURI,Camden,County,29,29,29029.0,G2900290,33,Rural Lower Plains-Upper South Appalachia,https://www.nlr.gov/docs/fy23osti/86779.pdf,https://www.nlr.gov/docs/fy25osti/91934.pdf
MISSOURI,Cape Girardeau,County,29,31,29031.0,G2900310,3,the Evansville and the Shawnee National Forest Area,https://www.nlr.gov/docs/fy23osti/86756.pdf,https://www.nlr.gov/docs/fy25osti/91911.pdf
MISSOURI,Carroll,County,29,33,29033.0,G2900330,33,Rural Lower Plains-Upper South Appalachia,https://www.nlr.gov/docs/fy23osti/86779.pdf,https://www.nlr.gov/docs/fy25osti/91934.pdf
MISSOURI,Carter,County,29,35,29035.0,G2900350,33,Rural Lower Plains-Upper South Appalachia,https://www.nlr.gov/docs/fy23osti/86779.pdf,https://www.nlr.gov/docs/fy25osti/91934.pdf
MISSOURI,Cass,County,29,37,29037.0,G2900370,30,Greater Kansas City,https://www.nlr.gov/docs/fy23osti/86776.pdf,https://www.nlr.gov/docs/fy25osti/91931.pdf
MISSOURI,Cedar,County,29,39,29039.0,G2900390,33,Rural Lower Plains-Upper South Appalachia,https://www.nlr.gov/docs/fy23osti/86779.pdf,https://www.nlr.gov/docs/fy25osti/91934.pdf
MISSOURI,Chariton,County,29,41,29041.0,G2900410,17,Rural Lower Midwest and High Plains,https://www.nlr.gov/docs/fy23osti/86763.pdf,https://www.nlr.gov/docs/fy25osti/91918.pdf
MISSOURI,Christian,County,29,43,29043.0,G2900430,60,the Greater Columbia-Fayetteville-Jefferson City-Joplin-Springfield-Wichita Areas,https://www.nlr.gov/docs/fy23osti/86804.pdf,https://www.nlr.gov/docs/fy25osti/91959.pdf
MISSOURI,Clark,County,29,45,29045.0,G2900450,17,Rural Lower Midwest and High Plains,https://www.nlr.gov/docs/fy23osti/86763.pdf,https://www.nlr.gov/docs/fy25osti/91918.pdf
MISSOURI,Clay,County,29,47,29047.0,G2900470,30,Greater Kansas City,https://www.nlr.gov/docs/fy23osti/86776.pdf,https://www.nlr.gov/docs/fy25osti/91931.pdf
MISSOURI,Clinton,County,29,49,29049.0,G2900490,30,Greater Kansas City,https://www.nlr.gov/docs/fy23osti/86776.pdf,https://www.nlr.gov/docs/fy25osti/91931.pdf
MISSOURI,Cole,County,29,51,29051.0,G2900510,60,the Greater Columbia-Fayetteville-Jefferson City-Joplin-Springfield-Wichita Areas,https://www.nlr.gov/docs/fy23osti/86804.pdf,https://www.nlr.gov/docs/fy25osti/91959.pdf
MISSOURI,Cooper,County,29,53,29053.0,G2900530,60,the Greater Columbia-Fayetteville-Jefferson City-Joplin-Springfield-Wichita Areas,https://www.nlr.gov/docs/fy23osti/86804.pdf,https://www.nlr.gov/docs/fy25osti/91959.pdf
MISSOURI,Crawford,County,29,55,29055.0,G2900550,33,Rural Lower Plains-Upper South Appalachia,https://www.nlr.gov/docs/fy23osti/86779.pdf,https://www.nlr.gov/docs/fy25osti/91934.pdf
MISSOURI,Dade,County,29,57,29057.0,G2900570,33,Rural Lower Plains-Upper South Appalachia,https://www.nlr.gov/docs/fy23osti/86779.pdf,https://www.nlr.gov/docs/fy25osti/91934.pdf
MISSOURI,Dallas,County,29,59,29059.0,G2900590,60,the Greater Columbia-Fayetteville-Jefferson City-Joplin-Springfield-Wichita Areas,https://www.nlr.gov/docs/fy23osti/86804.pdf,https://www.nlr.gov/docs/fy25osti/91959.pdf
MISSOURI,Daviess,County,29,61,29061.0,G2900610,17,Rural Lower Midwest and High Plains,https://www.nlr.gov/docs/fy23osti/86763.pdf,https://www.nlr.gov/docs/fy25osti/91918.pdf
MISSOURI,DeKalb,County,29,63,29063.0,G2900630,30,Greater Kansas City,https://www.nlr.gov/docs/fy23osti/86776.pdf,https://www.nlr.gov/docs/fy25osti/91931.pdf
MISSOURI,Dent,County,29,65,29065.0,G2900650,33,Rural Lower Plains-Upper South Appalachia,https://www.nlr.gov/docs/fy23osti/86779.pdf,https://www.nlr.gov/docs/fy25osti/91934.pdf
MISSOURI,Douglas,County,29,67,29067.0,G2900670,33,Rural Lower Plains-Upper South Appalachia,https://www.nlr.gov/docs/fy23osti/86779.pdf,https://www.nlr.gov/docs/fy25osti/91934.pdf
MISSOURI,Dunklin,County,29,69,29069.0,G2900690,33,Rural Lower Plains-Upper South Appalachia,https://www.nlr.gov/docs/fy23osti/86779.pdf,https://www.nlr.gov/docs/fy25osti/91934.pdf
MISSOURI,Franklin,County,29,71,29071.0,G2900710,47,Indianapolis-St. Louis-Springfield-Peoria,https://www.nlr.gov/docs/fy23osti/86791.pdf,https://www.nlr.gov/docs/fy25osti/91946.pdf
MISSOURI,Gasconade,County,29,73,29073.0,G2900730,33,Rural Lower Plains-Upper South Appalachia,https://www.nlr.gov/docs/fy23osti/86779.pdf,https://www.nlr.gov/docs/fy25osti/91934.pdf
MISSOURI,Gentry,County,29,75,29075.0,G2900750,17,Rural Lower Midwest and High Plains,https://www.nlr.gov/docs/fy23osti/86763.pdf,https://www.nlr.gov/docs/fy25osti/91918.pdf
MISSOURI,Greene,County,29,77,29077.0,G2900770,60,the Greater Columbia-Fayetteville-Jefferson City-Joplin-Springfield-Wichita Areas,https://www.nlr.gov/docs/fy23osti/86804.pdf,https://www.nlr.gov/docs/fy25osti/91959.pdf
MISSOURI,Grundy,County,29,79,29079.0,G2900790,17,Rural Lower Midwest and High Plains,https://www.nlr.gov/docs/fy23osti/86763.pdf,https://www.nlr.gov/docs/fy25osti/91918.pdf
MISSOURI,Harrison,County,29,81,29081.0,G2900810,17,Rural Lower Midwest and High Plains,https://www.nlr.gov/docs/fy23osti/86763.pdf,https://www.nlr.gov/docs/fy25osti/91918.pdf
MISSOURI,Henry,County,29,83,29083.0,G2900830,33,Rural Lower Plains-Upper South Appalachia,https://www.nlr.gov/docs/fy23osti/86779.pdf,https://www.nlr.gov/docs/fy25osti/91934.pdf
MISSOURI,Hickory,County,29,85,29085.0,G2900850,33,Rural Lower Plains-Upper South Appalachia,https://www.nlr.gov/docs/fy23osti/86779.pdf,https://www.nlr.gov/docs/fy25osti/91934.pdf
MISSOURI,Holt,County,29,87,29087.0,G2900870,17,Rural Lower Midwest and High Plains,https://www.nlr.gov/docs/fy23osti/86763.pdf,https://www.nlr.gov/docs/fy25osti/91918.pdf
MISSOURI,Howard,County,29,89,29089.0,G2900890,60,the Greater Columbia-Fayetteville-Jefferson City-Joplin-Springfield-Wichita Areas,https://www.nlr.gov/docs/fy23osti/86804.pdf,https://www.nlr.gov/docs/fy25osti/91959.pdf
MISSOURI,Howell,County,29,91,29091.0,G2900910,33,Rural Lower Plains-Upper South Appalachia,https://www.nlr.gov/docs/fy23osti/86779.pdf,https://www.nlr.gov/docs/fy25osti/91934.pdf
MISSOURI,Iron,County,29,93,29093.0,G2900930,33,Rural Lower Plains-Upper South Appalachia,https://www.nlr.gov/docs/fy23osti/86779.pdf,https://www.nlr.gov/docs/fy25osti/91934.pdf
MISSOURI,Jackson,County,29,95,29095.0,G2900950,30,Greater Kansas City,https://www.nlr.gov/docs/fy23osti/86776.pdf,https://www.nlr.gov/docs/fy25osti/91931.pdf
MISSOURI,Jasper,County,29,97,29097.0,G2900970,60,the Greater Columbia-Fayetteville-Jefferson City-Joplin-Springfield-Wichita Areas,https://www.nlr.gov/docs/fy23osti/86804.pdf,https://www.nlr.gov/docs/fy25osti/91959.pdf
MISSOURI,Jefferson,County,29,99,29099.0,G2900990,47,Indianapolis-St. Louis-Springfield-Peoria,https://www.nlr.gov/docs/fy23osti/86791.pdf,https://www.nlr.gov/docs/fy25osti/91946.pdf
MISSOURI,Johnson,County,29,101,29101.0,G2901010,33,Rural Lower Plains-Upper South Appalachia,https://www.nlr.gov/docs/fy23osti/86779.pdf,https://www.nlr.gov/docs/fy25osti/91934.pdf
MISSOURI,Knox,County,29,103,29103.0,G2901030,17,Rural Lower Midwest and High Plains,https://www.nlr.gov/docs/fy23osti/86763.pdf,https://www.nlr.gov/docs/fy25osti/91918.pdf
MISSOURI,Laclede,County,29,105,29105.0,G2901050,33,Rural Lower Plains-Upper South Appalachia,https://www.nlr.gov/docs/fy23osti/86779.pdf,https://www.nlr.gov/docs/fy25osti/91934.pdf
MISSOURI,Lafayette,County,29,107,29107.0,G2901070,30,Greater Kansas City,https://www.nlr.gov/docs/fy23osti/86776.pdf,https://www.nlr.gov/docs/fy25osti/91931.pdf
MISSOURI,Lawrence,County,29,109,29109.0,G2901090,33,Rural Lower Plains-Upper South Appalachia,https://www.nlr.gov/docs/fy23osti/86779.pdf,https://www.nlr.gov/docs/fy25osti/91934.pdf
MISSOURI,Lewis,County,29,111,29111.0,G2901110,17,Rural Lower Midwest and High Plains,https://www.nlr.gov/docs/fy23osti/86763.pdf,https://www.nlr.gov/docs/fy25osti/91918.pdf
MISSOURI,Lincoln,County,29,113,29113.0,G2901130,47,Indianapolis-St. Louis-Springfield-Peoria,https://www.nlr.gov/docs/fy23osti/86791.pdf,https://www.nlr.gov/docs/fy25osti/91946.pdf
MISSOURI,Linn,County,29,115,29115.0,G2901150,17,Rural Lower Midwest and High Plains,https://www.nlr.gov/docs/fy23osti/86763.pdf,https://www.nlr.gov/docs/fy25osti/91918.pdf
MISSOURI,Livingston,County,29,117,29117.0,G2901170,17,Rural Lower Midwest and High Plains,https://www.nlr.gov/docs/fy23osti/86763.pdf,https://www.nlr.gov/docs/fy25osti/91918.pdf
MISSOURI,Macon,County,29,121,29121.0,G2901210,17,Rural Lower Midwest and High Plains,https://www.nlr.gov/docs/fy23osti/86763.pdf,https://www.nlr.gov/docs/fy25osti/91918.pdf
MISSOURI,Madison,County,29,123,29123.0,G2901230,33,Rural Lower Plains-Upper South Appalachia,https://www.nlr.gov/docs/fy23osti/86779.pdf,https://www.nlr.gov/docs/fy25osti/91934.pdf
MISSOURI,Maries,County,29,125,29125.0,G2901250,33,Rural Lower Plains-Upper South Appalachia,https://www.nlr.gov/docs/fy23osti/86779.pdf,https://www.nlr.gov/docs/fy25osti/91934.pdf
MISSOURI,Marion,County,29,127,29127.0,G2901270,17,Rural Lower Midwest and High Plains,https://www.nlr.gov/docs/fy23osti/86763.pdf,https://www.nlr.gov/docs/fy25osti/91918.pdf
MISSOURI,McDonald,County,29,119,29119.0,G2901190,33,Rural Lower Plains-Upper South Appalachia,https://www.nlr.gov/docs/fy23osti/86779.pdf,https://www.nlr.gov/docs/fy25osti/91934.pdf
MISSOURI,Mercer,County,29,129,29129.0,G2901290,17,Rural Lower Midwest and High Plains,https://www.nlr.gov/docs/fy23osti/86763.pdf,https://www.nlr.gov/docs/fy25osti/91918.pdf
MISSOURI,Miller,County,29,131,29131.0,G2901310,33,Rural Lower Plains-Upper South Appalachia,https://www.nlr.gov/docs/fy23osti/86779.pdf,https://www.nlr.gov/docs/fy25osti/91934.pdf
MISSOURI,Mississippi,County,29,133,29133.0,G2901330,33,Rural Lower Plains-Upper South Appalachia,https://www.nlr.gov/docs/fy23osti/86779.pdf,https://www.nlr.gov/docs/fy25osti/91934.pdf
MISSOURI,Moniteau,County,29,135,29135.0,G2901350,60,the Greater Columbia-Fayetteville-Jefferson City-Joplin-Springfield-Wichita Areas,https://www.nlr.gov/docs/fy23osti/86804.pdf,https://www.nlr.gov/docs/fy25osti/91959.pdf
MISSOURI,Monroe,County,29,137,29137.0,G2901370,33,Rural Lower Plains-Upper South Appalachia,https://www.nlr.gov/docs/fy23osti/86779.pdf,https://www.nlr.gov/docs/fy25osti/91934.pdf
MISSOURI,Montgomery,County,29,139,29139.0,G2901390,33,Rural Lower Plains-Upper South Appalachia,https://www.nlr.gov/docs/fy23osti/86779.pdf,https://www.nlr.gov/docs/fy25osti/91934.pdf
MISSOURI,Morgan,County,29,141,29141.0,G2901410,33,Rural Lower Plains-Upper South Appalachia,https://www.nlr.gov/docs/fy23osti/86779.pdf,https://www.nlr.gov/docs/fy25osti/91934.pdf
MISSOURI,New Madrid,County,29,143,29143.0,G2901430,33,Rural Lower Plains-Upper South Appalachia,https://www.nlr.gov/docs/fy23osti/86779.pdf,https://www.nlr.gov/docs/fy25osti/91934.pdf
MISSOURI,Newton,County,29,145,29145.0,G2901450,60,the Greater Columbia-Fayetteville-Jefferson City-Joplin-Springfield-Wichita Areas,https://www.nlr.gov/docs/fy23osti/86804.pdf,https://www.nlr.gov/docs/fy25osti/91959.pdf
MISSOURI,Nodaway,County,29,147,29147.0,G2901470,17,Rural Lower Midwest and High Plains,https://www.nlr.gov/docs/fy23osti/86763.pdf,https://www.nlr.gov/docs/fy25osti/91918.pdf
MISSOURI,Oregon,County,29,149,29149.0,G2901490,33,Rural Lower Plains-Upper South Appalachia,https://www.nlr.gov/docs/fy23osti/86779.pdf,https://www.nlr.gov/docs/fy25osti/91934.pdf
MISSOURI,Osage,County,29,151,29151.0,G2901510,60,the Greater Columbia-Fayetteville-Jefferson City-Joplin-Springfield-Wichita Areas,https://www.nlr.gov/docs/fy23osti/86804.pdf,https://www.nlr.gov/docs/fy25osti/91959.pdf
MISSOURI,Ozark,County,29,153,29153.0,G2901530,33,Rural Lower Plains-Upper South Appalachia,https://www.nlr.gov/docs/fy23osti/86779.pdf,https://www.nlr.gov/docs/fy25osti/91934.pdf
MISSOURI,Pemiscot,County,29,155,29155.0,G2901550,33,Rural Lower Plains-Upper South Appalachia,https://www.nlr.gov/docs/fy23osti/86779.pdf,https://www.nlr.gov/docs/fy25osti/91934.pdf
MISSOURI,Perry,County,29,157,29157.0,G2901570,33,Rural Lower Plains-Upper South Appalachia,https://www.nlr.gov/docs/fy23osti/86779.pdf,https://www.nlr.gov/docs/fy25osti/91934.pdf
MISSOURI,Pettis,County,29,159,29159.0,G2901590,33,Rural Lower Plains-Upper South Appalachia,https://www.nlr.gov/docs/fy23osti/86779.pdf,https://www.nlr.gov/docs/fy25osti/91934.pdf
MISSOURI,Phelps,County,29,161,29161.0,G2901610,33,Rural Lower Plains-Upper South Appalachia,https://www.nlr.gov/docs/fy23osti/86779.pdf,https://www.nlr.gov/docs/fy25osti/91934.pdf
MISSOURI,Pike,County,29,163,29163.0,G2901630,17,Rural Lower Midwest and High Plains,https://www.nlr.gov/docs/fy23osti/86763.pdf,https://www.nlr.gov/docs/fy25osti/91918.pdf
MISSOURI,Platte,County,29,165,29165.0,G2901650,30,Greater Kansas City,https://www.nlr.gov/docs/fy23osti/86776.pdf,https://www.nlr.gov/docs/fy25osti/91931.pdf
MISSOURI,Polk,County,29,167,29167.0,G2901670,60,the Greater Columbia-Fayetteville-Jefferson City-Joplin-Springfield-Wichita Areas,https://www.nlr.gov/docs/fy23osti/86804.pdf,https://www.nlr.gov/docs/fy25osti/91959.pdf
MISSOURI,Pulaski,County,29,169,29169.0,G2901690,33,Rural Lower Plains-Upper South Appalachia,https://www.nlr.gov/docs/fy23osti/86779.pdf,https://www.nlr.gov/docs/fy25osti/91934.pdf
MISSOURI,Putnam,County,29,171,29171.0,G2901710,17,Rural Lower Midwest and High Plains,https://www.nlr.gov/docs/fy23osti/86763.pdf,https://www.nlr.gov/docs/fy25osti/91918.pdf
MISSOURI,Ralls,County,29,173,29173.0,G2901730,17,Rural Lower Midwest and High Plains,https://www.nlr.gov/docs/fy23osti/86763.pdf,https://www.nlr.gov/docs/fy25osti/91918.pdf
MISSOURI,Randolph,County,29,175,29175.0,G2901750,33,Rural Lower Plains-Upper South Appalachia,https://www.nlr.gov/docs/fy23osti/86779.pdf,https://www.nlr.gov/docs/fy25osti/91934.pdf
MISSOURI,Ray,County,29,177,29177.0,G2901770,30,Greater Kansas City,https://www.nlr.gov/docs/fy23osti/86776.pdf,https://www.nlr.gov/docs/fy25osti/91931.pdf
MISSOURI,Reynolds,County,29,179,29179.0,G2901790,33,Rural Lower Plains-Upper South Appalachia,https://www.nlr.gov/docs/fy23osti/86779.pdf,https://www.nlr.gov/docs/fy25osti/91934.pdf
MISSOURI,Ripley,County,29,181,29181.0,G2901810,33,Rural Lower Plains-Upper South Appalachia,https://www.nlr.gov/docs/fy23osti/86779.pdf,https://www.nlr.gov/docs/fy25osti/91934.pdf
MISSOURI,Saline,County,29,195,29195.0,G2901950,33,Rural Lower Plains-Upper South Appalachia,https://www.nlr.gov/docs/fy23osti/86779.pdf,https://www.nlr.gov/docs/fy25osti/91934.pdf
MISSOURI,Schuyler,County,29,197,29197.0,G2901970,17,Rural Lower Midwest and High Plains,https://www.nlr.gov/docs/fy23osti/86763.pdf,https://www.nlr.gov/docs/fy25osti/91918.pdf
MISSOURI,Scotland,County,29,199,29199.0,G2901990,17,Rural Lower Midwest and High Plains,https://www.nlr.gov/docs/fy23osti/86763.pdf,https://www.nlr.gov/docs/fy25osti/91918.pdf
MISSOURI,Scott,County,29,201,29201.0,G2902010,33,Rural Lower Plains-Upper South Appalachia,https://www.nlr.gov/docs/fy23osti/86779.pdf,https://www.nlr.gov/docs/fy25osti/91934.pdf
MISSOURI,Shannon,County,29,203,29203.0,G2902030,33,Rural Lower Plains-Upper South Appalachia,https://www.nlr.gov/docs/fy23osti/86779.pdf,https://www.nlr.gov/docs/fy25osti/91934.pdf
MISSOURI,Shelby,County,29,205,29205.0,G2902050,17,Rural Lower Midwest and High Plains,https://www.nlr.gov/docs/fy23osti/86763.pdf,https://www.nlr.gov/docs/fy25osti/91918.pdf
MISSOURI,St. Charles,County,29,183,29183.0,G2901830,47,Indianapolis-St. Louis-Springfield-Peoria,https://www.nlr.gov/docs/fy23osti/86791.pdf,https://www.nlr.gov/docs/fy25osti/91946.pdf
MISSOURI,St. Clair,County,29,185,29185.0,G2901850,33,Rural Lower Plains-Upper South Appalachia,https://www.nlr.gov/docs/fy23osti/86779.pdf,https://www.nlr.gov/docs/fy25osti/91934.pdf
MISSOURI,St. Francois,County,29,187,29187.0,G2901870,33,Rural Lower Plains-Upper South Appalachia,https://www.nlr.gov/docs/fy23osti/86779.pdf,https://www.nlr.gov/docs/fy25osti/91934.pdf
MISSOURI,St. Louis,city,29,510,29510.0,G2905100,47,Indianapolis-St. Louis-Springfield-Peoria,https://www.nlr.gov/docs/fy23osti/86791.pdf,https://www.nlr.gov/docs/fy25osti/91946.pdf
MISSOURI,St. Louis,County,29,189,29189.0,G2901890,47,Indianapolis-St. Louis-Springfield-Peoria,https://www.nlr.gov/docs/fy23osti/86791.pdf,https://www.nlr.gov/docs/fy25osti/91946.pdf
MISSOURI,Ste. Genevieve,County,29,186,29186.0,G2901860,33,Rural Lower Plains-Upper South Appalachia,https://www.nlr.gov/docs/fy23osti/86779.pdf,https://www.nlr.gov/docs/fy25osti/91934.pdf
MISSOURI,Stoddard,County,29,207,29207.0,G2902070,33,Rural Lower Plains-Upper South Appalachia,https://www.nlr.gov/docs/fy23osti/86779.pdf,https://www.nlr.gov/docs/fy25osti/91934.pdf
MISSOURI,Stone,County,29,209,29209.0,G2902090,33,Rural Lower Plains-Upper South Appalachia,https://www.nlr.gov/docs/fy23osti/86779.pdf,https://www.nlr.gov/docs/fy25osti/91934.pdf
MISSOURI,Sullivan,County,29,211,29211.0,G2902110,17,Rural Lower Midwest and High Plains,https://www.nlr.gov/docs/fy23osti/86763.pdf,https://www.nlr.gov/docs/fy25osti/91918.pdf
MISSOURI,Taney,County,29,213,29213.0,G2902130,33,Rural Lower Plains-Upper South Appalachia,https://www.nlr.gov/docs/fy23osti/86779.pdf,https://www.nlr.gov/docs/fy25osti/91934.pdf
MISSOURI,Texas,County,29,215,29215.0,G2902150,33,Rural Lower Plains-Upper South Appalachia,https://www.nlr.gov/docs/fy23osti/86779.pdf,https://www.nlr.gov/docs/fy25osti/91934.pdf
MISSOURI,Vernon,County,29,217,29217.0,G2902170,33,Rural Lower Plains-Upper South Appalachia,https://www.nlr.gov/docs/fy23osti/86779.pdf,https://www.nlr.gov/docs/fy25osti/91934.pdf
MISSOURI,Warren,County,29,219,29219.0,G2902190,47,Indianapolis-St. Louis-Springfield-Peoria,https://www.nlr.gov/docs/fy23osti/86791.pdf,https://www.nlr.gov/docs/fy25osti/91946.pdf
MISSOURI,Washington,County,29,221,29221.0,G2902210,33,Rural Lower Plains-Upper South Appalachia,https://www.nlr.gov/docs/fy23osti/86779.pdf,https://www.nlr.gov/docs/fy25osti/91934.pdf
MISSOURI,Wayne,County,29,223,29223.0,G2902230,33,Rural Lower Plains-Upper South Appalachia,https://www.nlr.gov/docs/fy23osti/86779.pdf,https://www.nlr.gov/docs/fy25osti/91934.pdf
MISSOURI,Webster,County,29,225,29225.0,G2902250,60,the Greater Columbia-Fayetteville-Jefferson City-Joplin-Springfield-Wichita Areas,https://www.nlr.gov/docs/fy23osti/86804.pdf,https://www.nlr.gov/docs/fy25osti/91959.pdf
MISSOURI,Worth,County,29,227,29227.0,G2902270,17,Rural Lower Midwest and High Plains,https://www.nlr.gov/docs/fy23osti/86763.pdf,https://www.nlr.gov/docs/fy25osti/91918.pdf
MISSOURI,Wright,County,29,229,29229.0,G2902290,33,Rural Lower Plains-Upper South Appalachia,https://www.nlr.gov/docs/fy23osti/86779.pdf,https://www.nlr.gov/docs/fy25osti/91934.pdf
MONTANA,Beaverhead,County,30,1,30001.0,G3000010,57,Rural Rocky Mountains North,https://www.nlr.gov/docs/fy23osti/86801.pdf,https://www.nlr.gov/docs/fy25osti/91956.pdf
MONTANA,Big Horn,County,30,3,30003.0,G3000030,57,Rural Rocky Mountains North,https://www.nlr.gov/docs/fy23osti/86801.pdf,https://www.nlr.gov/docs/fy25osti/91956.pdf
MONTANA,Blaine,County,30,5,30005.0,G3000050,57,Rural Rocky Mountains North,https://www.nlr.gov/docs/fy23osti/86801.pdf,https://www.nlr.gov/docs/fy25osti/91956.pdf
MONTANA,Broadwater,County,30,7,30007.0,G3000070,57,Rural Rocky Mountains North,https://www.nlr.gov/docs/fy23osti/86801.pdf,https://www.nlr.gov/docs/fy25osti/91956.pdf
MONTANA,Carbon,County,30,9,30009.0,G3000090,68,"Small Urban Areas in the Dakotas, Idaho, Montana, and Wyoming",https://www.nlr.gov/docs/fy23osti/86810.pdf,https://www.nlr.gov/docs/fy25osti/91965.pdf
MONTANA,Carter,County,30,11,30011.0,G3000110,57,Rural Rocky Mountains North,https://www.nlr.gov/docs/fy23osti/86801.pdf,https://www.nlr.gov/docs/fy25osti/91956.pdf
MONTANA,Cascade,County,30,13,30013.0,G3000130,68,"Small Urban Areas in the Dakotas, Idaho, Montana, and Wyoming",https://www.nlr.gov/docs/fy23osti/86810.pdf,https://www.nlr.gov/docs/fy25osti/91965.pdf
MONTANA,Chouteau,County,30,15,30015.0,G3000150,57,Rural Rocky Mountains North,https://www.nlr.gov/docs/fy23osti/86801.pdf,https://www.nlr.gov/docs/fy25osti/91956.pdf
MONTANA,Custer,County,30,17,30017.0,G3000170,57,Rural Rocky Mountains North,https://www.nlr.gov/docs/fy23osti/86801.pdf,https://www.nlr.gov/docs/fy25osti/91956.pdf
MONTANA,Daniels,County,30,19,30019.0,G3000190,57,Rural Rocky Mountains North,https://www.nlr.gov/docs/fy23osti/86801.pdf,https://www.nlr.gov/docs/fy25osti/91956.pdf
MONTANA,Dawson,County,30,21,30021.0,G3000210,57,Rural Rocky Mountains North,https://www.nlr.gov/docs/fy23osti/86801.pdf,https://www.nlr.gov/docs/fy25osti/91956.pdf
MONTANA,Deer Lodge,County,30,23,30023.0,G3000230,57,Rural Rocky Mountains North,https://www.nlr.gov/docs/fy23osti/86801.pdf,https://www.nlr.gov/docs/fy25osti/91956.pdf
MONTANA,Fallon,County,30,25,30025.0,G3000250,57,Rural Rocky Mountains North,https://www.nlr.gov/docs/fy23osti/86801.pdf,https://www.nlr.gov/docs/fy25osti/91956.pdf
MONTANA,Fergus,County,30,27,30027.0,G3000270,57,Rural Rocky Mountains North,https://www.nlr.gov/docs/fy23osti/86801.pdf,https://www.nlr.gov/docs/fy25osti/91956.pdf
MONTANA,Flathead,County,30,29,30029.0,G3000290,57,Rural Rocky Mountains North,https://www.nlr.gov/docs/fy23osti/86801.pdf,https://www.nlr.gov/docs/fy25osti/91956.pdf
MONTANA,Gallatin,County,30,31,30031.0,G3000310,57,Rural Rocky Mountains North,https://www.nlr.gov/docs/fy23osti/86801.pdf,https://www.nlr.gov/docs/fy25osti/91956.pdf
MONTANA,Garfield,County,30,33,30033.0,G3000330,57,Rural Rocky Mountains North,https://www.nlr.gov/docs/fy23osti/86801.pdf,https://www.nlr.gov/docs/fy25osti/91956.pdf
MONTANA,Glacier,County,30,35,30035.0,G3000350,57,Rural Rocky Mountains North,https://www.nlr.gov/docs/fy23osti/86801.pdf,https://www.nlr.gov/docs/fy25osti/91956.pdf
MONTANA,Golden Valley,County,30,37,30037.0,G3000370,57,Rural Rocky Mountains North,https://www.nlr.gov/docs/fy23osti/86801.pdf,https://www.nlr.gov/docs/fy25osti/91956.pdf
MONTANA,Granite,County,30,39,30039.0,G3000390,57,Rural Rocky Mountains North,https://www.nlr.gov/docs/fy23osti/86801.pdf,https://www.nlr.gov/docs/fy25osti/91956.pdf
MONTANA,Hill,County,30,41,30041.0,G3000410,57,Rural Rocky Mountains North,https://www.nlr.gov/docs/fy23osti/86801.pdf,https://www.nlr.gov/docs/fy25osti/91956.pdf
MONTANA,Jefferson,County,30,43,30043.0,G3000430,57,Rural Rocky Mountains North,https://www.nlr.gov/docs/fy23osti/86801.pdf,https://www.nlr.gov/docs/fy25osti/91956.pdf
MONTANA,Judith Basin,County,30,45,30045.0,G3000450,57,Rural Rocky Mountains North,https://www.nlr.gov/docs/fy23osti/86801.pdf,https://www.nlr.gov/docs/fy25osti/91956.pdf
MONTANA,Lake,County,30,47,30047.0,G3000470,57,Rural Rocky Mountains North,https://www.nlr.gov/docs/fy23osti/86801.pdf,https://www.nlr.gov/docs/fy25osti/91956.pdf
MONTANA,Lewis and Clark,County,30,49,30049.0,G3000490,57,Rural Rocky Mountains North,https://www.nlr.gov/docs/fy23osti/86801.pdf,https://www.nlr.gov/docs/fy25osti/91956.pdf
MONTANA,Liberty,County,30,51,30051.0,G3000510,57,Rural Rocky Mountains North,https://www.nlr.gov/docs/fy23osti/86801.pdf,https://www.nlr.gov/docs/fy25osti/91956.pdf
MONTANA,Lincoln,County,30,53,30053.0,G3000530,57,Rural Rocky Mountains North,https://www.nlr.gov/docs/fy23osti/86801.pdf,https://www.nlr.gov/docs/fy25osti/91956.pdf
MONTANA,Madison,County,30,57,30057.0,G3000570,57,Rural Rocky Mountains North,https://www.nlr.gov/docs/fy23osti/86801.pdf,https://www.nlr.gov/docs/fy25osti/91956.pdf
MONTANA,McCone,County,30,55,30055.0,G3000550,57,Rural Rocky Mountains North,https://www.nlr.gov/docs/fy23osti/86801.pdf,https://www.nlr.gov/docs/fy25osti/91956.pdf
MONTANA,Meagher,County,30,59,30059.0,G3000590,57,Rural Rocky Mountains North,https://www.nlr.gov/docs/fy23osti/86801.pdf,https://www.nlr.gov/docs/fy25osti/91956.pdf
MONTANA,Mineral,County,30,61,30061.0,G3000610,57,Rural Rocky Mountains North,https://www.nlr.gov/docs/fy23osti/86801.pdf,https://www.nlr.gov/docs/fy25osti/91956.pdf
MONTANA,Missoula,County,30,63,30063.0,G3000630,68,"Small Urban Areas in the Dakotas, Idaho, Montana, and Wyoming",https://www.nlr.gov/docs/fy23osti/86810.pdf,https://www.nlr.gov/docs/fy25osti/91965.pdf
MONTANA,Musselshell,County,30,65,30065.0,G3000650,57,Rural Rocky Mountains North,https://www.nlr.gov/docs/fy23osti/86801.pdf,https://www.nlr.gov/docs/fy25osti/91956.pdf
MONTANA,Park,County,30,67,30067.0,G3000670,57,Rural Rocky Mountains North,https://www.nlr.gov/docs/fy23osti/86801.pdf,https://www.nlr.gov/docs/fy25osti/91956.pdf
MONTANA,Petroleum,County,30,69,30069.0,G3000690,57,Rural Rocky Mountains North,https://www.nlr.gov/docs/fy23osti/86801.pdf,https://www.nlr.gov/docs/fy25osti/91956.pdf
MONTANA,Phillips,County,30,71,30071.0,G3000710,57,Rural Rocky Mountains North,https://www.nlr.gov/docs/fy23osti/86801.pdf,https://www.nlr.gov/docs/fy25osti/91956.pdf
MONTANA,Pondera,County,30,73,30073.0,G3000730,57,Rural Rocky Mountains North,https://www.nlr.gov/docs/fy23osti/86801.pdf,https://www.nlr.gov/docs/fy25osti/91956.pdf
MONTANA,Powder River,County,30,75,30075.0,G3000750,57,Rural Rocky Mountains North,https://www.nlr.gov/docs/fy23osti/86801.pdf,https://www.nlr.gov/docs/fy25osti/91956.pdf
MONTANA,Powell,County,30,77,30077.0,G3000770,57,Rural Rocky Mountains North,https://www.nlr.gov/docs/fy23osti/86801.pdf,https://www.nlr.gov/docs/fy25osti/91956.pdf
MONTANA,Prairie,County,30,79,30079.0,G3000790,57,Rural Rocky Mountains North,https://www.nlr.gov/docs/fy23osti/86801.pdf,https://www.nlr.gov/docs/fy25osti/91956.pdf
MONTANA,Ravalli,County,30,81,30081.0,G3000810,57,Rural Rocky Mountains North,https://www.nlr.gov/docs/fy23osti/86801.pdf,https://www.nlr.gov/docs/fy25osti/91956.pdf
MONTANA,Richland,County,30,83,30083.0,G3000830,57,Rural Rocky Mountains North,https://www.nlr.gov/docs/fy23osti/86801.pdf,https://www.nlr.gov/docs/fy25osti/91956.pdf
MONTANA,Roosevelt,County,30,85,30085.0,G3000850,57,Rural Rocky Mountains North,https://www.nlr.gov/docs/fy23osti/86801.pdf,https://www.nlr.gov/docs/fy25osti/91956.pdf
MONTANA,Rosebud,County,30,87,30087.0,G3000870,57,Rural Rocky Mountains North,https://www.nlr.gov/docs/fy23osti/86801.pdf,https://www.nlr.gov/docs/fy25osti/91956.pdf
MONTANA,Sanders,County,30,89,30089.0,G3000890,57,Rural Rocky Mountains North,https://www.nlr.gov/docs/fy23osti/86801.pdf,https://www.nlr.gov/docs/fy25osti/91956.pdf
MONTANA,Sheridan,County,30,91,30091.0,G3000910,57,Rural Rocky Mountains North,https://www.nlr.gov/docs/fy23osti/86801.pdf,https://www.nlr.gov/docs/fy25osti/91956.pdf
MONTANA,Silver Bow,County,30,93,30093.0,G3000930,57,Rural Rocky Mountains North,https://www.nlr.gov/docs/fy23osti/86801.pdf,https://www.nlr.gov/docs/fy25osti/91956.pdf
MONTANA,Stillwater,County,30,95,30095.0,G3000950,68,"Small Urban Areas in the Dakotas, Idaho, Montana, and Wyoming",https://www.nlr.gov/docs/fy23osti/86810.pdf,https://www.nlr.gov/docs/fy25osti/91965.pdf
MONTANA,Sweet Grass,County,30,97,30097.0,G3000970,57,Rural Rocky Mountains North,https://www.nlr.gov/docs/fy23osti/86801.pdf,https://www.nlr.gov/docs/fy25osti/91956.pdf
MONTANA,Teton,County,30,99,30099.0,G3000990,57,Rural Rocky Mountains North,https://www.nlr.gov/docs/fy23osti/86801.pdf,https://www.nlr.gov/docs/fy25osti/91956.pdf
MONTANA,Toole,County,30,101,30101.0,G3001010,57,Rural Rocky Mountains North,https://www.nlr.gov/docs/fy23osti/86801.pdf,https://www.nlr.gov/docs/fy25osti/91956.pdf
MONTANA,Treasure,County,30,103,30103.0,G3001030,57,Rural Rocky Mountains North,https://www.nlr.gov/docs/fy23osti/86801.pdf,https://www.nlr.gov/docs/fy25osti/91956.pdf
MONTANA,Valley,County,30,105,30105.0,G3001050,57,Rural Rocky Mountains North,https://www.nlr.gov/docs/fy23osti/86801.pdf,https://www.nlr.gov/docs/fy25osti/91956.pdf
MONTANA,Wheatland,County,30,107,30107.0,G3001070,57,Rural Rocky Mountains North,https://www.nlr.gov/docs/fy23osti/86801.pdf,https://www.nlr.gov/docs/fy25osti/91956.pdf
MONTANA,Wibaux,County,30,109,30109.0,G3001090,57,Rural Rocky Mountains North,https://www.nlr.gov/docs/fy23osti/86801.pdf,https://www.nlr.gov/docs/fy25osti/91956.pdf
MONTANA,Yellowstone,County,30,111,30111.0,G3001110,68,"Small Urban Areas in the Dakotas, Idaho, Montana, and Wyoming",https://www.nlr.gov/docs/fy23osti/86810.pdf,https://www.nlr.gov/docs/fy25osti/91965.pdf
NEBRASKA,Adams,County,31,1,31001.0,G3100010,17,Rural Lower Midwest and High Plains,https://www.nlr.gov/docs/fy23osti/86763.pdf,https://www.nlr.gov/docs/fy25osti/91918.pdf
NEBRASKA,Antelope,County,31,3,31003.0,G3100030,17,Rural Lower Midwest and High Plains,https://www.nlr.gov/docs/fy23osti/86763.pdf,https://www.nlr.gov/docs/fy25osti/91918.pdf
NEBRASKA,Arthur,County,31,5,31005.0,G3100050,17,Rural Lower Midwest and High Plains,https://www.nlr.gov/docs/fy23osti/86763.pdf,https://www.nlr.gov/docs/fy25osti/91918.pdf
NEBRASKA,Banner,County,31,7,31007.0,G3100070,17,Rural Lower Midwest and High Plains,https://www.nlr.gov/docs/fy23osti/86763.pdf,https://www.nlr.gov/docs/fy25osti/91918.pdf
NEBRASKA,Blaine,County,31,9,31009.0,G3100090,17,Rural Lower Midwest and High Plains,https://www.nlr.gov/docs/fy23osti/86763.pdf,https://www.nlr.gov/docs/fy25osti/91918.pdf
NEBRASKA,Boone,County,31,11,31011.0,G3100110,17,Rural Lower Midwest and High Plains,https://www.nlr.gov/docs/fy23osti/86763.pdf,https://www.nlr.gov/docs/fy25osti/91918.pdf
NEBRASKA,Box Butte,County,31,13,31013.0,G3100130,17,Rural Lower Midwest and High Plains,https://www.nlr.gov/docs/fy23osti/86763.pdf,https://www.nlr.gov/docs/fy25osti/91918.pdf
NEBRASKA,Boyd,County,31,15,31015.0,G3100150,17,Rural Lower Midwest and High Plains,https://www.nlr.gov/docs/fy23osti/86763.pdf,https://www.nlr.gov/docs/fy25osti/91918.pdf
NEBRASKA,Brown,County,31,17,31017.0,G3100170,17,Rural Lower Midwest and High Plains,https://www.nlr.gov/docs/fy23osti/86763.pdf,https://www.nlr.gov/docs/fy25osti/91918.pdf
NEBRASKA,Buffalo,County,31,19,31019.0,G3100190,17,Rural Lower Midwest and High Plains,https://www.nlr.gov/docs/fy23osti/86763.pdf,https://www.nlr.gov/docs/fy25osti/91918.pdf
NEBRASKA,Burt,County,31,21,31021.0,G3100210,17,Rural Lower Midwest and High Plains,https://www.nlr.gov/docs/fy23osti/86763.pdf,https://www.nlr.gov/docs/fy25osti/91918.pdf
NEBRASKA,Butler,County,31,23,31023.0,G3100230,17,Rural Lower Midwest and High Plains,https://www.nlr.gov/docs/fy23osti/86763.pdf,https://www.nlr.gov/docs/fy25osti/91918.pdf
NEBRASKA,Cass,County,31,25,31025.0,G3100250,78,the Omaha-Lincoln Area,https://www.nlr.gov/docs/fy23osti/86821.pdf,https://www.nlr.gov/docs/fy25osti/91975.pdf
NEBRASKA,Cedar,County,31,27,31027.0,G3100270,17,Rural Lower Midwest and High Plains,https://www.nlr.gov/docs/fy23osti/86763.pdf,https://www.nlr.gov/docs/fy25osti/91918.pdf
NEBRASKA,Chase,County,31,29,31029.0,G3100290,17,Rural Lower Midwest and High Plains,https://www.nlr.gov/docs/fy23osti/86763.pdf,https://www.nlr.gov/docs/fy25osti/91918.pdf
NEBRASKA,Cherry,County,31,31,31031.0,G3100310,17,Rural Lower Midwest and High Plains,https://www.nlr.gov/docs/fy23osti/86763.pdf,https://www.nlr.gov/docs/fy25osti/91918.pdf
NEBRASKA,Cheyenne,County,31,33,31033.0,G3100330,17,Rural Lower Midwest and High Plains,https://www.nlr.gov/docs/fy23osti/86763.pdf,https://www.nlr.gov/docs/fy25osti/91918.pdf
NEBRASKA,Clay,County,31,35,31035.0,G3100350,17,Rural Lower Midwest and High Plains,https://www.nlr.gov/docs/fy23osti/86763.pdf,https://www.nlr.gov/docs/fy25osti/91918.pdf
NEBRASKA,Colfax,County,31,37,31037.0,G3100370,17,Rural Lower Midwest and High Plains,https://www.nlr.gov/docs/fy23osti/86763.pdf,https://www.nlr.gov/docs/fy25osti/91918.pdf
NEBRASKA,Cuming,County,31,39,31039.0,G3100390,17,Rural Lower Midwest and High Plains,https://www.nlr.gov/docs/fy23osti/86763.pdf,https://www.nlr.gov/docs/fy25osti/91918.pdf
NEBRASKA,Custer,County,31,41,31041.0,G3100410,17,Rural Lower Midwest and High Plains,https://www.nlr.gov/docs/fy23osti/86763.pdf,https://www.nlr.gov/docs/fy25osti/91918.pdf
NEBRASKA,Dakota,County,31,43,31043.0,G3100430,0,"Des Moines, Cedar Rapids, Sioux Falls",https://www.nlr.gov/docs/fy23osti/86753.pdf,https://www.nlr.gov/docs/fy25osti/91908.pdf
NEBRASKA,Dawes,County,31,45,31045.0,G3100450,17,Rural Lower Midwest and High Plains,https://www.nlr.gov/docs/fy23osti/86763.pdf,https://www.nlr.gov/docs/fy25osti/91918.pdf
NEBRASKA,Dawson,County,31,47,31047.0,G3100470,17,Rural Lower Midwest and High Plains,https://www.nlr.gov/docs/fy23osti/86763.pdf,https://www.nlr.gov/docs/fy25osti/91918.pdf
NEBRASKA,Deuel,County,31,49,31049.0,G3100490,17,Rural Lower Midwest and High Plains,https://www.nlr.gov/docs/fy23osti/86763.pdf,https://www.nlr.gov/docs/fy25osti/91918.pdf
NEBRASKA,Dixon,County,31,51,31051.0,G3100510,0,"Des Moines, Cedar Rapids, Sioux Falls",https://www.nlr.gov/docs/fy23osti/86753.pdf,https://www.nlr.gov/docs/fy25osti/91908.pdf
NEBRASKA,Dodge,County,31,53,31053.0,G3100530,17,Rural Lower Midwest and High Plains,https://www.nlr.gov/docs/fy23osti/86763.pdf,https://www.nlr.gov/docs/fy25osti/91918.pdf
NEBRASKA,Douglas,County,31,55,31055.0,G3100550,78,the Omaha-Lincoln Area,https://www.nlr.gov/docs/fy23osti/86821.pdf,https://www.nlr.gov/docs/fy25osti/91975.pdf
NEBRASKA,Dundy,County,31,57,31057.0,G3100570,17,Rural Lower Midwest and High Plains,https://www.nlr.gov/docs/fy23osti/86763.pdf,https://www.nlr.gov/docs/fy25osti/91918.pdf
NEBRASKA,Fillmore,County,31,59,31059.0,G3100590,17,Rural Lower Midwest and High Plains,https://www.nlr.gov/docs/fy23osti/86763.pdf,https://www.nlr.gov/docs/fy25osti/91918.pdf
NEBRASKA,Franklin,County,31,61,31061.0,G3100610,17,Rural Lower Midwest and High Plains,https://www.nlr.gov/docs/fy23osti/86763.pdf,https://www.nlr.gov/docs/fy25osti/91918.pdf
NEBRASKA,Frontier,County,31,63,31063.0,G3100630,17,Rural Lower Midwest and High Plains,https://www.nlr.gov/docs/fy23osti/86763.pdf,https://www.nlr.gov/docs/fy25osti/91918.pdf
NEBRASKA,Furnas,County,31,65,31065.0,G3100650,17,Rural Lower Midwest and High Plains,https://www.nlr.gov/docs/fy23osti/86763.pdf,https://www.nlr.gov/docs/fy25osti/91918.pdf
NEBRASKA,Gage,County,31,67,31067.0,G3100670,17,Rural Lower Midwest and High Plains,https://www.nlr.gov/docs/fy23osti/86763.pdf,https://www.nlr.gov/docs/fy25osti/91918.pdf
NEBRASKA,Garden,County,31,69,31069.0,G3100690,17,Rural Lower Midwest and High Plains,https://www.nlr.gov/docs/fy23osti/86763.pdf,https://www.nlr.gov/docs/fy25osti/91918.pdf
NEBRASKA,Garfield,County,31,71,31071.0,G3100710,17,Rural Lower Midwest and High Plains,https://www.nlr.gov/docs/fy23osti/86763.pdf,https://www.nlr.gov/docs/fy25osti/91918.pdf
NEBRASKA,Gosper,County,31,73,31073.0,G3100730,17,Rural Lower Midwest and High Plains,https://www.nlr.gov/docs/fy23osti/86763.pdf,https://www.nlr.gov/docs/fy25osti/91918.pdf
NEBRASKA,Grant,County,31,75,31075.0,G3100750,17,Rural Lower Midwest and High Plains,https://www.nlr.gov/docs/fy23osti/86763.pdf,https://www.nlr.gov/docs/fy25osti/91918.pdf
NEBRASKA,Greeley,County,31,77,31077.0,G3100770,17,Rural Lower Midwest and High Plains,https://www.nlr.gov/docs/fy23osti/86763.pdf,https://www.nlr.gov/docs/fy25osti/91918.pdf
NEBRASKA,Hall,County,31,79,31079.0,G3100790,17,Rural Lower Midwest and High Plains,https://www.nlr.gov/docs/fy23osti/86763.pdf,https://www.nlr.gov/docs/fy25osti/91918.pdf
NEBRASKA,Hamilton,County,31,81,31081.0,G3100810,17,Rural Lower Midwest and High Plains,https://www.nlr.gov/docs/fy23osti/86763.pdf,https://www.nlr.gov/docs/fy25osti/91918.pdf
NEBRASKA,Harlan,County,31,83,31083.0,G3100830,17,Rural Lower Midwest and High Plains,https://www.nlr.gov/docs/fy23osti/86763.pdf,https://www.nlr.gov/docs/fy25osti/91918.pdf
NEBRASKA,Hayes,County,31,85,31085.0,G3100850,17,Rural Lower Midwest and High Plains,https://www.nlr.gov/docs/fy23osti/86763.pdf,https://www.nlr.gov/docs/fy25osti/91918.pdf
NEBRASKA,Hitchcock,County,31,87,31087.0,G3100870,17,Rural Lower Midwest and High Plains,https://www.nlr.gov/docs/fy23osti/86763.pdf,https://www.nlr.gov/docs/fy25osti/91918.pdf
NEBRASKA,Holt,County,31,89,31089.0,G3100890,17,Rural Lower Midwest and High Plains,https://www.nlr.gov/docs/fy23osti/86763.pdf,https://www.nlr.gov/docs/fy25osti/91918.pdf
NEBRASKA,Hooker,County,31,91,31091.0,G3100910,17,Rural Lower Midwest and High Plains,https://www.nlr.gov/docs/fy23osti/86763.pdf,https://www.nlr.gov/docs/fy25osti/91918.pdf
NEBRASKA,Howard,County,31,93,31093.0,G3100930,17,Rural Lower Midwest and High Plains,https://www.nlr.gov/docs/fy23osti/86763.pdf,https://www.nlr.gov/docs/fy25osti/91918.pdf
NEBRASKA,Jefferson,County,31,95,31095.0,G3100950,17,Rural Lower Midwest and High Plains,https://www.nlr.gov/docs/fy23osti/86763.pdf,https://www.nlr.gov/docs/fy25osti/91918.pdf
NEBRASKA,Johnson,County,31,97,31097.0,G3100970,17,Rural Lower Midwest and High Plains,https://www.nlr.gov/docs/fy23osti/86763.pdf,https://www.nlr.gov/docs/fy25osti/91918.pdf
NEBRASKA,Kearney,County,31,99,31099.0,G3100990,17,Rural Lower Midwest and High Plains,https://www.nlr.gov/docs/fy23osti/86763.pdf,https://www.nlr.gov/docs/fy25osti/91918.pdf
NEBRASKA,Keith,County,31,101,31101.0,G3101010,17,Rural Lower Midwest and High Plains,https://www.nlr.gov/docs/fy23osti/86763.pdf,https://www.nlr.gov/docs/fy25osti/91918.pdf
NEBRASKA,Keya Paha,County,31,103,31103.0,G3101030,17,Rural Lower Midwest and High Plains,https://www.nlr.gov/docs/fy23osti/86763.pdf,https://www.nlr.gov/docs/fy25osti/91918.pdf
NEBRASKA,Kimball,County,31,105,31105.0,G3101050,17,Rural Lower Midwest and High Plains,https://www.nlr.gov/docs/fy23osti/86763.pdf,https://www.nlr.gov/docs/fy25osti/91918.pdf
NEBRASKA,Knox,County,31,107,31107.0,G3101070,17,Rural Lower Midwest and High Plains,https://www.nlr.gov/docs/fy23osti/86763.pdf,https://www.nlr.gov/docs/fy25osti/91918.pdf
NEBRASKA,Lancaster,County,31,109,31109.0,G3101090,78,the Omaha-Lincoln Area,https://www.nlr.gov/docs/fy23osti/86821.pdf,https://www.nlr.gov/docs/fy25osti/91975.pdf
NEBRASKA,Lincoln,County,31,111,31111.0,G3101110,17,Rural Lower Midwest and High Plains,https://www.nlr.gov/docs/fy23osti/86763.pdf,https://www.nlr.gov/docs/fy25osti/91918.pdf
NEBRASKA,Logan,County,31,113,31113.0,G3101130,17,Rural Lower Midwest and High Plains,https://www.nlr.gov/docs/fy23osti/86763.pdf,https://www.nlr.gov/docs/fy25osti/91918.pdf
NEBRASKA,Loup,County,31,115,31115.0,G3101150,17,Rural Lower Midwest and High Plains,https://www.nlr.gov/docs/fy23osti/86763.pdf,https://www.nlr.gov/docs/fy25osti/91918.pdf
NEBRASKA,Madison,County,31,119,31119.0,G3101190,17,Rural Lower Midwest and High Plains,https://www.nlr.gov/docs/fy23osti/86763.pdf,https://www.nlr.gov/docs/fy25osti/91918.pdf
NEBRASKA,McPherson,County,31,117,31117.0,G3101170,17,Rural Lower Midwest and High Plains,https://www.nlr.gov/docs/fy23osti/86763.pdf,https://www.nlr.gov/docs/fy25osti/91918.pdf
NEBRASKA,Merrick,County,31,121,31121.0,G3101210,17,Rural Lower Midwest and High Plains,https://www.nlr.gov/docs/fy23osti/86763.pdf,https://www.nlr.gov/docs/fy25osti/91918.pdf
NEBRASKA,Morrill,County,31,123,31123.0,G3101230,17,Rural Lower Midwest and High Plains,https://www.nlr.gov/docs/fy23osti/86763.pdf,https://www.nlr.gov/docs/fy25osti/91918.pdf
NEBRASKA,Nance,County,31,125,31125.0,G3101250,17,Rural Lower Midwest and High Plains,https://www.nlr.gov/docs/fy23osti/86763.pdf,https://www.nlr.gov/docs/fy25osti/91918.pdf
NEBRASKA,Nemaha,County,31,127,31127.0,G3101270,17,Rural Lower Midwest and High Plains,https://www.nlr.gov/docs/fy23osti/86763.pdf,https://www.nlr.gov/docs/fy25osti/91918.pdf
NEBRASKA,Nuckolls,County,31,129,31129.0,G3101290,17,Rural Lower Midwest and High Plains,https://www.nlr.gov/docs/fy23osti/86763.pdf,https://www.nlr.gov/docs/fy25osti/91918.pdf
NEBRASKA,Otoe,County,31,131,31131.0,G3101310,17,Rural Lower Midwest and High Plains,https://www.nlr.gov/docs/fy23osti/86763.pdf,https://www.nlr.gov/docs/fy25osti/91918.pdf
NEBRASKA,Pawnee,County,31,133,31133.0,G3101330,17,Rural Lower Midwest and High Plains,https://www.nlr.gov/docs/fy23osti/86763.pdf,https://www.nlr.gov/docs/fy25osti/91918.pdf
NEBRASKA,Perkins,County,31,135,31135.0,G3101350,17,Rural Lower Midwest and High Plains,https://www.nlr.gov/docs/fy23osti/86763.pdf,https://www.nlr.gov/docs/fy25osti/91918.pdf
NEBRASKA,Phelps,County,31,137,31137.0,G3101370,17,Rural Lower Midwest and High Plains,https://www.nlr.gov/docs/fy23osti/86763.pdf,https://www.nlr.gov/docs/fy25osti/91918.pdf
NEBRASKA,Pierce,County,31,139,31139.0,G3101390,17,Rural Lower Midwest and High Plains,https://www.nlr.gov/docs/fy23osti/86763.pdf,https://www.nlr.gov/docs/fy25osti/91918.pdf
NEBRASKA,Platte,County,31,141,31141.0,G3101410,17,Rural Lower Midwest and High Plains,https://www.nlr.gov/docs/fy23osti/86763.pdf,https://www.nlr.gov/docs/fy25osti/91918.pdf
NEBRASKA,Polk,County,31,143,31143.0,G3101430,17,Rural Lower Midwest and High Plains,https://www.nlr.gov/docs/fy23osti/86763.pdf,https://www.nlr.gov/docs/fy25osti/91918.pdf
NEBRASKA,Red Willow,County,31,145,31145.0,G3101450,17,Rural Lower Midwest and High Plains,https://www.nlr.gov/docs/fy23osti/86763.pdf,https://www.nlr.gov/docs/fy25osti/91918.pdf
NEBRASKA,Richardson,County,31,147,31147.0,G3101470,17,Rural Lower Midwest and High Plains,https://www.nlr.gov/docs/fy23osti/86763.pdf,https://www.nlr.gov/docs/fy25osti/91918.pdf
NEBRASKA,Rock,County,31,149,31149.0,G3101490,17,Rural Lower Midwest and High Plains,https://www.nlr.gov/docs/fy23osti/86763.pdf,https://www.nlr.gov/docs/fy25osti/91918.pdf
NEBRASKA,Saline,County,31,151,31151.0,G3101510,17,Rural Lower Midwest and High Plains,https://www.nlr.gov/docs/fy23osti/86763.pdf,https://www.nlr.gov/docs/fy25osti/91918.pdf
NEBRASKA,Sarpy,County,31,153,31153.0,G3101530,78,the Omaha-Lincoln Area,https://www.nlr.gov/docs/fy23osti/86821.pdf,https://www.nlr.gov/docs/fy25osti/91975.pdf
NEBRASKA,Saunders,County,31,155,31155.0,G3101550,78,the Omaha-Lincoln Area,https://www.nlr.gov/docs/fy23osti/86821.pdf,https://www.nlr.gov/docs/fy25osti/91975.pdf
NEBRASKA,Scotts Bluff,County,31,157,31157.0,G3101570,17,Rural Lower Midwest and High Plains,https://www.nlr.gov/docs/fy23osti/86763.pdf,https://www.nlr.gov/docs/fy25osti/91918.pdf
NEBRASKA,Seward,County,31,159,31159.0,G3101590,78,the Omaha-Lincoln Area,https://www.nlr.gov/docs/fy23osti/86821.pdf,https://www.nlr.gov/docs/fy25osti/91975.pdf
NEBRASKA,Sheridan,County,31,161,31161.0,G3101610,17,Rural Lower Midwest and High Plains,https://www.nlr.gov/docs/fy23osti/86763.pdf,https://www.nlr.gov/docs/fy25osti/91918.pdf
NEBRASKA,Sherman,County,31,163,31163.0,G3101630,17,Rural Lower Midwest and High Plains,https://www.nlr.gov/docs/fy23osti/86763.pdf,https://www.nlr.gov/docs/fy25osti/91918.pdf
NEBRASKA,Sioux,County,31,165,31165.0,G3101650,17,Rural Lower Midwest and High Plains,https://www.nlr.gov/docs/fy23osti/86763.pdf,https://www.nlr.gov/docs/fy25osti/91918.pdf
NEBRASKA,Stanton,County,31,167,31167.0,G3101670,17,Rural Lower Midwest and High Plains,https://www.nlr.gov/docs/fy23osti/86763.pdf,https://www.nlr.gov/docs/fy25osti/91918.pdf
NEBRASKA,Thayer,County,31,169,31169.0,G3101690,17,Rural Lower Midwest and High Plains,https://www.nlr.gov/docs/fy23osti/86763.pdf,https://www.nlr.gov/docs/fy25osti/91918.pdf
NEBRASKA,Thomas,County,31,171,31171.0,G3101710,17,Rural Lower Midwest and High Plains,https://www.nlr.gov/docs/fy23osti/86763.pdf,https://www.nlr.gov/docs/fy25osti/91918.pdf
NEBRASKA,Thurston,County,31,173,31173.0,G3101730,17,Rural Lower Midwest and High Plains,https://www.nlr.gov/docs/fy23osti/86763.pdf,https://www.nlr.gov/docs/fy25osti/91918.pdf
NEBRASKA,Valley,County,31,175,31175.0,G3101750,17,Rural Lower Midwest and High Plains,https://www.nlr.gov/docs/fy23osti/86763.pdf,https://www.nlr.gov/docs/fy25osti/91918.pdf
NEBRASKA,Washington,County,31,177,31177.0,G3101770,78,the Omaha-Lincoln Area,https://www.nlr.gov/docs/fy23osti/86821.pdf,https://www.nlr.gov/docs/fy25osti/91975.pdf
NEBRASKA,Wayne,County,31,179,31179.0,G3101790,17,Rural Lower Midwest and High Plains,https://www.nlr.gov/docs/fy23osti/86763.pdf,https://www.nlr.gov/docs/fy25osti/91918.pdf
NEBRASKA,Webster,County,31,181,31181.0,G3101810,17,Rural Lower Midwest and High Plains,https://www.nlr.gov/docs/fy23osti/86763.pdf,https://www.nlr.gov/docs/fy25osti/91918.pdf
NEBRASKA,Wheeler,County,31,183,31183.0,G3101830,17,Rural Lower Midwest and High Plains,https://www.nlr.gov/docs/fy23osti/86763.pdf,https://www.nlr.gov/docs/fy25osti/91918.pdf
NEBRASKA,York,County,31,185,31185.0,G3101850,17,Rural Lower Midwest and High Plains,https://www.nlr.gov/docs/fy23osti/86763.pdf,https://www.nlr.gov/docs/fy25osti/91918.pdf
NEVADA,Carson City,0,32,510,32510.0,G3205100,80,"Carson City, Storey and Washoe County",https://www.nlr.gov/docs/fy23osti/86823.pdf,https://www.nlr.gov/docs/fy25osti/91977.pdf
NEVADA,Churchill,County,32,1,32001.0,G3200010,31,Rural Mountain West,https://www.nlr.gov/docs/fy23osti/86777.pdf,https://www.nlr.gov/docs/fy25osti/91932.pdf
NEVADA,Clark,County,32,3,32003.0,G3200030,6,Las Vegas,https://www.nlr.gov/docs/fy23osti/86758.pdf,https://www.nlr.gov/docs/fy25osti/91913.pdf
NEVADA,Douglas,County,32,5,32005.0,G3200050,31,Rural Mountain West,https://www.nlr.gov/docs/fy23osti/86777.pdf,https://www.nlr.gov/docs/fy25osti/91932.pdf
NEVADA,Elko,County,32,7,32007.0,G3200070,31,Rural Mountain West,https://www.nlr.gov/docs/fy23osti/86777.pdf,https://www.nlr.gov/docs/fy25osti/91932.pdf
NEVADA,Esmeralda,County,32,9,32009.0,G3200090,31,Rural Mountain West,https://www.nlr.gov/docs/fy23osti/86777.pdf,https://www.nlr.gov/docs/fy25osti/91932.pdf
NEVADA,Eureka,County,32,11,32011.0,G3200110,31,Rural Mountain West,https://www.nlr.gov/docs/fy23osti/86777.pdf,https://www.nlr.gov/docs/fy25osti/91932.pdf
NEVADA,Humboldt,County,32,13,32013.0,G3200130,31,Rural Mountain West,https://www.nlr.gov/docs/fy23osti/86777.pdf,https://www.nlr.gov/docs/fy25osti/91932.pdf
NEVADA,Lander,County,32,15,32015.0,G3200150,31,Rural Mountain West,https://www.nlr.gov/docs/fy23osti/86777.pdf,https://www.nlr.gov/docs/fy25osti/91932.pdf
NEVADA,Lincoln,County,32,17,32017.0,G3200170,31,Rural Mountain West,https://www.nlr.gov/docs/fy23osti/86777.pdf,https://www.nlr.gov/docs/fy25osti/91932.pdf
NEVADA,Lyon,County,32,19,32019.0,G3200190,31,Rural Mountain West,https://www.nlr.gov/docs/fy23osti/86777.pdf,https://www.nlr.gov/docs/fy25osti/91932.pdf
NEVADA,Mineral,County,32,21,32021.0,G3200210,31,Rural Mountain West,https://www.nlr.gov/docs/fy23osti/86777.pdf,https://www.nlr.gov/docs/fy25osti/91932.pdf
NEVADA,Nye,County,32,23,32023.0,G3200230,31,Rural Mountain West,https://www.nlr.gov/docs/fy23osti/86777.pdf,https://www.nlr.gov/docs/fy25osti/91932.pdf
NEVADA,Pershing,County,32,27,32027.0,G3200270,31,Rural Mountain West,https://www.nlr.gov/docs/fy23osti/86777.pdf,https://www.nlr.gov/docs/fy25osti/91932.pdf
NEVADA,Storey,County,32,29,32029.0,G3200290,80,"Carson City, Storey and Washoe County",https://www.nlr.gov/docs/fy23osti/86823.pdf,https://www.nlr.gov/docs/fy25osti/91977.pdf
NEVADA,Washoe,County,32,31,32031.0,G3200310,80,"Carson City, Storey and Washoe County",https://www.nlr.gov/docs/fy23osti/86823.pdf,https://www.nlr.gov/docs/fy25osti/91977.pdf
NEVADA,White Pine,County,32,33,32033.0,G3200330,31,Rural Mountain West,https://www.nlr.gov/docs/fy23osti/86777.pdf,https://www.nlr.gov/docs/fy25osti/91932.pdf
NEW HAMPSHIRE,Belknap,County,33,1,33001.0,G3300010,59,Northern New England,https://www.nlr.gov/docs/fy23osti/86803.pdf,https://www.nlr.gov/docs/fy25osti/91958.pdf
NEW HAMPSHIRE,Carroll,County,33,3,33003.0,G3300030,59,Northern New England,https://www.nlr.gov/docs/fy23osti/86803.pdf,https://www.nlr.gov/docs/fy25osti/91958.pdf
NEW HAMPSHIRE,Cheshire,County,33,5,33005.0,G3300050,59,Northern New England,https://www.nlr.gov/docs/fy23osti/86803.pdf,https://www.nlr.gov/docs/fy25osti/91958.pdf
NEW HAMPSHIRE,Coos,County,33,7,33007.0,G3300070,59,Northern New England,https://www.nlr.gov/docs/fy23osti/86803.pdf,https://www.nlr.gov/docs/fy25osti/91958.pdf
NEW HAMPSHIRE,Grafton,County,33,9,33009.0,G3300090,59,Northern New England,https://www.nlr.gov/docs/fy23osti/86803.pdf,https://www.nlr.gov/docs/fy25osti/91958.pdf
NEW HAMPSHIRE,Hillsborough,County,33,11,33011.0,G3300110,52,Southern New England,https://www.nlr.gov/docs/fy23osti/86796.pdf,https://www.nlr.gov/docs/fy25osti/91951.pdf
NEW HAMPSHIRE,Merrimack,County,33,13,33013.0,G3300130,59,Northern New England,https://www.nlr.gov/docs/fy23osti/86803.pdf,https://www.nlr.gov/docs/fy25osti/91958.pdf
NEW HAMPSHIRE,Rockingham,County,33,15,33015.0,G3300150,52,Southern New England,https://www.nlr.gov/docs/fy23osti/86796.pdf,https://www.nlr.gov/docs/fy25osti/91951.pdf
NEW HAMPSHIRE,Strafford,County,33,17,33017.0,G3300170,52,Southern New England,https://www.nlr.gov/docs/fy23osti/86796.pdf,https://www.nlr.gov/docs/fy25osti/91951.pdf
NEW HAMPSHIRE,Sullivan,County,33,19,33019.0,G3300190,59,Northern New England,https://www.nlr.gov/docs/fy23osti/86803.pdf,https://www.nlr.gov/docs/fy25osti/91958.pdf
NEW JERSEY,Atlantic,County,34,1,34001.0,G3400010,39,the Washington DC to Philadelphia Area,https://www.nlr.gov/docs/fy23osti/86785.pdf,https://www.nlr.gov/docs/fy25osti/91940.pdf
NEW JERSEY,Bergen,County,34,3,34003.0,G3400030,54,the Greater New York City Area,https://www.nlr.gov/docs/fy23osti/86798.pdf,https://www.nlr.gov/docs/fy25osti/91953.pdf
NEW JERSEY,Burlington,County,34,5,34005.0,G3400050,39,the Washington DC to Philadelphia Area,https://www.nlr.gov/docs/fy23osti/86785.pdf,https://www.nlr.gov/docs/fy25osti/91940.pdf
NEW JERSEY,Camden,County,34,7,34007.0,G3400070,39,the Washington DC to Philadelphia Area,https://www.nlr.gov/docs/fy23osti/86785.pdf,https://www.nlr.gov/docs/fy25osti/91940.pdf
NEW JERSEY,Cape May,County,34,9,34009.0,G3400090,39,the Washington DC to Philadelphia Area,https://www.nlr.gov/docs/fy23osti/86785.pdf,https://www.nlr.gov/docs/fy25osti/91940.pdf
NEW JERSEY,Cumberland,County,34,11,34011.0,G3400110,39,the Washington DC to Philadelphia Area,https://www.nlr.gov/docs/fy23osti/86785.pdf,https://www.nlr.gov/docs/fy25osti/91940.pdf
NEW JERSEY,Essex,County,34,13,34013.0,G3400130,54,the Greater New York City Area,https://www.nlr.gov/docs/fy23osti/86798.pdf,https://www.nlr.gov/docs/fy25osti/91953.pdf
NEW JERSEY,Gloucester,County,34,15,34015.0,G3400150,39,the Washington DC to Philadelphia Area,https://www.nlr.gov/docs/fy23osti/86785.pdf,https://www.nlr.gov/docs/fy25osti/91940.pdf
NEW JERSEY,Hudson,County,34,17,34017.0,G3400170,54,the Greater New York City Area,https://www.nlr.gov/docs/fy23osti/86798.pdf,https://www.nlr.gov/docs/fy25osti/91953.pdf
NEW JERSEY,Hunterdon,County,34,19,34019.0,G3400190,54,the Greater New York City Area,https://www.nlr.gov/docs/fy23osti/86798.pdf,https://www.nlr.gov/docs/fy25osti/91953.pdf
NEW JERSEY,Mercer,County,34,21,34021.0,G3400210,39,the Washington DC to Philadelphia Area,https://www.nlr.gov/docs/fy23osti/86785.pdf,https://www.nlr.gov/docs/fy25osti/91940.pdf
NEW JERSEY,Middlesex,County,34,23,34023.0,G3400230,54,the Greater New York City Area,https://www.nlr.gov/docs/fy23osti/86798.pdf,https://www.nlr.gov/docs/fy25osti/91953.pdf
NEW JERSEY,Monmouth,County,34,25,34025.0,G3400250,54,the Greater New York City Area,https://www.nlr.gov/docs/fy23osti/86798.pdf,https://www.nlr.gov/docs/fy25osti/91953.pdf
NEW JERSEY,Morris,County,34,27,34027.0,G3400270,54,the Greater New York City Area,https://www.nlr.gov/docs/fy23osti/86798.pdf,https://www.nlr.gov/docs/fy25osti/91953.pdf
NEW JERSEY,Ocean,County,34,29,34029.0,G3400290,54,the Greater New York City Area,https://www.nlr.gov/docs/fy23osti/86798.pdf,https://www.nlr.gov/docs/fy25osti/91953.pdf
NEW JERSEY,Passaic,County,34,31,34031.0,G3400310,54,the Greater New York City Area,https://www.nlr.gov/docs/fy23osti/86798.pdf,https://www.nlr.gov/docs/fy25osti/91953.pdf
NEW JERSEY,Salem,County,34,33,34033.0,G3400330,39,the Washington DC to Philadelphia Area,https://www.nlr.gov/docs/fy23osti/86785.pdf,https://www.nlr.gov/docs/fy25osti/91940.pdf
NEW JERSEY,Somerset,County,34,35,34035.0,G3400350,54,the Greater New York City Area,https://www.nlr.gov/docs/fy23osti/86798.pdf,https://www.nlr.gov/docs/fy25osti/91953.pdf
NEW JERSEY,Sussex,County,34,37,34037.0,G3400370,54,the Greater New York City Area,https://www.nlr.gov/docs/fy23osti/86798.pdf,https://www.nlr.gov/docs/fy25osti/91953.pdf
NEW JERSEY,Union,County,34,39,34039.0,G3400390,54,the Greater New York City Area,https://www.nlr.gov/docs/fy23osti/86798.pdf,https://www.nlr.gov/docs/fy25osti/91953.pdf
NEW JERSEY,Warren,County,34,41,34041.0,G3400410,39,the Washington DC to Philadelphia Area,https://www.nlr.gov/docs/fy23osti/86785.pdf,https://www.nlr.gov/docs/fy25osti/91940.pdf
NEW MEXICO,Bernalillo,County,35,1,35001.0,G3500010,19,the Albuquerque-Santa Fe Area,https://www.nlr.gov/docs/fy23osti/86765.pdf,https://www.nlr.gov/docs/fy25osti/91920.pdf
NEW MEXICO,Catron,County,35,3,35003.0,G3500030,31,Rural Mountain West,https://www.nlr.gov/docs/fy23osti/86777.pdf,https://www.nlr.gov/docs/fy25osti/91932.pdf
NEW MEXICO,Chaves,County,35,5,35005.0,G3500050,38,Rural West Texas and Oklahoma and Southern New Mexico,https://www.nlr.gov/docs/fy23osti/86784.pdf,https://www.nlr.gov/docs/fy25osti/91939.pdf
NEW MEXICO,Cibola,County,35,6,35006.0,G3500060,49,Rural Counties in the Southwest,https://www.nlr.gov/docs/fy23osti/86793.pdf,https://www.nlr.gov/docs/fy25osti/91948.pdf
NEW MEXICO,Colfax,County,35,7,35007.0,G3500070,31,Rural Mountain West,https://www.nlr.gov/docs/fy23osti/86777.pdf,https://www.nlr.gov/docs/fy25osti/91932.pdf
NEW MEXICO,Curry,County,35,9,35009.0,G3500090,49,Rural Counties in the Southwest,https://www.nlr.gov/docs/fy23osti/86793.pdf,https://www.nlr.gov/docs/fy25osti/91948.pdf
NEW MEXICO,De Baca,County,35,11,35011.0,G3500110,49,Rural Counties in the Southwest,https://www.nlr.gov/docs/fy23osti/86793.pdf,https://www.nlr.gov/docs/fy25osti/91948.pdf
NEW MEXICO,Doña Ana,County,35,13,35013.0,G3500130,25,the El Paso-Las Cruces Area,https://www.nlr.gov/docs/fy23osti/86771.pdf,https://www.nlr.gov/docs/fy25osti/91926.pdf
NEW MEXICO,Eddy,County,35,15,35015.0,G3500150,38,Rural West Texas and Oklahoma and Southern New Mexico,https://www.nlr.gov/docs/fy23osti/86784.pdf,https://www.nlr.gov/docs/fy25osti/91939.pdf
NEW MEXICO,Grant,County,35,17,35017.0,G3500170,49,Rural Counties in the Southwest,https://www.nlr.gov/docs/fy23osti/86793.pdf,https://www.nlr.gov/docs/fy25osti/91948.pdf
NEW MEXICO,Guadalupe,County,35,19,35019.0,G3500190,49,Rural Counties in the Southwest,https://www.nlr.gov/docs/fy23osti/86793.pdf,https://www.nlr.gov/docs/fy25osti/91948.pdf
NEW MEXICO,Harding,County,35,21,35021.0,G3500210,31,Rural Mountain West,https://www.nlr.gov/docs/fy23osti/86777.pdf,https://www.nlr.gov/docs/fy25osti/91932.pdf
NEW MEXICO,Hidalgo,County,35,23,35023.0,G3500230,49,Rural Counties in the Southwest,https://www.nlr.gov/docs/fy23osti/86793.pdf,https://www.nlr.gov/docs/fy25osti/91948.pdf
NEW MEXICO,Lea,County,35,25,35025.0,G3500250,38,Rural West Texas and Oklahoma and Southern New Mexico,https://www.nlr.gov/docs/fy23osti/86784.pdf,https://www.nlr.gov/docs/fy25osti/91939.pdf
NEW MEXICO,Lincoln,County,35,27,35027.0,G3500270,49,Rural Counties in the Southwest,https://www.nlr.gov/docs/fy23osti/86793.pdf,https://www.nlr.gov/docs/fy25osti/91948.pdf
NEW MEXICO,Los Alamos,County,35,28,35028.0,G3500280,31,Rural Mountain West,https://www.nlr.gov/docs/fy23osti/86777.pdf,https://www.nlr.gov/docs/fy25osti/91932.pdf
NEW MEXICO,Luna,County,35,29,35029.0,G3500290,49,Rural Counties in the Southwest,https://www.nlr.gov/docs/fy23osti/86793.pdf,https://www.nlr.gov/docs/fy25osti/91948.pdf
NEW MEXICO,McKinley,County,35,31,35031.0,G3500310,31,Rural Mountain West,https://www.nlr.gov/docs/fy23osti/86777.pdf,https://www.nlr.gov/docs/fy25osti/91932.pdf
NEW MEXICO,Mora,County,35,33,35033.0,G3500330,31,Rural Mountain West,https://www.nlr.gov/docs/fy23osti/86777.pdf,https://www.nlr.gov/docs/fy25osti/91932.pdf
NEW MEXICO,Otero,County,35,35,35035.0,G3500350,38,Rural West Texas and Oklahoma and Southern New Mexico,https://www.nlr.gov/docs/fy23osti/86784.pdf,https://www.nlr.gov/docs/fy25osti/91939.pdf
NEW MEXICO,Quay,County,35,37,35037.0,G3500370,49,Rural Counties in the Southwest,https://www.nlr.gov/docs/fy23osti/86793.pdf,https://www.nlr.gov/docs/fy25osti/91948.pdf
NEW MEXICO,Rio Arriba,County,35,39,35039.0,G3500390,31,Rural Mountain West,https://www.nlr.gov/docs/fy23osti/86777.pdf,https://www.nlr.gov/docs/fy25osti/91932.pdf
NEW MEXICO,Roosevelt,County,35,41,35041.0,G3500410,49,Rural Counties in the Southwest,https://www.nlr.gov/docs/fy23osti/86793.pdf,https://www.nlr.gov/docs/fy25osti/91948.pdf
NEW MEXICO,San Juan,County,35,45,35045.0,G3500450,19,the Albuquerque-Santa Fe Area,https://www.nlr.gov/docs/fy23osti/86765.pdf,https://www.nlr.gov/docs/fy25osti/91920.pdf
NEW MEXICO,San Miguel,County,35,47,35047.0,G3500470,31,Rural Mountain West,https://www.nlr.gov/docs/fy23osti/86777.pdf,https://www.nlr.gov/docs/fy25osti/91932.pdf
NEW MEXICO,Sandoval,County,35,43,35043.0,G3500430,19,the Albuquerque-Santa Fe Area,https://www.nlr.gov/docs/fy23osti/86765.pdf,https://www.nlr.gov/docs/fy25osti/91920.pdf
NEW MEXICO,Santa Fe,County,35,49,35049.0,G3500490,19,the Albuquerque-Santa Fe Area,https://www.nlr.gov/docs/fy23osti/86765.pdf,https://www.nlr.gov/docs/fy25osti/91920.pdf
NEW MEXICO,Sierra,County,35,51,35051.0,G3500510,49,Rural Counties in the Southwest,https://www.nlr.gov/docs/fy23osti/86793.pdf,https://www.nlr.gov/docs/fy25osti/91948.pdf
NEW MEXICO,Socorro,County,35,53,35053.0,G3500530,49,Rural Counties in the Southwest,https://www.nlr.gov/docs/fy23osti/86793.pdf,https://www.nlr.gov/docs/fy25osti/91948.pdf
NEW MEXICO,Taos,County,35,55,35055.0,G3500550,31,Rural Mountain West,https://www.nlr.gov/docs/fy23osti/86777.pdf,https://www.nlr.gov/docs/fy25osti/91932.pdf
NEW MEXICO,Torrance,County,35,57,35057.0,G3500570,19,the Albuquerque-Santa Fe Area,https://www.nlr.gov/docs/fy23osti/86765.pdf,https://www.nlr.gov/docs/fy25osti/91920.pdf
NEW MEXICO,Union,County,35,59,35059.0,G3500590,49,Rural Counties in the Southwest,https://www.nlr.gov/docs/fy23osti/86793.pdf,https://www.nlr.gov/docs/fy25osti/91948.pdf
NEW MEXICO,Valencia,County,35,61,35061.0,G3500610,19,the Albuquerque-Santa Fe Area,https://www.nlr.gov/docs/fy23osti/86765.pdf,https://www.nlr.gov/docs/fy25osti/91920.pdf
NEW YORK,Albany,County,36,1,36001.0,G3600010,48,Northern New York,https://www.nlr.gov/docs/fy23osti/86792.pdf,https://www.nlr.gov/docs/fy25osti/91947.pdf
NEW YORK,Allegany,County,36,3,36003.0,G3600030,59,Northern New England,https://www.nlr.gov/docs/fy23osti/86803.pdf,https://www.nlr.gov/docs/fy25osti/91958.pdf
NEW YORK,Bronx,County,36,5,36005.0,G3600050,54,the Greater New York City Area,https://www.nlr.gov/docs/fy23osti/86798.pdf,https://www.nlr.gov/docs/fy25osti/91953.pdf
NEW YORK,Broome,County,36,7,36007.0,G3600070,79,Small Urban Northern New York Areas,https://www.nlr.gov/docs/fy23osti/86822.pdf,https://www.nlr.gov/docs/fy25osti/91976.pdf
NEW YORK,Cattaraugus,County,36,9,36009.0,G3600090,59,Northern New England,https://www.nlr.gov/docs/fy23osti/86803.pdf,https://www.nlr.gov/docs/fy25osti/91958.pdf
NEW YORK,Cayuga,County,36,11,36011.0,G3600110,59,Northern New England,https://www.nlr.gov/docs/fy23osti/86803.pdf,https://www.nlr.gov/docs/fy25osti/91958.pdf
NEW YORK,Chautauqua,County,36,13,36013.0,G3600130,2,"Northwestern PA, Ashtabula and Chautauqua Counties",https://www.nlr.gov/docs/fy23osti/86755.pdf,https://www.nlr.gov/docs/fy25osti/91910.pdf
NEW YORK,Chemung,County,36,15,36015.0,G3600150,79,Small Urban Northern New York Areas,https://www.nlr.gov/docs/fy23osti/86822.pdf,https://www.nlr.gov/docs/fy25osti/91976.pdf
NEW YORK,Chenango,County,36,17,36017.0,G3600170,59,Northern New England,https://www.nlr.gov/docs/fy23osti/86803.pdf,https://www.nlr.gov/docs/fy25osti/91958.pdf
NEW YORK,Clinton,County,36,19,36019.0,G3600190,59,Northern New England,https://www.nlr.gov/docs/fy23osti/86803.pdf,https://www.nlr.gov/docs/fy25osti/91958.pdf
NEW YORK,Columbia,County,36,21,36021.0,G3600210,59,Northern New England,https://www.nlr.gov/docs/fy23osti/86803.pdf,https://www.nlr.gov/docs/fy25osti/91958.pdf
NEW YORK,Cortland,County,36,23,36023.0,G3600230,59,Northern New England,https://www.nlr.gov/docs/fy23osti/86803.pdf,https://www.nlr.gov/docs/fy25osti/91958.pdf
NEW YORK,Delaware,County,36,25,36025.0,G3600250,59,Northern New England,https://www.nlr.gov/docs/fy23osti/86803.pdf,https://www.nlr.gov/docs/fy25osti/91958.pdf
NEW YORK,Dutchess,County,36,27,36027.0,G3600270,52,Southern New England,https://www.nlr.gov/docs/fy23osti/86796.pdf,https://www.nlr.gov/docs/fy25osti/91951.pdf
NEW YORK,Erie,County,36,29,36029.0,G3600290,15,"the Rochester-Buffalo and Erie, PA Area",https://www.nlr.gov/docs/fy23osti/86761.pdf,https://www.nlr.gov/docs/fy25osti/91916.pdf
NEW YORK,Essex,County,36,31,36031.0,G3600310,59,Northern New England,https://www.nlr.gov/docs/fy23osti/86803.pdf,https://www.nlr.gov/docs/fy25osti/91958.pdf
NEW YORK,Franklin,County,36,33,36033.0,G3600330,59,Northern New England,https://www.nlr.gov/docs/fy23osti/86803.pdf,https://www.nlr.gov/docs/fy25osti/91958.pdf
NEW YORK,Fulton,County,36,35,36035.0,G3600350,59,Northern New England,https://www.nlr.gov/docs/fy23osti/86803.pdf,https://www.nlr.gov/docs/fy25osti/91958.pdf
NEW YORK,Genesee,County,36,37,36037.0,G3600370,15,"the Rochester-Buffalo and Erie, PA Area",https://www.nlr.gov/docs/fy23osti/86761.pdf,https://www.nlr.gov/docs/fy25osti/91916.pdf
NEW YORK,Greene,County,36,39,36039.0,G3600390,59,Northern New England,https://www.nlr.gov/docs/fy23osti/86803.pdf,https://www.nlr.gov/docs/fy25osti/91958.pdf
NEW YORK,Hamilton,County,36,41,36041.0,G3600410,59,Northern New England,https://www.nlr.gov/docs/fy23osti/86803.pdf,https://www.nlr.gov/docs/fy25osti/91958.pdf
NEW YORK,Herkimer,County,36,43,36043.0,G3600430,79,Small Urban Northern New York Areas,https://www.nlr.gov/docs/fy23osti/86822.pdf,https://www.nlr.gov/docs/fy25osti/91976.pdf
NEW YORK,Jefferson,County,36,45,36045.0,G3600450,79,Small Urban Northern New York Areas,https://www.nlr.gov/docs/fy23osti/86822.pdf,https://www.nlr.gov/docs/fy25osti/91976.pdf
NEW YORK,Kings,County,36,47,36047.0,G3600470,54,the Greater New York City Area,https://www.nlr.gov/docs/fy23osti/86798.pdf,https://www.nlr.gov/docs/fy25osti/91953.pdf
NEW YORK,Lewis,County,36,49,36049.0,G3600490,59,Northern New England,https://www.nlr.gov/docs/fy23osti/86803.pdf,https://www.nlr.gov/docs/fy25osti/91958.pdf
NEW YORK,Livingston,County,36,51,36051.0,G3600510,15,"the Rochester-Buffalo and Erie, PA Area",https://www.nlr.gov/docs/fy23osti/86761.pdf,https://www.nlr.gov/docs/fy25osti/91916.pdf
NEW YORK,Madison,County,36,53,36053.0,G3600530,79,Small Urban Northern New York Areas,https://www.nlr.gov/docs/fy23osti/86822.pdf,https://www.nlr.gov/docs/fy25osti/91976.pdf
NEW YORK,Monroe,County,36,55,36055.0,G3600550,15,"the Rochester-Buffalo and Erie, PA Area",https://www.nlr.gov/docs/fy23osti/86761.pdf,https://www.nlr.gov/docs/fy25osti/91916.pdf
NEW YORK,Montgomery,County,36,57,36057.0,G3600570,59,Northern New England,https://www.nlr.gov/docs/fy23osti/86803.pdf,https://www.nlr.gov/docs/fy25osti/91958.pdf
NEW YORK,Nassau,County,36,59,36059.0,G3600590,54,the Greater New York City Area,https://www.nlr.gov/docs/fy23osti/86798.pdf,https://www.nlr.gov/docs/fy25osti/91953.pdf
NEW YORK,New York,County,36,61,36061.0,G3600610,54,the Greater New York City Area,https://www.nlr.gov/docs/fy23osti/86798.pdf,https://www.nlr.gov/docs/fy25osti/91953.pdf
NEW YORK,Niagara,County,36,63,36063.0,G3600630,15,"the Rochester-Buffalo and Erie, PA Area",https://www.nlr.gov/docs/fy23osti/86761.pdf,https://www.nlr.gov/docs/fy25osti/91916.pdf
NEW YORK,Oneida,County,36,65,36065.0,G3600650,79,Small Urban Northern New York Areas,https://www.nlr.gov/docs/fy23osti/86822.pdf,https://www.nlr.gov/docs/fy25osti/91976.pdf
NEW YORK,Onondaga,County,36,67,36067.0,G3600670,79,Small Urban Northern New York Areas,https://www.nlr.gov/docs/fy23osti/86822.pdf,https://www.nlr.gov/docs/fy25osti/91976.pdf
NEW YORK,Ontario,County,36,69,36069.0,G3600690,15,"the Rochester-Buffalo and Erie, PA Area",https://www.nlr.gov/docs/fy23osti/86761.pdf,https://www.nlr.gov/docs/fy25osti/91916.pdf
NEW YORK,Orange,County,36,71,36071.0,G3600710,52,Southern New England,https://www.nlr.gov/docs/fy23osti/86796.pdf,https://www.nlr.gov/docs/fy25osti/91951.pdf
NEW YORK,Orleans,County,36,73,36073.0,G3600730,15,"the Rochester-Buffalo and Erie, PA Area",https://www.nlr.gov/docs/fy23osti/86761.pdf,https://www.nlr.gov/docs/fy25osti/91916.pdf
NEW YORK,Oswego,County,36,75,36075.0,G3600750,79,Small Urban Northern New York Areas,https://www.nlr.gov/docs/fy23osti/86822.pdf,https://www.nlr.gov/docs/fy25osti/91976.pdf
NEW YORK,Otsego,County,36,77,36077.0,G3600770,59,Northern New England,https://www.nlr.gov/docs/fy23osti/86803.pdf,https://www.nlr.gov/docs/fy25osti/91958.pdf
NEW YORK,Putnam,County,36,79,36079.0,G3600790,54,the Greater New York City Area,https://www.nlr.gov/docs/fy23osti/86798.pdf,https://www.nlr.gov/docs/fy25osti/91953.pdf
NEW YORK,Queens,County,36,81,36081.0,G3600810,54,the Greater New York City Area,https://www.nlr.gov/docs/fy23osti/86798.pdf,https://www.nlr.gov/docs/fy25osti/91953.pdf
NEW YORK,Rensselaer,County,36,83,36083.0,G3600830,48,Northern New York,https://www.nlr.gov/docs/fy23osti/86792.pdf,https://www.nlr.gov/docs/fy25osti/91947.pdf
NEW YORK,Richmond,County,36,85,36085.0,G3600850,54,the Greater New York City Area,https://www.nlr.gov/docs/fy23osti/86798.pdf,https://www.nlr.gov/docs/fy25osti/91953.pdf
NEW YORK,Rockland,County,36,87,36087.0,G3600870,54,the Greater New York City Area,https://www.nlr.gov/docs/fy23osti/86798.pdf,https://www.nlr.gov/docs/fy25osti/91953.pdf
NEW YORK,Saratoga,County,36,91,36091.0,G3600910,48,Northern New York,https://www.nlr.gov/docs/fy23osti/86792.pdf,https://www.nlr.gov/docs/fy25osti/91947.pdf
NEW YORK,Schenectady,County,36,93,36093.0,G3600930,48,Northern New York,https://www.nlr.gov/docs/fy23osti/86792.pdf,https://www.nlr.gov/docs/fy25osti/91947.pdf
NEW YORK,Schoharie,County,36,95,36095.0,G3600950,48,Northern New York,https://www.nlr.gov/docs/fy23osti/86792.pdf,https://www.nlr.gov/docs/fy25osti/91947.pdf
NEW YORK,Schuyler,County,36,97,36097.0,G3600970,59,Northern New England,https://www.nlr.gov/docs/fy23osti/86803.pdf,https://www.nlr.gov/docs/fy25osti/91958.pdf
NEW YORK,Seneca,County,36,99,36099.0,G3600990,59,Northern New England,https://www.nlr.gov/docs/fy23osti/86803.pdf,https://www.nlr.gov/docs/fy25osti/91958.pdf
NEW YORK,St. Lawrence,County,36,89,36089.0,G3600890,59,Northern New England,https://www.nlr.gov/docs/fy23osti/86803.pdf,https://www.nlr.gov/docs/fy25osti/91958.pdf
NEW YORK,Steuben,County,36,101,36101.0,G3601010,59,Northern New England,https://www.nlr.gov/docs/fy23osti/86803.pdf,https://www.nlr.gov/docs/fy25osti/91958.pdf
NEW YORK,Suffolk,County,36,103,36103.0,G3601030,54,the Greater New York City Area,https://www.nlr.gov/docs/fy23osti/86798.pdf,https://www.nlr.gov/docs/fy25osti/91953.pdf
NEW YORK,Sullivan,County,36,105,36105.0,G3601050,59,Northern New England,https://www.nlr.gov/docs/fy23osti/86803.pdf,https://www.nlr.gov/docs/fy25osti/91958.pdf
NEW YORK,Tioga,County,36,107,36107.0,G3601070,79,Small Urban Northern New York Areas,https://www.nlr.gov/docs/fy23osti/86822.pdf,https://www.nlr.gov/docs/fy25osti/91976.pdf
NEW YORK,Tompkins,County,36,109,36109.0,G3601090,79,Small Urban Northern New York Areas,https://www.nlr.gov/docs/fy23osti/86822.pdf,https://www.nlr.gov/docs/fy25osti/91976.pdf
NEW YORK,Ulster,County,36,111,36111.0,G3601110,52,Southern New England,https://www.nlr.gov/docs/fy23osti/86796.pdf,https://www.nlr.gov/docs/fy25osti/91951.pdf
NEW YORK,Warren,County,36,113,36113.0,G3601130,48,Northern New York,https://www.nlr.gov/docs/fy23osti/86792.pdf,https://www.nlr.gov/docs/fy25osti/91947.pdf
NEW YORK,Washington,County,36,115,36115.0,G3601150,48,Northern New York,https://www.nlr.gov/docs/fy23osti/86792.pdf,https://www.nlr.gov/docs/fy25osti/91947.pdf
NEW YORK,Wayne,County,36,117,36117.0,G3601170,15,"the Rochester-Buffalo and Erie, PA Area",https://www.nlr.gov/docs/fy23osti/86761.pdf,https://www.nlr.gov/docs/fy25osti/91916.pdf
NEW YORK,Westchester,County,36,119,36119.0,G3601190,54,the Greater New York City Area,https://www.nlr.gov/docs/fy23osti/86798.pdf,https://www.nlr.gov/docs/fy25osti/91953.pdf
NEW YORK,Wyoming,County,36,121,36121.0,G3601210,59,Northern New England,https://www.nlr.gov/docs/fy23osti/86803.pdf,https://www.nlr.gov/docs/fy25osti/91958.pdf
NEW YORK,Yates,County,36,123,36123.0,G3601230,15,"the Rochester-Buffalo and Erie, PA Area",https://www.nlr.gov/docs/fy23osti/86761.pdf,https://www.nlr.gov/docs/fy25osti/91916.pdf
NORTH CAROLINA,Alamance,County,37,1,37001.0,G3700010,28,Counties in North Carolina and South Carolina,https://www.nlr.gov/docs/fy23osti/86774.pdf,https://www.nlr.gov/docs/fy25osti/91929.pdf
NORTH CAROLINA,Alexander,County,37,3,37003.0,G3700030,28,Counties in North Carolina and South Carolina,https://www.nlr.gov/docs/fy23osti/86774.pdf,https://www.nlr.gov/docs/fy25osti/91929.pdf
NORTH CAROLINA,Alleghany,County,37,5,37005.0,G3700050,33,Rural Lower Plains-Upper South Appalachia,https://www.nlr.gov/docs/fy23osti/86779.pdf,https://www.nlr.gov/docs/fy25osti/91934.pdf
NORTH CAROLINA,Anson,County,37,7,37007.0,G3700070,28,Counties in North Carolina and South Carolina,https://www.nlr.gov/docs/fy23osti/86774.pdf,https://www.nlr.gov/docs/fy25osti/91929.pdf
NORTH CAROLINA,Ashe,County,37,9,37009.0,G3700090,33,Rural Lower Plains-Upper South Appalachia,https://www.nlr.gov/docs/fy23osti/86779.pdf,https://www.nlr.gov/docs/fy25osti/91934.pdf
NORTH CAROLINA,Avery,County,37,11,37011.0,G3700110,33,Rural Lower Plains-Upper South Appalachia,https://www.nlr.gov/docs/fy23osti/86779.pdf,https://www.nlr.gov/docs/fy25osti/91934.pdf
NORTH CAROLINA,Beaufort,County,37,13,37013.0,G3700130,44,Rural North and South Carolina Counties,https://www.nlr.gov/docs/fy23osti/86789.pdf,https://www.nlr.gov/docs/fy25osti/91944.pdf
NORTH CAROLINA,Bertie,County,37,15,37015.0,G3700150,33,Rural Lower Plains-Upper South Appalachia,https://www.nlr.gov/docs/fy23osti/86779.pdf,https://www.nlr.gov/docs/fy25osti/91934.pdf
NORTH CAROLINA,Bladen,County,37,17,37017.0,G3700170,44,Rural North and South Carolina Counties,https://www.nlr.gov/docs/fy23osti/86789.pdf,https://www.nlr.gov/docs/fy25osti/91944.pdf
NORTH CAROLINA,Brunswick,County,37,19,37019.0,G3700190,28,Counties in North Carolina and South Carolina,https://www.nlr.gov/docs/fy23osti/86774.pdf,https://www.nlr.gov/docs/fy25osti/91929.pdf
NORTH CAROLINA,Buncombe,County,37,21,37021.0,G3700210,18,"the Knoxville-Chattanooga-Asheville and Greenville, SC Area",https://www.nlr.gov/docs/fy23osti/86764.pdf,https://www.nlr.gov/docs/fy25osti/91919.pdf
NORTH CAROLINA,Burke,County,37,23,37023.0,G3700230,28,Counties in North Carolina and South Carolina,https://www.nlr.gov/docs/fy23osti/86774.pdf,https://www.nlr.gov/docs/fy25osti/91929.pdf
NORTH CAROLINA,Cabarrus,County,37,25,37025.0,G3700250,28,Counties in North Carolina and South Carolina,https://www.nlr.gov/docs/fy23osti/86774.pdf,https://www.nlr.gov/docs/fy25osti/91929.pdf
NORTH CAROLINA,Caldwell,County,37,27,37027.0,G3700270,28,Counties in North Carolina and South Carolina,https://www.nlr.gov/docs/fy23osti/86774.pdf,https://www.nlr.gov/docs/fy25osti/91929.pdf
NORTH CAROLINA,Camden,County,37,29,37029.0,G3700290,22,the Greater Central Virginia and Eastern Shore Area,https://www.nlr.gov/docs/fy23osti/86768.pdf,https://www.nlr.gov/docs/fy25osti/91923.pdf
NORTH CAROLINA,Carteret,County,37,31,37031.0,G3700310,44,Rural North and South Carolina Counties,https://www.nlr.gov/docs/fy23osti/86789.pdf,https://www.nlr.gov/docs/fy25osti/91944.pdf
NORTH CAROLINA,Caswell,County,37,33,37033.0,G3700330,33,Rural Lower Plains-Upper South Appalachia,https://www.nlr.gov/docs/fy23osti/86779.pdf,https://www.nlr.gov/docs/fy25osti/91934.pdf
NORTH CAROLINA,Catawba,County,37,35,37035.0,G3700350,28,Counties in North Carolina and South Carolina,https://www.nlr.gov/docs/fy23osti/86774.pdf,https://www.nlr.gov/docs/fy25osti/91929.pdf
NORTH CAROLINA,Chatham,County,37,37,37037.0,G3700370,28,Counties in North Carolina and South Carolina,https://www.nlr.gov/docs/fy23osti/86774.pdf,https://www.nlr.gov/docs/fy25osti/91929.pdf
NORTH CAROLINA,Cherokee,County,37,39,37039.0,G3700390,33,Rural Lower Plains-Upper South Appalachia,https://www.nlr.gov/docs/fy23osti/86779.pdf,https://www.nlr.gov/docs/fy25osti/91934.pdf
NORTH CAROLINA,Chowan,County,37,41,37041.0,G3700410,44,Rural North and South Carolina Counties,https://www.nlr.gov/docs/fy23osti/86789.pdf,https://www.nlr.gov/docs/fy25osti/91944.pdf
NORTH CAROLINA,Clay,County,37,43,37043.0,G3700430,33,Rural Lower Plains-Upper South Appalachia,https://www.nlr.gov/docs/fy23osti/86779.pdf,https://www.nlr.gov/docs/fy25osti/91934.pdf
NORTH CAROLINA,Cleveland,County,37,45,37045.0,G3700450,33,Rural Lower Plains-Upper South Appalachia,https://www.nlr.gov/docs/fy23osti/86779.pdf,https://www.nlr.gov/docs/fy25osti/91934.pdf
NORTH CAROLINA,Columbus,County,37,47,37047.0,G3700470,44,Rural North and South Carolina Counties,https://www.nlr.gov/docs/fy23osti/86789.pdf,https://www.nlr.gov/docs/fy25osti/91944.pdf
NORTH CAROLINA,Craven,County,37,49,37049.0,G3700490,28,Counties in North Carolina and South Carolina,https://www.nlr.gov/docs/fy23osti/86774.pdf,https://www.nlr.gov/docs/fy25osti/91929.pdf
NORTH CAROLINA,Cumberland,County,37,51,37051.0,G3700510,28,Counties in North Carolina and South Carolina,https://www.nlr.gov/docs/fy23osti/86774.pdf,https://www.nlr.gov/docs/fy25osti/91929.pdf
NORTH CAROLINA,Currituck,County,37,53,37053.0,G3700530,22,the Greater Central Virginia and Eastern Shore Area,https://www.nlr.gov/docs/fy23osti/86768.pdf,https://www.nlr.gov/docs/fy25osti/91923.pdf
NORTH CAROLINA,Dare,County,37,55,37055.0,G3700550,44,Rural North and South Carolina Counties,https://www.nlr.gov/docs/fy23osti/86789.pdf,https://www.nlr.gov/docs/fy25osti/91944.pdf
NORTH CAROLINA,Davidson,County,37,57,37057.0,G3700570,28,Counties in North Carolina and South Carolina,https://www.nlr.gov/docs/fy23osti/86774.pdf,https://www.nlr.gov/docs/fy25osti/91929.pdf
NORTH CAROLINA,Davie,County,37,59,37059.0,G3700590,28,Counties in North Carolina and South Carolina,https://www.nlr.gov/docs/fy23osti/86774.pdf,https://www.nlr.gov/docs/fy25osti/91929.pdf
NORTH CAROLINA,Duplin,County,37,61,37061.0,G3700610,44,Rural North and South Carolina Counties,https://www.nlr.gov/docs/fy23osti/86789.pdf,https://www.nlr.gov/docs/fy25osti/91944.pdf
NORTH CAROLINA,Durham,County,37,63,37063.0,G3700630,28,Counties in North Carolina and South Carolina,https://www.nlr.gov/docs/fy23osti/86774.pdf,https://www.nlr.gov/docs/fy25osti/91929.pdf
NORTH CAROLINA,Edgecombe,County,37,65,37065.0,G3700650,28,Counties in North Carolina and South Carolina,https://www.nlr.gov/docs/fy23osti/86774.pdf,https://www.nlr.gov/docs/fy25osti/91929.pdf
NORTH CAROLINA,Forsyth,County,37,67,37067.0,G3700670,28,Counties in North Carolina and South Carolina,https://www.nlr.gov/docs/fy23osti/86774.pdf,https://www.nlr.gov/docs/fy25osti/91929.pdf
NORTH CAROLINA,Franklin,County,37,69,37069.0,G3700690,28,Counties in North Carolina and South Carolina,https://www.nlr.gov/docs/fy23osti/86774.pdf,https://www.nlr.gov/docs/fy25osti/91929.pdf
NORTH CAROLINA,Gaston,County,37,71,37071.0,G3700710,28,Counties in North Carolina and South Carolina,https://www.nlr.gov/docs/fy23osti/86774.pdf,https://www.nlr.gov/docs/fy25osti/91929.pdf
NORTH CAROLINA,Gates,County,37,73,37073.0,G3700730,22,the Greater Central Virginia and Eastern Shore Area,https://www.nlr.gov/docs/fy23osti/86768.pdf,https://www.nlr.gov/docs/fy25osti/91923.pdf
NORTH CAROLINA,Graham,County,37,75,37075.0,G3700750,33,Rural Lower Plains-Upper South Appalachia,https://www.nlr.gov/docs/fy23osti/86779.pdf,https://www.nlr.gov/docs/fy25osti/91934.pdf
NORTH CAROLINA,Granville,County,37,77,37077.0,G3700770,28,Counties in North Carolina and South Carolina,https://www.nlr.gov/docs/fy23osti/86774.pdf,https://www.nlr.gov/docs/fy25osti/91929.pdf
NORTH CAROLINA,Greene,County,37,79,37079.0,G3700790,44,Rural North and South Carolina Counties,https://www.nlr.gov/docs/fy23osti/86789.pdf,https://www.nlr.gov/docs/fy25osti/91944.pdf
NORTH CAROLINA,Guilford,County,37,81,37081.0,G3700810,28,Counties in North Carolina and South Carolina,https://www.nlr.gov/docs/fy23osti/86774.pdf,https://www.nlr.gov/docs/fy25osti/91929.pdf
NORTH CAROLINA,Halifax,County,37,83,37083.0,G3700830,33,Rural Lower Plains-Upper South Appalachia,https://www.nlr.gov/docs/fy23osti/86779.pdf,https://www.nlr.gov/docs/fy25osti/91934.pdf
NORTH CAROLINA,Harnett,County,37,85,37085.0,G3700850,28,Counties in North Carolina and South Carolina,https://www.nlr.gov/docs/fy23osti/86774.pdf,https://www.nlr.gov/docs/fy25osti/91929.pdf
NORTH CAROLINA,Haywood,County,37,87,37087.0,G3700870,18,"the Knoxville-Chattanooga-Asheville and Greenville, SC Area",https://www.nlr.gov/docs/fy23osti/86764.pdf,https://www.nlr.gov/docs/fy25osti/91919.pdf
NORTH CAROLINA,Henderson,County,37,89,37089.0,G3700890,18,"the Knoxville-Chattanooga-Asheville and Greenville, SC Area",https://www.nlr.gov/docs/fy23osti/86764.pdf,https://www.nlr.gov/docs/fy25osti/91919.pdf
NORTH CAROLINA,Hertford,County,37,91,37091.0,G3700910,33,Rural Lower Plains-Upper South Appalachia,https://www.nlr.gov/docs/fy23osti/86779.pdf,https://www.nlr.gov/docs/fy25osti/91934.pdf
NORTH CAROLINA,Hoke,County,37,93,37093.0,G3700930,28,Counties in North Carolina and South Carolina,https://www.nlr.gov/docs/fy23osti/86774.pdf,https://www.nlr.gov/docs/fy25osti/91929.pdf
NORTH CAROLINA,Hyde,County,37,95,37095.0,G3700950,44,Rural North and South Carolina Counties,https://www.nlr.gov/docs/fy23osti/86789.pdf,https://www.nlr.gov/docs/fy25osti/91944.pdf
NORTH CAROLINA,Iredell,County,37,97,37097.0,G3700970,28,Counties in North Carolina and South Carolina,https://www.nlr.gov/docs/fy23osti/86774.pdf,https://www.nlr.gov/docs/fy25osti/91929.pdf
NORTH CAROLINA,Jackson,County,37,99,37099.0,G3700990,33,Rural Lower Plains-Upper South Appalachia,https://www.nlr.gov/docs/fy23osti/86779.pdf,https://www.nlr.gov/docs/fy25osti/91934.pdf
NORTH CAROLINA,Johnston,County,37,101,37101.0,G3701010,28,Counties in North Carolina and South Carolina,https://www.nlr.gov/docs/fy23osti/86774.pdf,https://www.nlr.gov/docs/fy25osti/91929.pdf
NORTH CAROLINA,Jones,County,37,103,37103.0,G3701030,28,Counties in North Carolina and South Carolina,https://www.nlr.gov/docs/fy23osti/86774.pdf,https://www.nlr.gov/docs/fy25osti/91929.pdf
NORTH CAROLINA,Lee,County,37,105,37105.0,G3701050,44,Rural North and South Carolina Counties,https://www.nlr.gov/docs/fy23osti/86789.pdf,https://www.nlr.gov/docs/fy25osti/91944.pdf
NORTH CAROLINA,Lenoir,County,37,107,37107.0,G3701070,44,Rural North and South Carolina Counties,https://www.nlr.gov/docs/fy23osti/86789.pdf,https://www.nlr.gov/docs/fy25osti/91944.pdf
NORTH CAROLINA,Lincoln,County,37,109,37109.0,G3701090,28,Counties in North Carolina and South Carolina,https://www.nlr.gov/docs/fy23osti/86774.pdf,https://www.nlr.gov/docs/fy25osti/91929.pdf
NORTH CAROLINA,Macon,County,37,113,37113.0,G3701130,33,Rural Lower Plains-Upper South Appalachia,https://www.nlr.gov/docs/fy23osti/86779.pdf,https://www.nlr.gov/docs/fy25osti/91934.pdf
NORTH CAROLINA,Madison,County,37,115,37115.0,G3701150,18,"the Knoxville-Chattanooga-Asheville and Greenville, SC Area",https://www.nlr.gov/docs/fy23osti/86764.pdf,https://www.nlr.gov/docs/fy25osti/91919.pdf
NORTH CAROLINA,Martin,County,37,117,37117.0,G3701170,44,Rural North and South Carolina Counties,https://www.nlr.gov/docs/fy23osti/86789.pdf,https://www.nlr.gov/docs/fy25osti/91944.pdf
NORTH CAROLINA,McDowell,County,37,111,37111.0,G3701110,33,Rural Lower Plains-Upper South Appalachia,https://www.nlr.gov/docs/fy23osti/86779.pdf,https://www.nlr.gov/docs/fy25osti/91934.pdf
NORTH CAROLINA,Mecklenburg,County,37,119,37119.0,G3701190,28,Counties in North Carolina and South Carolina,https://www.nlr.gov/docs/fy23osti/86774.pdf,https://www.nlr.gov/docs/fy25osti/91929.pdf
NORTH CAROLINA,Mitchell,County,37,121,37121.0,G3701210,33,Rural Lower Plains-Upper South Appalachia,https://www.nlr.gov/docs/fy23osti/86779.pdf,https://www.nlr.gov/docs/fy25osti/91934.pdf
NORTH CAROLINA,Montgomery,County,37,123,37123.0,G3701230,44,Rural North and South Carolina Counties,https://www.nlr.gov/docs/fy23osti/86789.pdf,https://www.nlr.gov/docs/fy25osti/91944.pdf
NORTH CAROLINA,Moore,County,37,125,37125.0,G3701250,44,Rural North and South Carolina Counties,https://www.nlr.gov/docs/fy23osti/86789.pdf,https://www.nlr.gov/docs/fy25osti/91944.pdf
NORTH CAROLINA,Nash,County,37,127,37127.0,G3701270,28,Counties in North Carolina and South Carolina,https://www.nlr.gov/docs/fy23osti/86774.pdf,https://www.nlr.gov/docs/fy25osti/91929.pdf
NORTH CAROLINA,New Hanover,County,37,129,37129.0,G3701290,28,Counties in North Carolina and South Carolina,https://www.nlr.gov/docs/fy23osti/86774.pdf,https://www.nlr.gov/docs/fy25osti/91929.pdf
NORTH CAROLINA,Northampton,County,37,131,37131.0,G3701310,33,Rural Lower Plains-Upper South Appalachia,https://www.nlr.gov/docs/fy23osti/86779.pdf,https://www.nlr.gov/docs/fy25osti/91934.pdf
NORTH CAROLINA,Onslow,County,37,133,37133.0,G3701330,28,Counties in North Carolina and South Carolina,https://www.nlr.gov/docs/fy23osti/86774.pdf,https://www.nlr.gov/docs/fy25osti/91929.pdf
NORTH CAROLINA,Orange,County,37,135,37135.0,G3701350,28,Counties in North Carolina and South Carolina,https://www.nlr.gov/docs/fy23osti/86774.pdf,https://www.nlr.gov/docs/fy25osti/91929.pdf
NORTH CAROLINA,Pamlico,County,37,137,37137.0,G3701370,28,Counties in North Carolina and South Carolina,https://www.nlr.gov/docs/fy23osti/86774.pdf,https://www.nlr.gov/docs/fy25osti/91929.pdf
NORTH CAROLINA,Pasquotank,County,37,139,37139.0,G3701390,44,Rural North and South Carolina Counties,https://www.nlr.gov/docs/fy23osti/86789.pdf,https://www.nlr.gov/docs/fy25osti/91944.pdf
NORTH CAROLINA,Pender,County,37,141,37141.0,G3701410,28,Counties in North Carolina and South Carolina,https://www.nlr.gov/docs/fy23osti/86774.pdf,https://www.nlr.gov/docs/fy25osti/91929.pdf
NORTH CAROLINA,Perquimans,County,37,143,37143.0,G3701430,44,Rural North and South Carolina Counties,https://www.nlr.gov/docs/fy23osti/86789.pdf,https://www.nlr.gov/docs/fy25osti/91944.pdf
NORTH CAROLINA,Person,County,37,145,37145.0,G3701450,28,Counties in North Carolina and South Carolina,https://www.nlr.gov/docs/fy23osti/86774.pdf,https://www.nlr.gov/docs/fy25osti/91929.pdf
NORTH CAROLINA,Pitt,County,37,147,37147.0,G3701470,28,Counties in North Carolina and South Carolina,https://www.nlr.gov/docs/fy23osti/86774.pdf,https://www.nlr.gov/docs/fy25osti/91929.pdf
NORTH CAROLINA,Polk,County,37,149,37149.0,G3701490,33,Rural Lower Plains-Upper South Appalachia,https://www.nlr.gov/docs/fy23osti/86779.pdf,https://www.nlr.gov/docs/fy25osti/91934.pdf
NORTH CAROLINA,Randolph,County,37,151,37151.0,G3701510,28,Counties in North Carolina and South Carolina,https://www.nlr.gov/docs/fy23osti/86774.pdf,https://www.nlr.gov/docs/fy25osti/91929.pdf
NORTH CAROLINA,Richmond,County,37,153,37153.0,G3701530,44,Rural North and South Carolina Counties,https://www.nlr.gov/docs/fy23osti/86789.pdf,https://www.nlr.gov/docs/fy25osti/91944.pdf
NORTH CAROLINA,Robeson,County,37,155,37155.0,G3701550,44,Rural North and South Carolina Counties,https://www.nlr.gov/docs/fy23osti/86789.pdf,https://www.nlr.gov/docs/fy25osti/91944.pdf
NORTH CAROLINA,Rockingham,County,37,157,37157.0,G3701570,28,Counties in North Carolina and South Carolina,https://www.nlr.gov/docs/fy23osti/86774.pdf,https://www.nlr.gov/docs/fy25osti/91929.pdf
NORTH CAROLINA,Rowan,County,37,159,37159.0,G3701590,28,Counties in North Carolina and South Carolina,https://www.nlr.gov/docs/fy23osti/86774.pdf,https://www.nlr.gov/docs/fy25osti/91929.pdf
NORTH CAROLINA,Rutherford,County,37,161,37161.0,G3701610,33,Rural Lower Plains-Upper South Appalachia,https://www.nlr.gov/docs/fy23osti/86779.pdf,https://www.nlr.gov/docs/fy25osti/91934.pdf
NORTH CAROLINA,Sampson,County,37,163,37163.0,G3701630,44,Rural North and South Carolina Counties,https://www.nlr.gov/docs/fy23osti/86789.pdf,https://www.nlr.gov/docs/fy25osti/91944.pdf
NORTH CAROLINA,Scotland,County,37,165,37165.0,G3701650,44,Rural North and South Carolina Counties,https://www.nlr.gov/docs/fy23osti/86789.pdf,https://www.nlr.gov/docs/fy25osti/91944.pdf
NORTH CAROLINA,Stanly,County,37,167,37167.0,G3701670,44,Rural North and South Carolina Counties,https://www.nlr.gov/docs/fy23osti/86789.pdf,https://www.nlr.gov/docs/fy25osti/91944.pdf
NORTH CAROLINA,Stokes,County,37,169,37169.0,G3701690,28,Counties in North Carolina and South Carolina,https://www.nlr.gov/docs/fy23osti/86774.pdf,https://www.nlr.gov/docs/fy25osti/91929.pdf
NORTH CAROLINA,Surry,County,37,171,37171.0,G3701710,33,Rural Lower Plains-Upper South Appalachia,https://www.nlr.gov/docs/fy23osti/86779.pdf,https://www.nlr.gov/docs/fy25osti/91934.pdf
NORTH CAROLINA,Swain,County,37,173,37173.0,G3701730,33,Rural Lower Plains-Upper South Appalachia,https://www.nlr.gov/docs/fy23osti/86779.pdf,https://www.nlr.gov/docs/fy25osti/91934.pdf
NORTH CAROLINA,Transylvania,County,37,175,37175.0,G3701750,33,Rural Lower Plains-Upper South Appalachia,https://www.nlr.gov/docs/fy23osti/86779.pdf,https://www.nlr.gov/docs/fy25osti/91934.pdf
NORTH CAROLINA,Tyrrell,County,37,177,37177.0,G3701770,44,Rural North and South Carolina Counties,https://www.nlr.gov/docs/fy23osti/86789.pdf,https://www.nlr.gov/docs/fy25osti/91944.pdf
NORTH CAROLINA,Union,County,37,179,37179.0,G3701790,28,Counties in North Carolina and South Carolina,https://www.nlr.gov/docs/fy23osti/86774.pdf,https://www.nlr.gov/docs/fy25osti/91929.pdf
NORTH CAROLINA,Vance,County,37,181,37181.0,G3701810,33,Rural Lower Plains-Upper South Appalachia,https://www.nlr.gov/docs/fy23osti/86779.pdf,https://www.nlr.gov/docs/fy25osti/91934.pdf
NORTH CAROLINA,Wake,County,37,183,37183.0,G3701830,28,Counties in North Carolina and South Carolina,https://www.nlr.gov/docs/fy23osti/86774.pdf,https://www.nlr.gov/docs/fy25osti/91929.pdf
NORTH CAROLINA,Warren,County,37,185,37185.0,G3701850,33,Rural Lower Plains-Upper South Appalachia,https://www.nlr.gov/docs/fy23osti/86779.pdf,https://www.nlr.gov/docs/fy25osti/91934.pdf
NORTH CAROLINA,Washington,County,37,187,37187.0,G3701870,44,Rural North and South Carolina Counties,https://www.nlr.gov/docs/fy23osti/86789.pdf,https://www.nlr.gov/docs/fy25osti/91944.pdf
NORTH CAROLINA,Watauga,County,37,189,37189.0,G3701890,33,Rural Lower Plains-Upper South Appalachia,https://www.nlr.gov/docs/fy23osti/86779.pdf,https://www.nlr.gov/docs/fy25osti/91934.pdf
NORTH CAROLINA,Wayne,County,37,191,37191.0,G3701910,28,Counties in North Carolina and South Carolina,https://www.nlr.gov/docs/fy23osti/86774.pdf,https://www.nlr.gov/docs/fy25osti/91929.pdf
NORTH CAROLINA,Wilkes,County,37,193,37193.0,G3701930,33,Rural Lower Plains-Upper South Appalachia,https://www.nlr.gov/docs/fy23osti/86779.pdf,https://www.nlr.gov/docs/fy25osti/91934.pdf
NORTH CAROLINA,Wilson,County,37,195,37195.0,G3701950,44,Rural North and South Carolina Counties,https://www.nlr.gov/docs/fy23osti/86789.pdf,https://www.nlr.gov/docs/fy25osti/91944.pdf
NORTH CAROLINA,Yadkin,County,37,197,37197.0,G3701970,28,Counties in North Carolina and South Carolina,https://www.nlr.gov/docs/fy23osti/86774.pdf,https://www.nlr.gov/docs/fy25osti/91929.pdf
NORTH CAROLINA,Yancey,County,37,199,37199.0,G3701990,33,Rural Lower Plains-Upper South Appalachia,https://www.nlr.gov/docs/fy23osti/86779.pdf,https://www.nlr.gov/docs/fy25osti/91934.pdf
NORTH DAKOTA,Adams,County,38,1,38001.0,G3800010,43,Rural Midwest Climate Zone 6A,https://www.nlr.gov/docs/fy23osti/86788.pdf,https://www.nlr.gov/docs/fy25osti/91943.pdf
NORTH DAKOTA,Barnes,County,38,3,38003.0,G3800030,72,Rural Midwest North,https://www.nlr.gov/docs/fy23osti/86814.pdf,https://www.nlr.gov/docs/fy25osti/91969.pdf
NORTH DAKOTA,Benson,County,38,5,38005.0,G3800050,72,Rural Midwest North,https://www.nlr.gov/docs/fy23osti/86814.pdf,https://www.nlr.gov/docs/fy25osti/91969.pdf
NORTH DAKOTA,Billings,County,38,7,38007.0,G3800070,43,Rural Midwest Climate Zone 6A,https://www.nlr.gov/docs/fy23osti/86788.pdf,https://www.nlr.gov/docs/fy25osti/91943.pdf
NORTH DAKOTA,Bottineau,County,38,9,38009.0,G3800090,72,Rural Midwest North,https://www.nlr.gov/docs/fy23osti/86814.pdf,https://www.nlr.gov/docs/fy25osti/91969.pdf
NORTH DAKOTA,Bowman,County,38,11,38011.0,G3800110,43,Rural Midwest Climate Zone 6A,https://www.nlr.gov/docs/fy23osti/86788.pdf,https://www.nlr.gov/docs/fy25osti/91943.pdf
NORTH DAKOTA,Burke,County,38,13,38013.0,G3800130,72,Rural Midwest North,https://www.nlr.gov/docs/fy23osti/86814.pdf,https://www.nlr.gov/docs/fy25osti/91969.pdf
NORTH DAKOTA,Burleigh,County,38,15,38015.0,G3800150,68,"Small Urban Areas in the Dakotas, Idaho, Montana, and Wyoming",https://www.nlr.gov/docs/fy23osti/86810.pdf,https://www.nlr.gov/docs/fy25osti/91965.pdf
NORTH DAKOTA,Cass,County,38,17,38017.0,G3800170,77,the Duluth-Grand Forks-Fargo Area,https://www.nlr.gov/docs/fy23osti/86820.pdf,https://www.nlr.gov/docs/fy25osti/91974.pdf
NORTH DAKOTA,Cavalier,County,38,19,38019.0,G3800190,72,Rural Midwest North,https://www.nlr.gov/docs/fy23osti/86814.pdf,https://www.nlr.gov/docs/fy25osti/91969.pdf
NORTH DAKOTA,Dickey,County,38,21,38021.0,G3800210,43,Rural Midwest Climate Zone 6A,https://www.nlr.gov/docs/fy23osti/86788.pdf,https://www.nlr.gov/docs/fy25osti/91943.pdf
NORTH DAKOTA,Divide,County,38,23,38023.0,G3800230,72,Rural Midwest North,https://www.nlr.gov/docs/fy23osti/86814.pdf,https://www.nlr.gov/docs/fy25osti/91969.pdf
NORTH DAKOTA,Dunn,County,38,25,38025.0,G3800250,43,Rural Midwest Climate Zone 6A,https://www.nlr.gov/docs/fy23osti/86788.pdf,https://www.nlr.gov/docs/fy25osti/91943.pdf
NORTH DAKOTA,Eddy,County,38,27,38027.0,G3800270,72,Rural Midwest North,https://www.nlr.gov/docs/fy23osti/86814.pdf,https://www.nlr.gov/docs/fy25osti/91969.pdf
NORTH DAKOTA,Emmons,County,38,29,38029.0,G3800290,43,Rural Midwest Climate Zone 6A,https://www.nlr.gov/docs/fy23osti/86788.pdf,https://www.nlr.gov/docs/fy25osti/91943.pdf
NORTH DAKOTA,Foster,County,38,31,38031.0,G3800310,72,Rural Midwest North,https://www.nlr.gov/docs/fy23osti/86814.pdf,https://www.nlr.gov/docs/fy25osti/91969.pdf
NORTH DAKOTA,Golden Valley,County,38,33,38033.0,G3800330,43,Rural Midwest Climate Zone 6A,https://www.nlr.gov/docs/fy23osti/86788.pdf,https://www.nlr.gov/docs/fy25osti/91943.pdf
NORTH DAKOTA,Grand Forks,County,38,35,38035.0,G3800350,77,the Duluth-Grand Forks-Fargo Area,https://www.nlr.gov/docs/fy23osti/86820.pdf,https://www.nlr.gov/docs/fy25osti/91974.pdf
NORTH DAKOTA,Grant,County,38,37,38037.0,G3800370,43,Rural Midwest Climate Zone 6A,https://www.nlr.gov/docs/fy23osti/86788.pdf,https://www.nlr.gov/docs/fy25osti/91943.pdf
NORTH DAKOTA,Griggs,County,38,39,38039.0,G3800390,72,Rural Midwest North,https://www.nlr.gov/docs/fy23osti/86814.pdf,https://www.nlr.gov/docs/fy25osti/91969.pdf
NORTH DAKOTA,Hettinger,County,38,41,38041.0,G3800410,43,Rural Midwest Climate Zone 6A,https://www.nlr.gov/docs/fy23osti/86788.pdf,https://www.nlr.gov/docs/fy25osti/91943.pdf
NORTH DAKOTA,Kidder,County,38,43,38043.0,G3800430,72,Rural Midwest North,https://www.nlr.gov/docs/fy23osti/86814.pdf,https://www.nlr.gov/docs/fy25osti/91969.pdf
NORTH DAKOTA,LaMoure,County,38,45,38045.0,G3800450,43,Rural Midwest Climate Zone 6A,https://www.nlr.gov/docs/fy23osti/86788.pdf,https://www.nlr.gov/docs/fy25osti/91943.pdf
NORTH DAKOTA,Logan,County,38,47,38047.0,G3800470,43,Rural Midwest Climate Zone 6A,https://www.nlr.gov/docs/fy23osti/86788.pdf,https://www.nlr.gov/docs/fy25osti/91943.pdf
NORTH DAKOTA,McHenry,County,38,49,38049.0,G3800490,72,Rural Midwest North,https://www.nlr.gov/docs/fy23osti/86814.pdf,https://www.nlr.gov/docs/fy25osti/91969.pdf
NORTH DAKOTA,McIntosh,County,38,51,38051.0,G3800510,43,Rural Midwest Climate Zone 6A,https://www.nlr.gov/docs/fy23osti/86788.pdf,https://www.nlr.gov/docs/fy25osti/91943.pdf
NORTH DAKOTA,McKenzie,County,38,53,38053.0,G3800530,43,Rural Midwest Climate Zone 6A,https://www.nlr.gov/docs/fy23osti/86788.pdf,https://www.nlr.gov/docs/fy25osti/91943.pdf
NORTH DAKOTA,McLean,County,38,55,38055.0,G3800550,72,Rural Midwest North,https://www.nlr.gov/docs/fy23osti/86814.pdf,https://www.nlr.gov/docs/fy25osti/91969.pdf
NORTH DAKOTA,Mercer,County,38,57,38057.0,G3800570,43,Rural Midwest Climate Zone 6A,https://www.nlr.gov/docs/fy23osti/86788.pdf,https://www.nlr.gov/docs/fy25osti/91943.pdf
NORTH DAKOTA,Morton,County,38,59,38059.0,G3800590,68,"Small Urban Areas in the Dakotas, Idaho, Montana, and Wyoming",https://www.nlr.gov/docs/fy23osti/86810.pdf,https://www.nlr.gov/docs/fy25osti/91965.pdf
NORTH DAKOTA,Mountrail,County,38,61,38061.0,G3800610,72,Rural Midwest North,https://www.nlr.gov/docs/fy23osti/86814.pdf,https://www.nlr.gov/docs/fy25osti/91969.pdf
NORTH DAKOTA,Nelson,County,38,63,38063.0,G3800630,72,Rural Midwest North,https://www.nlr.gov/docs/fy23osti/86814.pdf,https://www.nlr.gov/docs/fy25osti/91969.pdf
NORTH DAKOTA,Oliver,County,38,65,38065.0,G3800650,68,"Small Urban Areas in the Dakotas, Idaho, Montana, and Wyoming",https://www.nlr.gov/docs/fy23osti/86810.pdf,https://www.nlr.gov/docs/fy25osti/91965.pdf
NORTH DAKOTA,Pembina,County,38,67,38067.0,G3800670,72,Rural Midwest North,https://www.nlr.gov/docs/fy23osti/86814.pdf,https://www.nlr.gov/docs/fy25osti/91969.pdf
NORTH DAKOTA,Pierce,County,38,69,38069.0,G3800690,72,Rural Midwest North,https://www.nlr.gov/docs/fy23osti/86814.pdf,https://www.nlr.gov/docs/fy25osti/91969.pdf
NORTH DAKOTA,Ramsey,County,38,71,38071.0,G3800710,72,Rural Midwest North,https://www.nlr.gov/docs/fy23osti/86814.pdf,https://www.nlr.gov/docs/fy25osti/91969.pdf
NORTH DAKOTA,Ransom,County,38,73,38073.0,G3800730,43,Rural Midwest Climate Zone 6A,https://www.nlr.gov/docs/fy23osti/86788.pdf,https://www.nlr.gov/docs/fy25osti/91943.pdf
NORTH DAKOTA,Renville,County,38,75,38075.0,G3800750,72,Rural Midwest North,https://www.nlr.gov/docs/fy23osti/86814.pdf,https://www.nlr.gov/docs/fy25osti/91969.pdf
NORTH DAKOTA,Richland,County,38,77,38077.0,G3800770,43,Rural Midwest Climate Zone 6A,https://www.nlr.gov/docs/fy23osti/86788.pdf,https://www.nlr.gov/docs/fy25osti/91943.pdf
NORTH DAKOTA,Rolette,County,38,79,38079.0,G3800790,72,Rural Midwest North,https://www.nlr.gov/docs/fy23osti/86814.pdf,https://www.nlr.gov/docs/fy25osti/91969.pdf
NORTH DAKOTA,Sargent,County,38,81,38081.0,G3800810,43,Rural Midwest Climate Zone 6A,https://www.nlr.gov/docs/fy23osti/86788.pdf,https://www.nlr.gov/docs/fy25osti/91943.pdf
NORTH DAKOTA,Sheridan,County,38,83,38083.0,G3800830,72,Rural Midwest North,https://www.nlr.gov/docs/fy23osti/86814.pdf,https://www.nlr.gov/docs/fy25osti/91969.pdf
NORTH DAKOTA,Sioux,County,38,85,38085.0,G3800850,43,Rural Midwest Climate Zone 6A,https://www.nlr.gov/docs/fy23osti/86788.pdf,https://www.nlr.gov/docs/fy25osti/91943.pdf
NORTH DAKOTA,Slope,County,38,87,38087.0,G3800870,43,Rural Midwest Climate Zone 6A,https://www.nlr.gov/docs/fy23osti/86788.pdf,https://www.nlr.gov/docs/fy25osti/91943.pdf
NORTH DAKOTA,Stark,County,38,89,38089.0,G3800890,43,Rural Midwest Climate Zone 6A,https://www.nlr.gov/docs/fy23osti/86788.pdf,https://www.nlr.gov/docs/fy25osti/91943.pdf
NORTH DAKOTA,Steele,County,38,91,38091.0,G3800910,72,Rural Midwest North,https://www.nlr.gov/docs/fy23osti/86814.pdf,https://www.nlr.gov/docs/fy25osti/91969.pdf
NORTH DAKOTA,Stutsman,County,38,93,38093.0,G3800930,72,Rural Midwest North,https://www.nlr.gov/docs/fy23osti/86814.pdf,https://www.nlr.gov/docs/fy25osti/91969.pdf
NORTH DAKOTA,Towner,County,38,95,38095.0,G3800950,72,Rural Midwest North,https://www.nlr.gov/docs/fy23osti/86814.pdf,https://www.nlr.gov/docs/fy25osti/91969.pdf
NORTH DAKOTA,Traill,County,38,97,38097.0,G3800970,72,Rural Midwest North,https://www.nlr.gov/docs/fy23osti/86814.pdf,https://www.nlr.gov/docs/fy25osti/91969.pdf
NORTH DAKOTA,Walsh,County,38,99,38099.0,G3800990,72,Rural Midwest North,https://www.nlr.gov/docs/fy23osti/86814.pdf,https://www.nlr.gov/docs/fy25osti/91969.pdf
NORTH DAKOTA,Ward,County,38,101,38101.0,G3801010,72,Rural Midwest North,https://www.nlr.gov/docs/fy23osti/86814.pdf,https://www.nlr.gov/docs/fy25osti/91969.pdf
NORTH DAKOTA,Wells,County,38,103,38103.0,G3801030,72,Rural Midwest North,https://www.nlr.gov/docs/fy23osti/86814.pdf,https://www.nlr.gov/docs/fy25osti/91969.pdf
NORTH DAKOTA,Williams,County,38,105,38105.0,G3801050,72,Rural Midwest North,https://www.nlr.gov/docs/fy23osti/86814.pdf,https://www.nlr.gov/docs/fy25osti/91969.pdf
OHIO,Adams,County,39,1,39001.0,G3900010,33,Rural Lower Plains-Upper South Appalachia,https://www.nlr.gov/docs/fy23osti/86779.pdf,https://www.nlr.gov/docs/fy25osti/91934.pdf
OHIO,Allen,County,39,3,39003.0,G3900030,4,the Rural Eastern Climate Zone 5A Area,https://www.nlr.gov/docs/fy23osti/86757.pdf,https://www.nlr.gov/docs/fy25osti/91912.pdf
OHIO,Ashland,County,39,5,39005.0,G3900050,4,the Rural Eastern Climate Zone 5A Area,https://www.nlr.gov/docs/fy23osti/86757.pdf,https://www.nlr.gov/docs/fy25osti/91912.pdf
OHIO,Ashtabula,County,39,7,39007.0,G3900070,2,"Northwestern PA, Ashtabula and Chautauqua Counties",https://www.nlr.gov/docs/fy23osti/86755.pdf,https://www.nlr.gov/docs/fy25osti/91910.pdf
OHIO,Athens,County,39,9,39009.0,G3900090,4,the Rural Eastern Climate Zone 5A Area,https://www.nlr.gov/docs/fy23osti/86757.pdf,https://www.nlr.gov/docs/fy25osti/91912.pdf
OHIO,Auglaize,County,39,11,39011.0,G3900110,4,the Rural Eastern Climate Zone 5A Area,https://www.nlr.gov/docs/fy23osti/86757.pdf,https://www.nlr.gov/docs/fy25osti/91912.pdf
OHIO,Belmont,County,39,13,39013.0,G3900130,63,the Cleveland to Pittsburgh Greater Area,https://www.nlr.gov/docs/fy23osti/86806.pdf,https://www.nlr.gov/docs/fy25osti/91961.pdf
OHIO,Brown,County,39,15,39015.0,G3900150,56,the Columbus-Dayton-Cincinnati-Lexington Area,https://www.nlr.gov/docs/fy23osti/86800.pdf,https://www.nlr.gov/docs/fy25osti/91955.pdf
OHIO,Butler,County,39,17,39017.0,G3900170,56,the Columbus-Dayton-Cincinnati-Lexington Area,https://www.nlr.gov/docs/fy23osti/86800.pdf,https://www.nlr.gov/docs/fy25osti/91955.pdf
OHIO,Carroll,County,39,19,39019.0,G3900190,63,the Cleveland to Pittsburgh Greater Area,https://www.nlr.gov/docs/fy23osti/86806.pdf,https://www.nlr.gov/docs/fy25osti/91961.pdf
OHIO,Champaign,County,39,21,39021.0,G3900210,4,the Rural Eastern Climate Zone 5A Area,https://www.nlr.gov/docs/fy23osti/86757.pdf,https://www.nlr.gov/docs/fy25osti/91912.pdf
OHIO,Clark,County,39,23,39023.0,G3900230,56,the Columbus-Dayton-Cincinnati-Lexington Area,https://www.nlr.gov/docs/fy23osti/86800.pdf,https://www.nlr.gov/docs/fy25osti/91955.pdf
OHIO,Clermont,County,39,25,39025.0,G3900250,56,the Columbus-Dayton-Cincinnati-Lexington Area,https://www.nlr.gov/docs/fy23osti/86800.pdf,https://www.nlr.gov/docs/fy25osti/91955.pdf
OHIO,Clinton,County,39,27,39027.0,G3900270,4,the Rural Eastern Climate Zone 5A Area,https://www.nlr.gov/docs/fy23osti/86757.pdf,https://www.nlr.gov/docs/fy25osti/91912.pdf
OHIO,Columbiana,County,39,29,39029.0,G3900290,63,the Cleveland to Pittsburgh Greater Area,https://www.nlr.gov/docs/fy23osti/86806.pdf,https://www.nlr.gov/docs/fy25osti/91961.pdf
OHIO,Coshocton,County,39,31,39031.0,G3900310,4,the Rural Eastern Climate Zone 5A Area,https://www.nlr.gov/docs/fy23osti/86757.pdf,https://www.nlr.gov/docs/fy25osti/91912.pdf
OHIO,Crawford,County,39,33,39033.0,G3900330,4,the Rural Eastern Climate Zone 5A Area,https://www.nlr.gov/docs/fy23osti/86757.pdf,https://www.nlr.gov/docs/fy25osti/91912.pdf
OHIO,Cuyahoga,County,39,35,39035.0,G3900350,63,the Cleveland to Pittsburgh Greater Area,https://www.nlr.gov/docs/fy23osti/86806.pdf,https://www.nlr.gov/docs/fy25osti/91961.pdf
OHIO,Darke,County,39,37,39037.0,G3900370,4,the Rural Eastern Climate Zone 5A Area,https://www.nlr.gov/docs/fy23osti/86757.pdf,https://www.nlr.gov/docs/fy25osti/91912.pdf
OHIO,Defiance,County,39,39,39039.0,G3900390,4,the Rural Eastern Climate Zone 5A Area,https://www.nlr.gov/docs/fy23osti/86757.pdf,https://www.nlr.gov/docs/fy25osti/91912.pdf
OHIO,Delaware,County,39,41,39041.0,G3900410,56,the Columbus-Dayton-Cincinnati-Lexington Area,https://www.nlr.gov/docs/fy23osti/86800.pdf,https://www.nlr.gov/docs/fy25osti/91955.pdf
OHIO,Erie,County,39,43,39043.0,G3900430,4,the Rural Eastern Climate Zone 5A Area,https://www.nlr.gov/docs/fy23osti/86757.pdf,https://www.nlr.gov/docs/fy25osti/91912.pdf
OHIO,Fairfield,County,39,45,39045.0,G3900450,56,the Columbus-Dayton-Cincinnati-Lexington Area,https://www.nlr.gov/docs/fy23osti/86800.pdf,https://www.nlr.gov/docs/fy25osti/91955.pdf
OHIO,Fayette,County,39,47,39047.0,G3900470,4,the Rural Eastern Climate Zone 5A Area,https://www.nlr.gov/docs/fy23osti/86757.pdf,https://www.nlr.gov/docs/fy25osti/91912.pdf
OHIO,Franklin,County,39,49,39049.0,G3900490,56,the Columbus-Dayton-Cincinnati-Lexington Area,https://www.nlr.gov/docs/fy23osti/86800.pdf,https://www.nlr.gov/docs/fy25osti/91955.pdf
OHIO,Fulton,County,39,51,39051.0,G3900510,16,Rural Southern Michigan and the Toledo Area,https://www.nlr.gov/docs/fy23osti/86762.pdf,https://www.nlr.gov/docs/fy25osti/91917.pdf
OHIO,Gallia,County,39,53,39053.0,G3900530,4,the Rural Eastern Climate Zone 5A Area,https://www.nlr.gov/docs/fy23osti/86757.pdf,https://www.nlr.gov/docs/fy25osti/91912.pdf
OHIO,Geauga,County,39,55,39055.0,G3900550,63,the Cleveland to Pittsburgh Greater Area,https://www.nlr.gov/docs/fy23osti/86806.pdf,https://www.nlr.gov/docs/fy25osti/91961.pdf
OHIO,Greene,County,39,57,39057.0,G3900570,56,the Columbus-Dayton-Cincinnati-Lexington Area,https://www.nlr.gov/docs/fy23osti/86800.pdf,https://www.nlr.gov/docs/fy25osti/91955.pdf
OHIO,Guernsey,County,39,59,39059.0,G3900590,4,the Rural Eastern Climate Zone 5A Area,https://www.nlr.gov/docs/fy23osti/86757.pdf,https://www.nlr.gov/docs/fy25osti/91912.pdf
OHIO,Hamilton,County,39,61,39061.0,G3900610,56,the Columbus-Dayton-Cincinnati-Lexington Area,https://www.nlr.gov/docs/fy23osti/86800.pdf,https://www.nlr.gov/docs/fy25osti/91955.pdf
OHIO,Hancock,County,39,63,39063.0,G3900630,4,the Rural Eastern Climate Zone 5A Area,https://www.nlr.gov/docs/fy23osti/86757.pdf,https://www.nlr.gov/docs/fy25osti/91912.pdf
OHIO,Hardin,County,39,65,39065.0,G3900650,4,the Rural Eastern Climate Zone 5A Area,https://www.nlr.gov/docs/fy23osti/86757.pdf,https://www.nlr.gov/docs/fy25osti/91912.pdf
OHIO,Harrison,County,39,67,39067.0,G3900670,4,the Rural Eastern Climate Zone 5A Area,https://www.nlr.gov/docs/fy23osti/86757.pdf,https://www.nlr.gov/docs/fy25osti/91912.pdf
OHIO,Henry,County,39,69,39069.0,G3900690,4,the Rural Eastern Climate Zone 5A Area,https://www.nlr.gov/docs/fy23osti/86757.pdf,https://www.nlr.gov/docs/fy25osti/91912.pdf
OHIO,Highland,County,39,71,39071.0,G3900710,4,the Rural Eastern Climate Zone 5A Area,https://www.nlr.gov/docs/fy23osti/86757.pdf,https://www.nlr.gov/docs/fy25osti/91912.pdf
OHIO,Hocking,County,39,73,39073.0,G3900730,56,the Columbus-Dayton-Cincinnati-Lexington Area,https://www.nlr.gov/docs/fy23osti/86800.pdf,https://www.nlr.gov/docs/fy25osti/91955.pdf
OHIO,Holmes,County,39,75,39075.0,G3900750,4,the Rural Eastern Climate Zone 5A Area,https://www.nlr.gov/docs/fy23osti/86757.pdf,https://www.nlr.gov/docs/fy25osti/91912.pdf
OHIO,Huron,County,39,77,39077.0,G3900770,4,the Rural Eastern Climate Zone 5A Area,https://www.nlr.gov/docs/fy23osti/86757.pdf,https://www.nlr.gov/docs/fy25osti/91912.pdf
OHIO,Jackson,County,39,79,39079.0,G3900790,4,the Rural Eastern Climate Zone 5A Area,https://www.nlr.gov/docs/fy23osti/86757.pdf,https://www.nlr.gov/docs/fy25osti/91912.pdf
OHIO,Jefferson,County,39,81,39081.0,G3900810,63,the Cleveland to Pittsburgh Greater Area,https://www.nlr.gov/docs/fy23osti/86806.pdf,https://www.nlr.gov/docs/fy25osti/91961.pdf
OHIO,Knox,County,39,83,39083.0,G3900830,4,the Rural Eastern Climate Zone 5A Area,https://www.nlr.gov/docs/fy23osti/86757.pdf,https://www.nlr.gov/docs/fy25osti/91912.pdf
OHIO,Lake,County,39,85,39085.0,G3900850,63,the Cleveland to Pittsburgh Greater Area,https://www.nlr.gov/docs/fy23osti/86806.pdf,https://www.nlr.gov/docs/fy25osti/91961.pdf
OHIO,Lawrence,County,39,87,39087.0,G3900870,62,the Charleston-Huntington-Beckley Area,https://www.nlr.gov/docs/fy23osti/86805.pdf,https://www.nlr.gov/docs/fy25osti/91960.pdf
OHIO,Licking,County,39,89,39089.0,G3900890,56,the Columbus-Dayton-Cincinnati-Lexington Area,https://www.nlr.gov/docs/fy23osti/86800.pdf,https://www.nlr.gov/docs/fy25osti/91955.pdf
OHIO,Logan,County,39,91,39091.0,G3900910,4,the Rural Eastern Climate Zone 5A Area,https://www.nlr.gov/docs/fy23osti/86757.pdf,https://www.nlr.gov/docs/fy25osti/91912.pdf
OHIO,Lorain,County,39,93,39093.0,G3900930,63,the Cleveland to Pittsburgh Greater Area,https://www.nlr.gov/docs/fy23osti/86806.pdf,https://www.nlr.gov/docs/fy25osti/91961.pdf
OHIO,Lucas,County,39,95,39095.0,G3900950,16,Rural Southern Michigan and the Toledo Area,https://www.nlr.gov/docs/fy23osti/86762.pdf,https://www.nlr.gov/docs/fy25osti/91917.pdf
OHIO,Madison,County,39,97,39097.0,G3900970,56,the Columbus-Dayton-Cincinnati-Lexington Area,https://www.nlr.gov/docs/fy23osti/86800.pdf,https://www.nlr.gov/docs/fy25osti/91955.pdf
OHIO,Mahoning,County,39,99,39099.0,G3900990,63,the Cleveland to Pittsburgh Greater Area,https://www.nlr.gov/docs/fy23osti/86806.pdf,https://www.nlr.gov/docs/fy25osti/91961.pdf
OHIO,Marion,County,39,101,39101.0,G3901010,4,the Rural Eastern Climate Zone 5A Area,https://www.nlr.gov/docs/fy23osti/86757.pdf,https://www.nlr.gov/docs/fy25osti/91912.pdf
OHIO,Medina,County,39,103,39103.0,G3901030,63,the Cleveland to Pittsburgh Greater Area,https://www.nlr.gov/docs/fy23osti/86806.pdf,https://www.nlr.gov/docs/fy25osti/91961.pdf
OHIO,Meigs,County,39,105,39105.0,G3901050,4,the Rural Eastern Climate Zone 5A Area,https://www.nlr.gov/docs/fy23osti/86757.pdf,https://www.nlr.gov/docs/fy25osti/91912.pdf
OHIO,Mercer,County,39,107,39107.0,G3901070,4,the Rural Eastern Climate Zone 5A Area,https://www.nlr.gov/docs/fy23osti/86757.pdf,https://www.nlr.gov/docs/fy25osti/91912.pdf
OHIO,Miami,County,39,109,39109.0,G3901090,56,the Columbus-Dayton-Cincinnati-Lexington Area,https://www.nlr.gov/docs/fy23osti/86800.pdf,https://www.nlr.gov/docs/fy25osti/91955.pdf
OHIO,Monroe,County,39,111,39111.0,G3901110,4,the Rural Eastern Climate Zone 5A Area,https://www.nlr.gov/docs/fy23osti/86757.pdf,https://www.nlr.gov/docs/fy25osti/91912.pdf
OHIO,Montgomery,County,39,113,39113.0,G3901130,56,the Columbus-Dayton-Cincinnati-Lexington Area,https://www.nlr.gov/docs/fy23osti/86800.pdf,https://www.nlr.gov/docs/fy25osti/91955.pdf
OHIO,Morgan,County,39,115,39115.0,G3901150,4,the Rural Eastern Climate Zone 5A Area,https://www.nlr.gov/docs/fy23osti/86757.pdf,https://www.nlr.gov/docs/fy25osti/91912.pdf
OHIO,Morrow,County,39,117,39117.0,G3901170,56,the Columbus-Dayton-Cincinnati-Lexington Area,https://www.nlr.gov/docs/fy23osti/86800.pdf,https://www.nlr.gov/docs/fy25osti/91955.pdf
OHIO,Muskingum,County,39,119,39119.0,G3901190,4,the Rural Eastern Climate Zone 5A Area,https://www.nlr.gov/docs/fy23osti/86757.pdf,https://www.nlr.gov/docs/fy25osti/91912.pdf
OHIO,Noble,County,39,121,39121.0,G3901210,4,the Rural Eastern Climate Zone 5A Area,https://www.nlr.gov/docs/fy23osti/86757.pdf,https://www.nlr.gov/docs/fy25osti/91912.pdf
OHIO,Ottawa,County,39,123,39123.0,G3901230,16,Rural Southern Michigan and the Toledo Area,https://www.nlr.gov/docs/fy23osti/86762.pdf,https://www.nlr.gov/docs/fy25osti/91917.pdf
OHIO,Paulding,County,39,125,39125.0,G3901250,4,the Rural Eastern Climate Zone 5A Area,https://www.nlr.gov/docs/fy23osti/86757.pdf,https://www.nlr.gov/docs/fy25osti/91912.pdf
OHIO,Perry,County,39,127,39127.0,G3901270,56,the Columbus-Dayton-Cincinnati-Lexington Area,https://www.nlr.gov/docs/fy23osti/86800.pdf,https://www.nlr.gov/docs/fy25osti/91955.pdf
OHIO,Pickaway,County,39,129,39129.0,G3901290,56,the Columbus-Dayton-Cincinnati-Lexington Area,https://www.nlr.gov/docs/fy23osti/86800.pdf,https://www.nlr.gov/docs/fy25osti/91955.pdf
OHIO,Pike,County,39,131,39131.0,G3901310,33,Rural Lower Plains-Upper South Appalachia,https://www.nlr.gov/docs/fy23osti/86779.pdf,https://www.nlr.gov/docs/fy25osti/91934.pdf
OHIO,Portage,County,39,133,39133.0,G3901330,63,the Cleveland to Pittsburgh Greater Area,https://www.nlr.gov/docs/fy23osti/86806.pdf,https://www.nlr.gov/docs/fy25osti/91961.pdf
OHIO,Preble,County,39,135,39135.0,G3901350,4,the Rural Eastern Climate Zone 5A Area,https://www.nlr.gov/docs/fy23osti/86757.pdf,https://www.nlr.gov/docs/fy25osti/91912.pdf
OHIO,Putnam,County,39,137,39137.0,G3901370,4,the Rural Eastern Climate Zone 5A Area,https://www.nlr.gov/docs/fy23osti/86757.pdf,https://www.nlr.gov/docs/fy25osti/91912.pdf
OHIO,Richland,County,39,139,39139.0,G3901390,56,the Columbus-Dayton-Cincinnati-Lexington Area,https://www.nlr.gov/docs/fy23osti/86800.pdf,https://www.nlr.gov/docs/fy25osti/91955.pdf
OHIO,Ross,County,39,141,39141.0,G3901410,4,the Rural Eastern Climate Zone 5A Area,https://www.nlr.gov/docs/fy23osti/86757.pdf,https://www.nlr.gov/docs/fy25osti/91912.pdf
OHIO,Sandusky,County,39,143,39143.0,G3901430,4,the Rural Eastern Climate Zone 5A Area,https://www.nlr.gov/docs/fy23osti/86757.pdf,https://www.nlr.gov/docs/fy25osti/91912.pdf
OHIO,Scioto,County,39,145,39145.0,G3901450,33,Rural Lower Plains-Upper South Appalachia,https://www.nlr.gov/docs/fy23osti/86779.pdf,https://www.nlr.gov/docs/fy25osti/91934.pdf
OHIO,Seneca,County,39,147,39147.0,G3901470,4,the Rural Eastern Climate Zone 5A Area,https://www.nlr.gov/docs/fy23osti/86757.pdf,https://www.nlr.gov/docs/fy25osti/91912.pdf
OHIO,Shelby,County,39,149,39149.0,G3901490,4,the Rural Eastern Climate Zone 5A Area,https://www.nlr.gov/docs/fy23osti/86757.pdf,https://www.nlr.gov/docs/fy25osti/91912.pdf
OHIO,Stark,County,39,151,39151.0,G3901510,63,the Cleveland to Pittsburgh Greater Area,https://www.nlr.gov/docs/fy23osti/86806.pdf,https://www.nlr.gov/docs/fy25osti/91961.pdf
OHIO,Summit,County,39,153,39153.0,G3901530,63,the Cleveland to Pittsburgh Greater Area,https://www.nlr.gov/docs/fy23osti/86806.pdf,https://www.nlr.gov/docs/fy25osti/91961.pdf
OHIO,Trumbull,County,39,155,39155.0,G3901550,63,the Cleveland to Pittsburgh Greater Area,https://www.nlr.gov/docs/fy23osti/86806.pdf,https://www.nlr.gov/docs/fy25osti/91961.pdf
OHIO,Tuscarawas,County,39,157,39157.0,G3901570,4,the Rural Eastern Climate Zone 5A Area,https://www.nlr.gov/docs/fy23osti/86757.pdf,https://www.nlr.gov/docs/fy25osti/91912.pdf
OHIO,Union,County,39,159,39159.0,G3901590,56,the Columbus-Dayton-Cincinnati-Lexington Area,https://www.nlr.gov/docs/fy23osti/86800.pdf,https://www.nlr.gov/docs/fy25osti/91955.pdf
OHIO,Van Wert,County,39,161,39161.0,G3901610,4,the Rural Eastern Climate Zone 5A Area,https://www.nlr.gov/docs/fy23osti/86757.pdf,https://www.nlr.gov/docs/fy25osti/91912.pdf
OHIO,Vinton,County,39,163,39163.0,G3901630,4,the Rural Eastern Climate Zone 5A Area,https://www.nlr.gov/docs/fy23osti/86757.pdf,https://www.nlr.gov/docs/fy25osti/91912.pdf
OHIO,Warren,County,39,165,39165.0,G3901650,56,the Columbus-Dayton-Cincinnati-Lexington Area,https://www.nlr.gov/docs/fy23osti/86800.pdf,https://www.nlr.gov/docs/fy25osti/91955.pdf
OHIO,Washington,County,39,167,39167.0,G3901670,4,the Rural Eastern Climate Zone 5A Area,https://www.nlr.gov/docs/fy23osti/86757.pdf,https://www.nlr.gov/docs/fy25osti/91912.pdf
OHIO,Wayne,County,39,169,39169.0,G3901690,4,the Rural Eastern Climate Zone 5A Area,https://www.nlr.gov/docs/fy23osti/86757.pdf,https://www.nlr.gov/docs/fy25osti/91912.pdf
OHIO,Williams,County,39,171,39171.0,G3901710,4,the Rural Eastern Climate Zone 5A Area,https://www.nlr.gov/docs/fy23osti/86757.pdf,https://www.nlr.gov/docs/fy25osti/91912.pdf
OHIO,Wood,County,39,173,39173.0,G3901730,16,Rural Southern Michigan and the Toledo Area,https://www.nlr.gov/docs/fy23osti/86762.pdf,https://www.nlr.gov/docs/fy25osti/91917.pdf
OHIO,Wyandot,County,39,175,39175.0,G3901750,4,the Rural Eastern Climate Zone 5A Area,https://www.nlr.gov/docs/fy23osti/86757.pdf,https://www.nlr.gov/docs/fy25osti/91912.pdf
OKLAHOMA,Adair,County,40,1,40001.0,G4000010,85,Rural Climate Zone 3A,https://www.nlr.gov/docs/fy23osti/86828.pdf,https://www.nlr.gov/docs/fy25osti/91982.pdf
OKLAHOMA,Alfalfa,County,40,3,40003.0,G4000030,38,Rural West Texas and Oklahoma and Southern New Mexico,https://www.nlr.gov/docs/fy23osti/86784.pdf,https://www.nlr.gov/docs/fy25osti/91939.pdf
OKLAHOMA,Atoka,County,40,5,40005.0,G4000050,85,Rural Climate Zone 3A,https://www.nlr.gov/docs/fy23osti/86828.pdf,https://www.nlr.gov/docs/fy25osti/91982.pdf
OKLAHOMA,Beaver,County,40,7,40007.0,G4000070,49,Rural Counties in the Southwest,https://www.nlr.gov/docs/fy23osti/86793.pdf,https://www.nlr.gov/docs/fy25osti/91948.pdf
OKLAHOMA,Beckham,County,40,9,40009.0,G4000090,38,Rural West Texas and Oklahoma and Southern New Mexico,https://www.nlr.gov/docs/fy23osti/86784.pdf,https://www.nlr.gov/docs/fy25osti/91939.pdf
OKLAHOMA,Blaine,County,40,11,40011.0,G4000110,38,Rural West Texas and Oklahoma and Southern New Mexico,https://www.nlr.gov/docs/fy23osti/86784.pdf,https://www.nlr.gov/docs/fy25osti/91939.pdf
OKLAHOMA,Bryan,County,40,13,40013.0,G4000130,85,Rural Climate Zone 3A,https://www.nlr.gov/docs/fy23osti/86828.pdf,https://www.nlr.gov/docs/fy25osti/91982.pdf
OKLAHOMA,Caddo,County,40,15,40015.0,G4000150,38,Rural West Texas and Oklahoma and Southern New Mexico,https://www.nlr.gov/docs/fy23osti/86784.pdf,https://www.nlr.gov/docs/fy25osti/91939.pdf
OKLAHOMA,Canadian,County,40,17,40017.0,G4000170,73,the Tulsa to Wichita Falls I-44 Corridor,https://www.nlr.gov/docs/fy23osti/86815.pdf,https://www.nlr.gov/docs/fy25osti/91970.pdf
OKLAHOMA,Carter,County,40,19,40019.0,G4000190,85,Rural Climate Zone 3A,https://www.nlr.gov/docs/fy23osti/86828.pdf,https://www.nlr.gov/docs/fy25osti/91982.pdf
OKLAHOMA,Cherokee,County,40,21,40021.0,G4000210,85,Rural Climate Zone 3A,https://www.nlr.gov/docs/fy23osti/86828.pdf,https://www.nlr.gov/docs/fy25osti/91982.pdf
OKLAHOMA,Choctaw,County,40,23,40023.0,G4000230,85,Rural Climate Zone 3A,https://www.nlr.gov/docs/fy23osti/86828.pdf,https://www.nlr.gov/docs/fy25osti/91982.pdf
OKLAHOMA,Cimarron,County,40,25,40025.0,G4000250,49,Rural Counties in the Southwest,https://www.nlr.gov/docs/fy23osti/86793.pdf,https://www.nlr.gov/docs/fy25osti/91948.pdf
OKLAHOMA,Cleveland,County,40,27,40027.0,G4000270,73,the Tulsa to Wichita Falls I-44 Corridor,https://www.nlr.gov/docs/fy23osti/86815.pdf,https://www.nlr.gov/docs/fy25osti/91970.pdf
OKLAHOMA,Coal,County,40,29,40029.0,G4000290,85,Rural Climate Zone 3A,https://www.nlr.gov/docs/fy23osti/86828.pdf,https://www.nlr.gov/docs/fy25osti/91982.pdf
OKLAHOMA,Comanche,County,40,31,40031.0,G4000310,73,the Tulsa to Wichita Falls I-44 Corridor,https://www.nlr.gov/docs/fy23osti/86815.pdf,https://www.nlr.gov/docs/fy25osti/91970.pdf
OKLAHOMA,Cotton,County,40,33,40033.0,G4000330,73,the Tulsa to Wichita Falls I-44 Corridor,https://www.nlr.gov/docs/fy23osti/86815.pdf,https://www.nlr.gov/docs/fy25osti/91970.pdf
OKLAHOMA,Craig,County,40,35,40035.0,G4000350,85,Rural Climate Zone 3A,https://www.nlr.gov/docs/fy23osti/86828.pdf,https://www.nlr.gov/docs/fy25osti/91982.pdf
OKLAHOMA,Creek,County,40,37,40037.0,G4000370,73,the Tulsa to Wichita Falls I-44 Corridor,https://www.nlr.gov/docs/fy23osti/86815.pdf,https://www.nlr.gov/docs/fy25osti/91970.pdf
OKLAHOMA,Custer,County,40,39,40039.0,G4000390,38,Rural West Texas and Oklahoma and Southern New Mexico,https://www.nlr.gov/docs/fy23osti/86784.pdf,https://www.nlr.gov/docs/fy25osti/91939.pdf
OKLAHOMA,Delaware,County,40,41,40041.0,G4000410,85,Rural Climate Zone 3A,https://www.nlr.gov/docs/fy23osti/86828.pdf,https://www.nlr.gov/docs/fy25osti/91982.pdf
OKLAHOMA,Dewey,County,40,43,40043.0,G4000430,38,Rural West Texas and Oklahoma and Southern New Mexico,https://www.nlr.gov/docs/fy23osti/86784.pdf,https://www.nlr.gov/docs/fy25osti/91939.pdf
OKLAHOMA,Ellis,County,40,45,40045.0,G4000450,38,Rural West Texas and Oklahoma and Southern New Mexico,https://www.nlr.gov/docs/fy23osti/86784.pdf,https://www.nlr.gov/docs/fy25osti/91939.pdf
OKLAHOMA,Garfield,County,40,47,40047.0,G4000470,73,the Tulsa to Wichita Falls I-44 Corridor,https://www.nlr.gov/docs/fy23osti/86815.pdf,https://www.nlr.gov/docs/fy25osti/91970.pdf
OKLAHOMA,Garvin,County,40,49,40049.0,G4000490,85,Rural Climate Zone 3A,https://www.nlr.gov/docs/fy23osti/86828.pdf,https://www.nlr.gov/docs/fy25osti/91982.pdf
OKLAHOMA,Grady,County,40,51,40051.0,G4000510,73,the Tulsa to Wichita Falls I-44 Corridor,https://www.nlr.gov/docs/fy23osti/86815.pdf,https://www.nlr.gov/docs/fy25osti/91970.pdf
OKLAHOMA,Grant,County,40,53,40053.0,G4000530,38,Rural West Texas and Oklahoma and Southern New Mexico,https://www.nlr.gov/docs/fy23osti/86784.pdf,https://www.nlr.gov/docs/fy25osti/91939.pdf
OKLAHOMA,Greer,County,40,55,40055.0,G4000550,38,Rural West Texas and Oklahoma and Southern New Mexico,https://www.nlr.gov/docs/fy23osti/86784.pdf,https://www.nlr.gov/docs/fy25osti/91939.pdf
OKLAHOMA,Harmon,County,40,57,40057.0,G4000570,38,Rural West Texas and Oklahoma and Southern New Mexico,https://www.nlr.gov/docs/fy23osti/86784.pdf,https://www.nlr.gov/docs/fy25osti/91939.pdf
OKLAHOMA,Harper,County,40,59,40059.0,G4000590,38,Rural West Texas and Oklahoma and Southern New Mexico,https://www.nlr.gov/docs/fy23osti/86784.pdf,https://www.nlr.gov/docs/fy25osti/91939.pdf
OKLAHOMA,Haskell,County,40,61,40061.0,G4000610,85,Rural Climate Zone 3A,https://www.nlr.gov/docs/fy23osti/86828.pdf,https://www.nlr.gov/docs/fy25osti/91982.pdf
OKLAHOMA,Hughes,County,40,63,40063.0,G4000630,85,Rural Climate Zone 3A,https://www.nlr.gov/docs/fy23osti/86828.pdf,https://www.nlr.gov/docs/fy25osti/91982.pdf
OKLAHOMA,Jackson,County,40,65,40065.0,G4000650,38,Rural West Texas and Oklahoma and Southern New Mexico,https://www.nlr.gov/docs/fy23osti/86784.pdf,https://www.nlr.gov/docs/fy25osti/91939.pdf
OKLAHOMA,Jefferson,County,40,67,40067.0,G4000670,85,Rural Climate Zone 3A,https://www.nlr.gov/docs/fy23osti/86828.pdf,https://www.nlr.gov/docs/fy25osti/91982.pdf
OKLAHOMA,Johnston,County,40,69,40069.0,G4000690,85,Rural Climate Zone 3A,https://www.nlr.gov/docs/fy23osti/86828.pdf,https://www.nlr.gov/docs/fy25osti/91982.pdf
OKLAHOMA,Kay,County,40,71,40071.0,G4000710,38,Rural West Texas and Oklahoma and Southern New Mexico,https://www.nlr.gov/docs/fy23osti/86784.pdf,https://www.nlr.gov/docs/fy25osti/91939.pdf
OKLAHOMA,Kingfisher,County,40,73,40073.0,G4000730,38,Rural West Texas and Oklahoma and Southern New Mexico,https://www.nlr.gov/docs/fy23osti/86784.pdf,https://www.nlr.gov/docs/fy25osti/91939.pdf
OKLAHOMA,Kiowa,County,40,75,40075.0,G4000750,38,Rural West Texas and Oklahoma and Southern New Mexico,https://www.nlr.gov/docs/fy23osti/86784.pdf,https://www.nlr.gov/docs/fy25osti/91939.pdf
OKLAHOMA,Latimer,County,40,77,40077.0,G4000770,85,Rural Climate Zone 3A,https://www.nlr.gov/docs/fy23osti/86828.pdf,https://www.nlr.gov/docs/fy25osti/91982.pdf
OKLAHOMA,Le Flore,County,40,79,40079.0,G4000790,85,Rural Climate Zone 3A,https://www.nlr.gov/docs/fy23osti/86828.pdf,https://www.nlr.gov/docs/fy25osti/91982.pdf
OKLAHOMA,Lincoln,County,40,81,40081.0,G4000810,73,the Tulsa to Wichita Falls I-44 Corridor,https://www.nlr.gov/docs/fy23osti/86815.pdf,https://www.nlr.gov/docs/fy25osti/91970.pdf
OKLAHOMA,Logan,County,40,83,40083.0,G4000830,73,the Tulsa to Wichita Falls I-44 Corridor,https://www.nlr.gov/docs/fy23osti/86815.pdf,https://www.nlr.gov/docs/fy25osti/91970.pdf
OKLAHOMA,Love,County,40,85,40085.0,G4000850,85,Rural Climate Zone 3A,https://www.nlr.gov/docs/fy23osti/86828.pdf,https://www.nlr.gov/docs/fy25osti/91982.pdf
OKLAHOMA,Major,County,40,93,40093.0,G4000930,38,Rural West Texas and Oklahoma and Southern New Mexico,https://www.nlr.gov/docs/fy23osti/86784.pdf,https://www.nlr.gov/docs/fy25osti/91939.pdf
OKLAHOMA,Marshall,County,40,95,40095.0,G4000950,85,Rural Climate Zone 3A,https://www.nlr.gov/docs/fy23osti/86828.pdf,https://www.nlr.gov/docs/fy25osti/91982.pdf
OKLAHOMA,Mayes,County,40,97,40097.0,G4000970,85,Rural Climate Zone 3A,https://www.nlr.gov/docs/fy23osti/86828.pdf,https://www.nlr.gov/docs/fy25osti/91982.pdf
OKLAHOMA,McClain,County,40,87,40087.0,G4000870,73,the Tulsa to Wichita Falls I-44 Corridor,https://www.nlr.gov/docs/fy23osti/86815.pdf,https://www.nlr.gov/docs/fy25osti/91970.pdf
OKLAHOMA,McCurtain,County,40,89,40089.0,G4000890,85,Rural Climate Zone 3A,https://www.nlr.gov/docs/fy23osti/86828.pdf,https://www.nlr.gov/docs/fy25osti/91982.pdf
OKLAHOMA,McIntosh,County,40,91,40091.0,G4000910,85,Rural Climate Zone 3A,https://www.nlr.gov/docs/fy23osti/86828.pdf,https://www.nlr.gov/docs/fy25osti/91982.pdf
OKLAHOMA,Murray,County,40,99,40099.0,G4000990,85,Rural Climate Zone 3A,https://www.nlr.gov/docs/fy23osti/86828.pdf,https://www.nlr.gov/docs/fy25osti/91982.pdf
OKLAHOMA,Muskogee,County,40,101,40101.0,G4001010,85,Rural Climate Zone 3A,https://www.nlr.gov/docs/fy23osti/86828.pdf,https://www.nlr.gov/docs/fy25osti/91982.pdf
OKLAHOMA,Noble,County,40,103,40103.0,G4001030,38,Rural West Texas and Oklahoma and Southern New Mexico,https://www.nlr.gov/docs/fy23osti/86784.pdf,https://www.nlr.gov/docs/fy25osti/91939.pdf
OKLAHOMA,Nowata,County,40,105,40105.0,G4001050,85,Rural Climate Zone 3A,https://www.nlr.gov/docs/fy23osti/86828.pdf,https://www.nlr.gov/docs/fy25osti/91982.pdf
OKLAHOMA,Okfuskee,County,40,107,40107.0,G4001070,85,Rural Climate Zone 3A,https://www.nlr.gov/docs/fy23osti/86828.pdf,https://www.nlr.gov/docs/fy25osti/91982.pdf
OKLAHOMA,Oklahoma,County,40,109,40109.0,G4001090,73,the Tulsa to Wichita Falls I-44 Corridor,https://www.nlr.gov/docs/fy23osti/86815.pdf,https://www.nlr.gov/docs/fy25osti/91970.pdf
OKLAHOMA,Okmulgee,County,40,111,40111.0,G4001110,73,the Tulsa to Wichita Falls I-44 Corridor,https://www.nlr.gov/docs/fy23osti/86815.pdf,https://www.nlr.gov/docs/fy25osti/91970.pdf
OKLAHOMA,Osage,County,40,113,40113.0,G4001130,73,the Tulsa to Wichita Falls I-44 Corridor,https://www.nlr.gov/docs/fy23osti/86815.pdf,https://www.nlr.gov/docs/fy25osti/91970.pdf
OKLAHOMA,Ottawa,County,40,115,40115.0,G4001150,85,Rural Climate Zone 3A,https://www.nlr.gov/docs/fy23osti/86828.pdf,https://www.nlr.gov/docs/fy25osti/91982.pdf
OKLAHOMA,Pawnee,County,40,117,40117.0,G4001170,73,the Tulsa to Wichita Falls I-44 Corridor,https://www.nlr.gov/docs/fy23osti/86815.pdf,https://www.nlr.gov/docs/fy25osti/91970.pdf
OKLAHOMA,Payne,County,40,119,40119.0,G4001190,38,Rural West Texas and Oklahoma and Southern New Mexico,https://www.nlr.gov/docs/fy23osti/86784.pdf,https://www.nlr.gov/docs/fy25osti/91939.pdf
OKLAHOMA,Pittsburg,County,40,121,40121.0,G4001210,85,Rural Climate Zone 3A,https://www.nlr.gov/docs/fy23osti/86828.pdf,https://www.nlr.gov/docs/fy25osti/91982.pdf
OKLAHOMA,Pontotoc,County,40,123,40123.0,G4001230,85,Rural Climate Zone 3A,https://www.nlr.gov/docs/fy23osti/86828.pdf,https://www.nlr.gov/docs/fy25osti/91982.pdf
OKLAHOMA,Pottawatomie,County,40,125,40125.0,G4001250,85,Rural Climate Zone 3A,https://www.nlr.gov/docs/fy23osti/86828.pdf,https://www.nlr.gov/docs/fy25osti/91982.pdf
OKLAHOMA,Pushmataha,County,40,127,40127.0,G4001270,85,Rural Climate Zone 3A,https://www.nlr.gov/docs/fy23osti/86828.pdf,https://www.nlr.gov/docs/fy25osti/91982.pdf
OKLAHOMA,Roger Mills,County,40,129,40129.0,G4001290,38,Rural West Texas and Oklahoma and Southern New Mexico,https://www.nlr.gov/docs/fy23osti/86784.pdf,https://www.nlr.gov/docs/fy25osti/91939.pdf
OKLAHOMA,Rogers,County,40,131,40131.0,G4001310,73,the Tulsa to Wichita Falls I-44 Corridor,https://www.nlr.gov/docs/fy23osti/86815.pdf,https://www.nlr.gov/docs/fy25osti/91970.pdf
OKLAHOMA,Seminole,County,40,133,40133.0,G4001330,85,Rural Climate Zone 3A,https://www.nlr.gov/docs/fy23osti/86828.pdf,https://www.nlr.gov/docs/fy25osti/91982.pdf
OKLAHOMA,Sequoyah,County,40,135,40135.0,G4001350,60,the Greater Columbia-Fayetteville-Jefferson City-Joplin-Springfield-Wichita Areas,https://www.nlr.gov/docs/fy23osti/86804.pdf,https://www.nlr.gov/docs/fy25osti/91959.pdf
OKLAHOMA,Stephens,County,40,137,40137.0,G4001370,85,Rural Climate Zone 3A,https://www.nlr.gov/docs/fy23osti/86828.pdf,https://www.nlr.gov/docs/fy25osti/91982.pdf
OKLAHOMA,Texas,County,40,139,40139.0,G4001390,49,Rural Counties in the Southwest,https://www.nlr.gov/docs/fy23osti/86793.pdf,https://www.nlr.gov/docs/fy25osti/91948.pdf
OKLAHOMA,Tillman,County,40,141,40141.0,G4001410,38,Rural West Texas and Oklahoma and Southern New Mexico,https://www.nlr.gov/docs/fy23osti/86784.pdf,https://www.nlr.gov/docs/fy25osti/91939.pdf
OKLAHOMA,Tulsa,County,40,143,40143.0,G4001430,73,the Tulsa to Wichita Falls I-44 Corridor,https://www.nlr.gov/docs/fy23osti/86815.pdf,https://www.nlr.gov/docs/fy25osti/91970.pdf
OKLAHOMA,Wagoner,County,40,145,40145.0,G4001450,73,the Tulsa to Wichita Falls I-44 Corridor,https://www.nlr.gov/docs/fy23osti/86815.pdf,https://www.nlr.gov/docs/fy25osti/91970.pdf
OKLAHOMA,Washington,County,40,147,40147.0,G4001470,85,Rural Climate Zone 3A,https://www.nlr.gov/docs/fy23osti/86828.pdf,https://www.nlr.gov/docs/fy25osti/91982.pdf
OKLAHOMA,Washita,County,40,149,40149.0,G4001490,38,Rural West Texas and Oklahoma and Southern New Mexico,https://www.nlr.gov/docs/fy23osti/86784.pdf,https://www.nlr.gov/docs/fy25osti/91939.pdf
OKLAHOMA,Woods,County,40,151,40151.0,G4001510,38,Rural West Texas and Oklahoma and Southern New Mexico,https://www.nlr.gov/docs/fy23osti/86784.pdf,https://www.nlr.gov/docs/fy25osti/91939.pdf
OKLAHOMA,Woodward,County,40,153,40153.0,G4001530,38,Rural West Texas and Oklahoma and Southern New Mexico,https://www.nlr.gov/docs/fy23osti/86784.pdf,https://www.nlr.gov/docs/fy25osti/91939.pdf
OREGON,Baker,County,41,1,41001.0,G4100010,31,Rural Mountain West,https://www.nlr.gov/docs/fy23osti/86777.pdf,https://www.nlr.gov/docs/fy25osti/91932.pdf
OREGON,Benton,County,41,3,41003.0,G4100030,83,the Portland-Salem-Medford Area,https://www.nlr.gov/docs/fy23osti/86826.pdf,https://www.nlr.gov/docs/fy25osti/91980.pdf
OREGON,Clackamas,County,41,5,41005.0,G4100050,83,the Portland-Salem-Medford Area,https://www.nlr.gov/docs/fy23osti/86826.pdf,https://www.nlr.gov/docs/fy25osti/91980.pdf
OREGON,Clatsop,County,41,7,41007.0,G4100070,34,Northern Pacific Coast,https://www.nlr.gov/docs/fy23osti/86780.pdf,https://www.nlr.gov/docs/fy25osti/91935.pdf
OREGON,Columbia,County,41,9,41009.0,G4100090,83,the Portland-Salem-Medford Area,https://www.nlr.gov/docs/fy23osti/86826.pdf,https://www.nlr.gov/docs/fy25osti/91980.pdf
OREGON,Coos,County,41,11,41011.0,G4100110,34,Northern Pacific Coast,https://www.nlr.gov/docs/fy23osti/86780.pdf,https://www.nlr.gov/docs/fy25osti/91935.pdf
OREGON,Crook,County,41,13,41013.0,G4100130,31,Rural Mountain West,https://www.nlr.gov/docs/fy23osti/86777.pdf,https://www.nlr.gov/docs/fy25osti/91932.pdf
OREGON,Curry,County,41,15,41015.0,G4100150,34,Northern Pacific Coast,https://www.nlr.gov/docs/fy23osti/86780.pdf,https://www.nlr.gov/docs/fy25osti/91935.pdf
OREGON,Deschutes,County,41,17,41017.0,G4100170,26,the Spokane-Coeur d'Alene-Lewiston-Yakima-Wenatchee Area,https://www.nlr.gov/docs/fy23osti/86772.pdf,https://www.nlr.gov/docs/fy25osti/91927.pdf
OREGON,Douglas,County,41,19,41019.0,G4100190,34,Northern Pacific Coast,https://www.nlr.gov/docs/fy23osti/86780.pdf,https://www.nlr.gov/docs/fy25osti/91935.pdf
OREGON,Gilliam,County,41,21,41021.0,G4100210,31,Rural Mountain West,https://www.nlr.gov/docs/fy23osti/86777.pdf,https://www.nlr.gov/docs/fy25osti/91932.pdf
OREGON,Grant,County,41,23,41023.0,G4100230,31,Rural Mountain West,https://www.nlr.gov/docs/fy23osti/86777.pdf,https://www.nlr.gov/docs/fy25osti/91932.pdf
OREGON,Harney,County,41,25,41025.0,G4100250,31,Rural Mountain West,https://www.nlr.gov/docs/fy23osti/86777.pdf,https://www.nlr.gov/docs/fy25osti/91932.pdf
OREGON,Hood River,County,41,27,41027.0,G4100270,31,Rural Mountain West,https://www.nlr.gov/docs/fy23osti/86777.pdf,https://www.nlr.gov/docs/fy25osti/91932.pdf
OREGON,Jackson,County,41,29,41029.0,G4100290,83,the Portland-Salem-Medford Area,https://www.nlr.gov/docs/fy23osti/86826.pdf,https://www.nlr.gov/docs/fy25osti/91980.pdf
OREGON,Jefferson,County,41,31,41031.0,G4100310,31,Rural Mountain West,https://www.nlr.gov/docs/fy23osti/86777.pdf,https://www.nlr.gov/docs/fy25osti/91932.pdf
OREGON,Josephine,County,41,33,41033.0,G4100330,83,the Portland-Salem-Medford Area,https://www.nlr.gov/docs/fy23osti/86826.pdf,https://www.nlr.gov/docs/fy25osti/91980.pdf
OREGON,Klamath,County,41,35,41035.0,G4100350,31,Rural Mountain West,https://www.nlr.gov/docs/fy23osti/86777.pdf,https://www.nlr.gov/docs/fy25osti/91932.pdf
OREGON,Lake,County,41,37,41037.0,G4100370,31,Rural Mountain West,https://www.nlr.gov/docs/fy23osti/86777.pdf,https://www.nlr.gov/docs/fy25osti/91932.pdf
OREGON,Lane,County,41,39,41039.0,G4100390,83,the Portland-Salem-Medford Area,https://www.nlr.gov/docs/fy23osti/86826.pdf,https://www.nlr.gov/docs/fy25osti/91980.pdf
OREGON,Lincoln,County,41,41,41041.0,G4100410,34,Northern Pacific Coast,https://www.nlr.gov/docs/fy23osti/86780.pdf,https://www.nlr.gov/docs/fy25osti/91935.pdf
OREGON,Linn,County,41,43,41043.0,G4100430,83,the Portland-Salem-Medford Area,https://www.nlr.gov/docs/fy23osti/86826.pdf,https://www.nlr.gov/docs/fy25osti/91980.pdf
OREGON,Malheur,County,41,45,41045.0,G4100450,31,Rural Mountain West,https://www.nlr.gov/docs/fy23osti/86777.pdf,https://www.nlr.gov/docs/fy25osti/91932.pdf
OREGON,Marion,County,41,47,41047.0,G4100470,83,the Portland-Salem-Medford Area,https://www.nlr.gov/docs/fy23osti/86826.pdf,https://www.nlr.gov/docs/fy25osti/91980.pdf
OREGON,Morrow,County,41,49,41049.0,G4100490,31,Rural Mountain West,https://www.nlr.gov/docs/fy23osti/86777.pdf,https://www.nlr.gov/docs/fy25osti/91932.pdf
OREGON,Multnomah,County,41,51,41051.0,G4100510,83,the Portland-Salem-Medford Area,https://www.nlr.gov/docs/fy23osti/86826.pdf,https://www.nlr.gov/docs/fy25osti/91980.pdf
OREGON,Polk,County,41,53,41053.0,G4100530,83,the Portland-Salem-Medford Area,https://www.nlr.gov/docs/fy23osti/86826.pdf,https://www.nlr.gov/docs/fy25osti/91980.pdf
OREGON,Sherman,County,41,55,41055.0,G4100550,31,Rural Mountain West,https://www.nlr.gov/docs/fy23osti/86777.pdf,https://www.nlr.gov/docs/fy25osti/91932.pdf
OREGON,Tillamook,County,41,57,41057.0,G4100570,34,Northern Pacific Coast,https://www.nlr.gov/docs/fy23osti/86780.pdf,https://www.nlr.gov/docs/fy25osti/91935.pdf
OREGON,Umatilla,County,41,59,41059.0,G4100590,31,Rural Mountain West,https://www.nlr.gov/docs/fy23osti/86777.pdf,https://www.nlr.gov/docs/fy25osti/91932.pdf
OREGON,Union,County,41,61,41061.0,G4100610,31,Rural Mountain West,https://www.nlr.gov/docs/fy23osti/86777.pdf,https://www.nlr.gov/docs/fy25osti/91932.pdf
OREGON,Wallowa,County,41,63,41063.0,G4100630,31,Rural Mountain West,https://www.nlr.gov/docs/fy23osti/86777.pdf,https://www.nlr.gov/docs/fy25osti/91932.pdf
OREGON,Wasco,County,41,65,41065.0,G4100650,31,Rural Mountain West,https://www.nlr.gov/docs/fy23osti/86777.pdf,https://www.nlr.gov/docs/fy25osti/91932.pdf
OREGON,Washington,County,41,67,41067.0,G4100670,83,the Portland-Salem-Medford Area,https://www.nlr.gov/docs/fy23osti/86826.pdf,https://www.nlr.gov/docs/fy25osti/91980.pdf
OREGON,Wheeler,County,41,69,41069.0,G4100690,31,Rural Mountain West,https://www.nlr.gov/docs/fy23osti/86777.pdf,https://www.nlr.gov/docs/fy25osti/91932.pdf
OREGON,Yamhill,County,41,71,41071.0,G4100710,83,the Portland-Salem-Medford Area,https://www.nlr.gov/docs/fy23osti/86826.pdf,https://www.nlr.gov/docs/fy25osti/91980.pdf
PENNSYLVANIA,Adams,County,42,1,42001.0,G4200010,39,the Washington DC to Philadelphia Area,https://www.nlr.gov/docs/fy23osti/86785.pdf,https://www.nlr.gov/docs/fy25osti/91940.pdf
PENNSYLVANIA,Allegheny,County,42,3,42003.0,G4200030,63,the Cleveland to Pittsburgh Greater Area,https://www.nlr.gov/docs/fy23osti/86806.pdf,https://www.nlr.gov/docs/fy25osti/91961.pdf
PENNSYLVANIA,Armstrong,County,42,5,42005.0,G4200050,63,the Cleveland to Pittsburgh Greater Area,https://www.nlr.gov/docs/fy23osti/86806.pdf,https://www.nlr.gov/docs/fy25osti/91961.pdf
PENNSYLVANIA,Beaver,County,42,7,42007.0,G4200070,63,the Cleveland to Pittsburgh Greater Area,https://www.nlr.gov/docs/fy23osti/86806.pdf,https://www.nlr.gov/docs/fy25osti/91961.pdf
PENNSYLVANIA,Bedford,County,42,9,42009.0,G4200090,4,the Rural Eastern Climate Zone 5A Area,https://www.nlr.gov/docs/fy23osti/86757.pdf,https://www.nlr.gov/docs/fy25osti/91912.pdf
PENNSYLVANIA,Berks,County,42,11,42011.0,G4200110,39,the Washington DC to Philadelphia Area,https://www.nlr.gov/docs/fy23osti/86785.pdf,https://www.nlr.gov/docs/fy25osti/91940.pdf
PENNSYLVANIA,Blair,County,42,13,42013.0,G4200130,63,the Cleveland to Pittsburgh Greater Area,https://www.nlr.gov/docs/fy23osti/86806.pdf,https://www.nlr.gov/docs/fy25osti/91961.pdf
PENNSYLVANIA,Bradford,County,42,15,42015.0,G4200150,59,Northern New England,https://www.nlr.gov/docs/fy23osti/86803.pdf,https://www.nlr.gov/docs/fy25osti/91958.pdf
PENNSYLVANIA,Bucks,County,42,17,42017.0,G4200170,39,the Washington DC to Philadelphia Area,https://www.nlr.gov/docs/fy23osti/86785.pdf,https://www.nlr.gov/docs/fy25osti/91940.pdf
PENNSYLVANIA,Butler,County,42,19,42019.0,G4200190,63,the Cleveland to Pittsburgh Greater Area,https://www.nlr.gov/docs/fy23osti/86806.pdf,https://www.nlr.gov/docs/fy25osti/91961.pdf
PENNSYLVANIA,Cambria,County,42,21,42021.0,G4200210,63,the Cleveland to Pittsburgh Greater Area,https://www.nlr.gov/docs/fy23osti/86806.pdf,https://www.nlr.gov/docs/fy25osti/91961.pdf
PENNSYLVANIA,Cameron,County,42,23,42023.0,G4200230,59,Northern New England,https://www.nlr.gov/docs/fy23osti/86803.pdf,https://www.nlr.gov/docs/fy25osti/91958.pdf
PENNSYLVANIA,Carbon,County,42,25,42025.0,G4200250,39,the Washington DC to Philadelphia Area,https://www.nlr.gov/docs/fy23osti/86785.pdf,https://www.nlr.gov/docs/fy25osti/91940.pdf
PENNSYLVANIA,Centre,County,42,27,42027.0,G4200270,63,the Cleveland to Pittsburgh Greater Area,https://www.nlr.gov/docs/fy23osti/86806.pdf,https://www.nlr.gov/docs/fy25osti/91961.pdf
PENNSYLVANIA,Chester,County,42,29,42029.0,G4200290,39,the Washington DC to Philadelphia Area,https://www.nlr.gov/docs/fy23osti/86785.pdf,https://www.nlr.gov/docs/fy25osti/91940.pdf
PENNSYLVANIA,Clarion,County,42,31,42031.0,G4200310,2,"Northwestern PA, Ashtabula and Chautauqua Counties",https://www.nlr.gov/docs/fy23osti/86755.pdf,https://www.nlr.gov/docs/fy25osti/91910.pdf
PENNSYLVANIA,Clearfield,County,42,33,42033.0,G4200330,59,Northern New England,https://www.nlr.gov/docs/fy23osti/86803.pdf,https://www.nlr.gov/docs/fy25osti/91958.pdf
PENNSYLVANIA,Clinton,County,42,35,42035.0,G4200350,4,the Rural Eastern Climate Zone 5A Area,https://www.nlr.gov/docs/fy23osti/86757.pdf,https://www.nlr.gov/docs/fy25osti/91912.pdf
PENNSYLVANIA,Columbia,County,42,37,42037.0,G4200370,39,the Washington DC to Philadelphia Area,https://www.nlr.gov/docs/fy23osti/86785.pdf,https://www.nlr.gov/docs/fy25osti/91940.pdf
PENNSYLVANIA,Crawford,County,42,39,42039.0,G4200390,2,"Northwestern PA, Ashtabula and Chautauqua Counties",https://www.nlr.gov/docs/fy23osti/86755.pdf,https://www.nlr.gov/docs/fy25osti/91910.pdf
PENNSYLVANIA,Cumberland,County,42,41,42041.0,G4200410,39,the Washington DC to Philadelphia Area,https://www.nlr.gov/docs/fy23osti/86785.pdf,https://www.nlr.gov/docs/fy25osti/91940.pdf
PENNSYLVANIA,Dauphin,County,42,43,42043.0,G4200430,39,the Washington DC to Philadelphia Area,https://www.nlr.gov/docs/fy23osti/86785.pdf,https://www.nlr.gov/docs/fy25osti/91940.pdf
PENNSYLVANIA,Delaware,County,42,45,42045.0,G4200450,39,the Washington DC to Philadelphia Area,https://www.nlr.gov/docs/fy23osti/86785.pdf,https://www.nlr.gov/docs/fy25osti/91940.pdf
PENNSYLVANIA,Elk,County,42,47,42047.0,G4200470,59,Northern New England,https://www.nlr.gov/docs/fy23osti/86803.pdf,https://www.nlr.gov/docs/fy25osti/91958.pdf
PENNSYLVANIA,Erie,County,42,49,42049.0,G4200490,15,"the Rochester-Buffalo and Erie, PA Area",https://www.nlr.gov/docs/fy23osti/86761.pdf,https://www.nlr.gov/docs/fy25osti/91916.pdf
PENNSYLVANIA,Fayette,County,42,51,42051.0,G4200510,63,the Cleveland to Pittsburgh Greater Area,https://www.nlr.gov/docs/fy23osti/86806.pdf,https://www.nlr.gov/docs/fy25osti/91961.pdf
PENNSYLVANIA,Forest,County,42,53,42053.0,G4200530,2,"Northwestern PA, Ashtabula and Chautauqua Counties",https://www.nlr.gov/docs/fy23osti/86755.pdf,https://www.nlr.gov/docs/fy25osti/91910.pdf
PENNSYLVANIA,Franklin,County,42,55,42055.0,G4200550,39,the Washington DC to Philadelphia Area,https://www.nlr.gov/docs/fy23osti/86785.pdf,https://www.nlr.gov/docs/fy25osti/91940.pdf
PENNSYLVANIA,Fulton,County,42,57,42057.0,G4200570,4,the Rural Eastern Climate Zone 5A Area,https://www.nlr.gov/docs/fy23osti/86757.pdf,https://www.nlr.gov/docs/fy25osti/91912.pdf
PENNSYLVANIA,Greene,County,42,59,42059.0,G4200590,4,the Rural Eastern Climate Zone 5A Area,https://www.nlr.gov/docs/fy23osti/86757.pdf,https://www.nlr.gov/docs/fy25osti/91912.pdf
PENNSYLVANIA,Huntingdon,County,42,61,42061.0,G4200610,4,the Rural Eastern Climate Zone 5A Area,https://www.nlr.gov/docs/fy23osti/86757.pdf,https://www.nlr.gov/docs/fy25osti/91912.pdf
PENNSYLVANIA,Indiana,County,42,63,42063.0,G4200630,2,"Northwestern PA, Ashtabula and Chautauqua Counties",https://www.nlr.gov/docs/fy23osti/86755.pdf,https://www.nlr.gov/docs/fy25osti/91910.pdf
PENNSYLVANIA,Jefferson,County,42,65,42065.0,G4200650,2,"Northwestern PA, Ashtabula and Chautauqua Counties",https://www.nlr.gov/docs/fy23osti/86755.pdf,https://www.nlr.gov/docs/fy25osti/91910.pdf
PENNSYLVANIA,Juniata,County,42,67,42067.0,G4200670,4,the Rural Eastern Climate Zone 5A Area,https://www.nlr.gov/docs/fy23osti/86757.pdf,https://www.nlr.gov/docs/fy25osti/91912.pdf
PENNSYLVANIA,Lackawanna,County,42,69,42069.0,G4200690,39,the Washington DC to Philadelphia Area,https://www.nlr.gov/docs/fy23osti/86785.pdf,https://www.nlr.gov/docs/fy25osti/91940.pdf
PENNSYLVANIA,Lancaster,County,42,71,42071.0,G4200710,39,the Washington DC to Philadelphia Area,https://www.nlr.gov/docs/fy23osti/86785.pdf,https://www.nlr.gov/docs/fy25osti/91940.pdf
PENNSYLVANIA,Lawrence,County,42,73,42073.0,G4200730,63,the Cleveland to Pittsburgh Greater Area,https://www.nlr.gov/docs/fy23osti/86806.pdf,https://www.nlr.gov/docs/fy25osti/91961.pdf
PENNSYLVANIA,Lebanon,County,42,75,42075.0,G4200750,39,the Washington DC to Philadelphia Area,https://www.nlr.gov/docs/fy23osti/86785.pdf,https://www.nlr.gov/docs/fy25osti/91940.pdf
PENNSYLVANIA,Lehigh,County,42,77,42077.0,G4200770,39,the Washington DC to Philadelphia Area,https://www.nlr.gov/docs/fy23osti/86785.pdf,https://www.nlr.gov/docs/fy25osti/91940.pdf
PENNSYLVANIA,Luzerne,County,42,79,42079.0,G4200790,39,the Washington DC to Philadelphia Area,https://www.nlr.gov/docs/fy23osti/86785.pdf,https://www.nlr.gov/docs/fy25osti/91940.pdf
PENNSYLVANIA,Lycoming,County,42,81,42081.0,G4200810,39,the Washington DC to Philadelphia Area,https://www.nlr.gov/docs/fy23osti/86785.pdf,https://www.nlr.gov/docs/fy25osti/91940.pdf
PENNSYLVANIA,McKean,County,42,83,42083.0,G4200830,59,Northern New England,https://www.nlr.gov/docs/fy23osti/86803.pdf,https://www.nlr.gov/docs/fy25osti/91958.pdf
PENNSYLVANIA,Mercer,County,42,85,42085.0,G4200850,63,the Cleveland to Pittsburgh Greater Area,https://www.nlr.gov/docs/fy23osti/86806.pdf,https://www.nlr.gov/docs/fy25osti/91961.pdf
PENNSYLVANIA,Mifflin,County,42,87,42087.0,G4200870,4,the Rural Eastern Climate Zone 5A Area,https://www.nlr.gov/docs/fy23osti/86757.pdf,https://www.nlr.gov/docs/fy25osti/91912.pdf
PENNSYLVANIA,Monroe,County,42,89,42089.0,G4200890,39,the Washington DC to Philadelphia Area,https://www.nlr.gov/docs/fy23osti/86785.pdf,https://www.nlr.gov/docs/fy25osti/91940.pdf
PENNSYLVANIA,Montgomery,County,42,91,42091.0,G4200910,39,the Washington DC to Philadelphia Area,https://www.nlr.gov/docs/fy23osti/86785.pdf,https://www.nlr.gov/docs/fy25osti/91940.pdf
PENNSYLVANIA,Montour,County,42,93,42093.0,G4200930,39,the Washington DC to Philadelphia Area,https://www.nlr.gov/docs/fy23osti/86785.pdf,https://www.nlr.gov/docs/fy25osti/91940.pdf
PENNSYLVANIA,Northampton,County,42,95,42095.0,G4200950,39,the Washington DC to Philadelphia Area,https://www.nlr.gov/docs/fy23osti/86785.pdf,https://www.nlr.gov/docs/fy25osti/91940.pdf
PENNSYLVANIA,Northumberland,County,42,97,42097.0,G4200970,4,the Rural Eastern Climate Zone 5A Area,https://www.nlr.gov/docs/fy23osti/86757.pdf,https://www.nlr.gov/docs/fy25osti/91912.pdf
PENNSYLVANIA,Perry,County,42,99,42099.0,G4200990,39,the Washington DC to Philadelphia Area,https://www.nlr.gov/docs/fy23osti/86785.pdf,https://www.nlr.gov/docs/fy25osti/91940.pdf
PENNSYLVANIA,Philadelphia,County,42,101,42101.0,G4201010,39,the Washington DC to Philadelphia Area,https://www.nlr.gov/docs/fy23osti/86785.pdf,https://www.nlr.gov/docs/fy25osti/91940.pdf
PENNSYLVANIA,Pike,County,42,103,42103.0,G4201030,54,the Greater New York City Area,https://www.nlr.gov/docs/fy23osti/86798.pdf,https://www.nlr.gov/docs/fy25osti/91953.pdf
PENNSYLVANIA,Potter,County,42,105,42105.0,G4201050,59,Northern New England,https://www.nlr.gov/docs/fy23osti/86803.pdf,https://www.nlr.gov/docs/fy25osti/91958.pdf
PENNSYLVANIA,Schuylkill,County,42,107,42107.0,G4201070,4,the Rural Eastern Climate Zone 5A Area,https://www.nlr.gov/docs/fy23osti/86757.pdf,https://www.nlr.gov/docs/fy25osti/91912.pdf
PENNSYLVANIA,Snyder,County,42,109,42109.0,G4201090,4,the Rural Eastern Climate Zone 5A Area,https://www.nlr.gov/docs/fy23osti/86757.pdf,https://www.nlr.gov/docs/fy25osti/91912.pdf
PENNSYLVANIA,Somerset,County,42,111,42111.0,G4201110,4,the Rural Eastern Climate Zone 5A Area,https://www.nlr.gov/docs/fy23osti/86757.pdf,https://www.nlr.gov/docs/fy25osti/91912.pdf
PENNSYLVANIA,Sullivan,County,42,113,42113.0,G4201130,59,Northern New England,https://www.nlr.gov/docs/fy23osti/86803.pdf,https://www.nlr.gov/docs/fy25osti/91958.pdf
PENNSYLVANIA,Susquehanna,County,42,115,42115.0,G4201150,59,Northern New England,https://www.nlr.gov/docs/fy23osti/86803.pdf,https://www.nlr.gov/docs/fy25osti/91958.pdf
PENNSYLVANIA,Tioga,County,42,117,42117.0,G4201170,59,Northern New England,https://www.nlr.gov/docs/fy23osti/86803.pdf,https://www.nlr.gov/docs/fy25osti/91958.pdf
PENNSYLVANIA,Union,County,42,119,42119.0,G4201190,4,the Rural Eastern Climate Zone 5A Area,https://www.nlr.gov/docs/fy23osti/86757.pdf,https://www.nlr.gov/docs/fy25osti/91912.pdf
PENNSYLVANIA,Venango,County,42,121,42121.0,G4201210,2,"Northwestern PA, Ashtabula and Chautauqua Counties",https://www.nlr.gov/docs/fy23osti/86755.pdf,https://www.nlr.gov/docs/fy25osti/91910.pdf
PENNSYLVANIA,Warren,County,42,123,42123.0,G4201230,2,"Northwestern PA, Ashtabula and Chautauqua Counties",https://www.nlr.gov/docs/fy23osti/86755.pdf,https://www.nlr.gov/docs/fy25osti/91910.pdf
PENNSYLVANIA,Washington,County,42,125,42125.0,G4201250,63,the Cleveland to Pittsburgh Greater Area,https://www.nlr.gov/docs/fy23osti/86806.pdf,https://www.nlr.gov/docs/fy25osti/91961.pdf
PENNSYLVANIA,Wayne,County,42,127,42127.0,G4201270,59,Northern New England,https://www.nlr.gov/docs/fy23osti/86803.pdf,https://www.nlr.gov/docs/fy25osti/91958.pdf
PENNSYLVANIA,Westmoreland,County,42,129,42129.0,G4201290,63,the Cleveland to Pittsburgh Greater Area,https://www.nlr.gov/docs/fy23osti/86806.pdf,https://www.nlr.gov/docs/fy25osti/91961.pdf
PENNSYLVANIA,Wyoming,County,42,131,42131.0,G4201310,39,the Washington DC to Philadelphia Area,https://www.nlr.gov/docs/fy23osti/86785.pdf,https://www.nlr.gov/docs/fy25osti/91940.pdf
PENNSYLVANIA,York,County,42,133,42133.0,G4201330,39,the Washington DC to Philadelphia Area,https://www.nlr.gov/docs/fy23osti/86785.pdf,https://www.nlr.gov/docs/fy25osti/91940.pdf
RHODE ISLAND,Bristol,County,44,1,44001.0,G4400010,52,Southern New England,https://www.nlr.gov/docs/fy23osti/86796.pdf,https://www.nlr.gov/docs/fy25osti/91951.pdf
RHODE ISLAND,Kent,County,44,3,44003.0,G4400030,52,Southern New England,https://www.nlr.gov/docs/fy23osti/86796.pdf,https://www.nlr.gov/docs/fy25osti/91951.pdf
RHODE ISLAND,Newport,County,44,5,44005.0,G4400050,52,Southern New England,https://www.nlr.gov/docs/fy23osti/86796.pdf,https://www.nlr.gov/docs/fy25osti/91951.pdf
RHODE ISLAND,Providence,County,44,7,44007.0,G4400070,52,Southern New England,https://www.nlr.gov/docs/fy23osti/86796.pdf,https://www.nlr.gov/docs/fy25osti/91951.pdf
RHODE ISLAND,Washington,County,44,9,44009.0,G4400090,52,Southern New England,https://www.nlr.gov/docs/fy23osti/86796.pdf,https://www.nlr.gov/docs/fy25osti/91951.pdf
SOUTH CAROLINA,Abbeville,County,45,1,45001.0,G4500010,85,Rural Climate Zone 3A,https://www.nlr.gov/docs/fy23osti/86828.pdf,https://www.nlr.gov/docs/fy25osti/91982.pdf
SOUTH CAROLINA,Aiken,County,45,3,45003.0,G4500030,35,Eastern Counties in South Carolina and Georgia,https://www.nlr.gov/docs/fy23osti/86781.pdf,https://www.nlr.gov/docs/fy25osti/91936.pdf
SOUTH CAROLINA,Allendale,County,45,5,45005.0,G4500050,85,Rural Climate Zone 3A,https://www.nlr.gov/docs/fy23osti/86828.pdf,https://www.nlr.gov/docs/fy25osti/91982.pdf
SOUTH CAROLINA,Anderson,County,45,7,45007.0,G4500070,18,"the Knoxville-Chattanooga-Asheville and Greenville, SC Area",https://www.nlr.gov/docs/fy23osti/86764.pdf,https://www.nlr.gov/docs/fy25osti/91919.pdf
SOUTH CAROLINA,Bamberg,County,45,9,45009.0,G4500090,85,Rural Climate Zone 3A,https://www.nlr.gov/docs/fy23osti/86828.pdf,https://www.nlr.gov/docs/fy25osti/91982.pdf
SOUTH CAROLINA,Barnwell,County,45,11,45011.0,G4500110,85,Rural Climate Zone 3A,https://www.nlr.gov/docs/fy23osti/86828.pdf,https://www.nlr.gov/docs/fy25osti/91982.pdf
SOUTH CAROLINA,Beaufort,County,45,13,45013.0,G4500130,35,Eastern Counties in South Carolina and Georgia,https://www.nlr.gov/docs/fy23osti/86781.pdf,https://www.nlr.gov/docs/fy25osti/91936.pdf
SOUTH CAROLINA,Berkeley,County,45,15,45015.0,G4500150,35,Eastern Counties in South Carolina and Georgia,https://www.nlr.gov/docs/fy23osti/86781.pdf,https://www.nlr.gov/docs/fy25osti/91936.pdf
SOUTH CAROLINA,Calhoun,County,45,17,45017.0,G4500170,35,Eastern Counties in South Carolina and Georgia,https://www.nlr.gov/docs/fy23osti/86781.pdf,https://www.nlr.gov/docs/fy25osti/91936.pdf
SOUTH CAROLINA,Charleston,County,45,19,45019.0,G4500190,35,Eastern Counties in South Carolina and Georgia,https://www.nlr.gov/docs/fy23osti/86781.pdf,https://www.nlr.gov/docs/fy25osti/91936.pdf
SOUTH CAROLINA,Cherokee,County,45,21,45021.0,G4500210,85,Rural Climate Zone 3A,https://www.nlr.gov/docs/fy23osti/86828.pdf,https://www.nlr.gov/docs/fy25osti/91982.pdf
SOUTH CAROLINA,Chester,County,45,23,45023.0,G4500230,28,Counties in North Carolina and South Carolina,https://www.nlr.gov/docs/fy23osti/86774.pdf,https://www.nlr.gov/docs/fy25osti/91929.pdf
SOUTH CAROLINA,Chesterfield,County,45,25,45025.0,G4500250,44,Rural North and South Carolina Counties,https://www.nlr.gov/docs/fy23osti/86789.pdf,https://www.nlr.gov/docs/fy25osti/91944.pdf
SOUTH CAROLINA,Clarendon,County,45,27,45027.0,G4500270,35,Eastern Counties in South Carolina and Georgia,https://www.nlr.gov/docs/fy23osti/86781.pdf,https://www.nlr.gov/docs/fy25osti/91936.pdf
SOUTH CAROLINA,Colleton,County,45,29,45029.0,G4500290,85,Rural Climate Zone 3A,https://www.nlr.gov/docs/fy23osti/86828.pdf,https://www.nlr.gov/docs/fy25osti/91982.pdf
SOUTH CAROLINA,Darlington,County,45,31,45031.0,G4500310,35,Eastern Counties in South Carolina and Georgia,https://www.nlr.gov/docs/fy23osti/86781.pdf,https://www.nlr.gov/docs/fy25osti/91936.pdf
SOUTH CAROLINA,Dillon,County,45,33,45033.0,G4500330,44,Rural North and South Carolina Counties,https://www.nlr.gov/docs/fy23osti/86789.pdf,https://www.nlr.gov/docs/fy25osti/91944.pdf
SOUTH CAROLINA,Dorchester,County,45,35,45035.0,G4500350,35,Eastern Counties in South Carolina and Georgia,https://www.nlr.gov/docs/fy23osti/86781.pdf,https://www.nlr.gov/docs/fy25osti/91936.pdf
SOUTH CAROLINA,Edgefield,County,45,37,45037.0,G4500370,35,Eastern Counties in South Carolina and Georgia,https://www.nlr.gov/docs/fy23osti/86781.pdf,https://www.nlr.gov/docs/fy25osti/91936.pdf
SOUTH CAROLINA,Fairfield,County,45,39,45039.0,G4500390,35,Eastern Counties in South Carolina and Georgia,https://www.nlr.gov/docs/fy23osti/86781.pdf,https://www.nlr.gov/docs/fy25osti/91936.pdf
SOUTH CAROLINA,Florence,County,45,41,45041.0,G4500410,35,Eastern Counties in South Carolina and Georgia,https://www.nlr.gov/docs/fy23osti/86781.pdf,https://www.nlr.gov/docs/fy25osti/91936.pdf
SOUTH CAROLINA,Georgetown,County,45,43,45043.0,G4500430,44,Rural North and South Carolina Counties,https://www.nlr.gov/docs/fy23osti/86789.pdf,https://www.nlr.gov/docs/fy25osti/91944.pdf
SOUTH CAROLINA,Greenville,County,45,45,45045.0,G4500450,18,"the Knoxville-Chattanooga-Asheville and Greenville, SC Area",https://www.nlr.gov/docs/fy23osti/86764.pdf,https://www.nlr.gov/docs/fy25osti/91919.pdf
SOUTH CAROLINA,Greenwood,County,45,47,45047.0,G4500470,85,Rural Climate Zone 3A,https://www.nlr.gov/docs/fy23osti/86828.pdf,https://www.nlr.gov/docs/fy25osti/91982.pdf
SOUTH CAROLINA,Hampton,County,45,49,45049.0,G4500490,85,Rural Climate Zone 3A,https://www.nlr.gov/docs/fy23osti/86828.pdf,https://www.nlr.gov/docs/fy25osti/91982.pdf
SOUTH CAROLINA,Horry,County,45,51,45051.0,G4500510,28,Counties in North Carolina and South Carolina,https://www.nlr.gov/docs/fy23osti/86774.pdf,https://www.nlr.gov/docs/fy25osti/91929.pdf
SOUTH CAROLINA,Jasper,County,45,53,45053.0,G4500530,35,Eastern Counties in South Carolina and Georgia,https://www.nlr.gov/docs/fy23osti/86781.pdf,https://www.nlr.gov/docs/fy25osti/91936.pdf
SOUTH CAROLINA,Kershaw,County,45,55,45055.0,G4500550,35,Eastern Counties in South Carolina and Georgia,https://www.nlr.gov/docs/fy23osti/86781.pdf,https://www.nlr.gov/docs/fy25osti/91936.pdf
SOUTH CAROLINA,Lancaster,County,45,57,45057.0,G4500570,28,Counties in North Carolina and South Carolina,https://www.nlr.gov/docs/fy23osti/86774.pdf,https://www.nlr.gov/docs/fy25osti/91929.pdf
SOUTH CAROLINA,Laurens,County,45,59,45059.0,G4500590,18,"the Knoxville-Chattanooga-Asheville and Greenville, SC Area",https://www.nlr.gov/docs/fy23osti/86764.pdf,https://www.nlr.gov/docs/fy25osti/91919.pdf
SOUTH CAROLINA,Lee,County,45,61,45061.0,G4500610,44,Rural North and South Carolina Counties,https://www.nlr.gov/docs/fy23osti/86789.pdf,https://www.nlr.gov/docs/fy25osti/91944.pdf
SOUTH CAROLINA,Lexington,County,45,63,45063.0,G4500630,35,Eastern Counties in South Carolina and Georgia,https://www.nlr.gov/docs/fy23osti/86781.pdf,https://www.nlr.gov/docs/fy25osti/91936.pdf
SOUTH CAROLINA,Marion,County,45,67,45067.0,G4500670,44,Rural North and South Carolina Counties,https://www.nlr.gov/docs/fy23osti/86789.pdf,https://www.nlr.gov/docs/fy25osti/91944.pdf
SOUTH CAROLINA,Marlboro,County,45,69,45069.0,G4500690,44,Rural North and South Carolina Counties,https://www.nlr.gov/docs/fy23osti/86789.pdf,https://www.nlr.gov/docs/fy25osti/91944.pdf
SOUTH CAROLINA,McCormick,County,45,65,45065.0,G4500650,85,Rural Climate Zone 3A,https://www.nlr.gov/docs/fy23osti/86828.pdf,https://www.nlr.gov/docs/fy25osti/91982.pdf
SOUTH CAROLINA,Newberry,County,45,71,45071.0,G4500710,85,Rural Climate Zone 3A,https://www.nlr.gov/docs/fy23osti/86828.pdf,https://www.nlr.gov/docs/fy25osti/91982.pdf
SOUTH CAROLINA,Oconee,County,45,73,45073.0,G4500730,85,Rural Climate Zone 3A,https://www.nlr.gov/docs/fy23osti/86828.pdf,https://www.nlr.gov/docs/fy25osti/91982.pdf
SOUTH CAROLINA,Orangeburg,County,45,75,45075.0,G4500750,85,Rural Climate Zone 3A,https://www.nlr.gov/docs/fy23osti/86828.pdf,https://www.nlr.gov/docs/fy25osti/91982.pdf
SOUTH CAROLINA,Pickens,County,45,77,45077.0,G4500770,18,"the Knoxville-Chattanooga-Asheville and Greenville, SC Area",https://www.nlr.gov/docs/fy23osti/86764.pdf,https://www.nlr.gov/docs/fy25osti/91919.pdf
SOUTH CAROLINA,Richland,County,45,79,45079.0,G4500790,35,Eastern Counties in South Carolina and Georgia,https://www.nlr.gov/docs/fy23osti/86781.pdf,https://www.nlr.gov/docs/fy25osti/91936.pdf
SOUTH CAROLINA,Saluda,County,45,81,45081.0,G4500810,35,Eastern Counties in South Carolina and Georgia,https://www.nlr.gov/docs/fy23osti/86781.pdf,https://www.nlr.gov/docs/fy25osti/91936.pdf
SOUTH CAROLINA,Spartanburg,County,45,83,45083.0,G4500830,18,"the Knoxville-Chattanooga-Asheville and Greenville, SC Area",https://www.nlr.gov/docs/fy23osti/86764.pdf,https://www.nlr.gov/docs/fy25osti/91919.pdf
SOUTH CAROLINA,Sumter,County,45,85,45085.0,G4500850,35,Eastern Counties in South Carolina and Georgia,https://www.nlr.gov/docs/fy23osti/86781.pdf,https://www.nlr.gov/docs/fy25osti/91936.pdf
SOUTH CAROLINA,Union,County,45,87,45087.0,G4500870,85,Rural Climate Zone 3A,https://www.nlr.gov/docs/fy23osti/86828.pdf,https://www.nlr.gov/docs/fy25osti/91982.pdf
SOUTH CAROLINA,Williamsburg,County,45,89,45089.0,G4500890,44,Rural North and South Carolina Counties,https://www.nlr.gov/docs/fy23osti/86789.pdf,https://www.nlr.gov/docs/fy25osti/91944.pdf
SOUTH CAROLINA,York,County,45,91,45091.0,G4500910,28,Counties in North Carolina and South Carolina,https://www.nlr.gov/docs/fy23osti/86774.pdf,https://www.nlr.gov/docs/fy25osti/91929.pdf
SOUTH DAKOTA,Aurora,County,46,3,46003.0,G4600030,43,Rural Midwest Climate Zone 6A,https://www.nlr.gov/docs/fy23osti/86788.pdf,https://www.nlr.gov/docs/fy25osti/91943.pdf
SOUTH DAKOTA,Beadle,County,46,5,46005.0,G4600050,43,Rural Midwest Climate Zone 6A,https://www.nlr.gov/docs/fy23osti/86788.pdf,https://www.nlr.gov/docs/fy25osti/91943.pdf
SOUTH DAKOTA,Bennett,County,46,7,46007.0,G4600070,17,Rural Lower Midwest and High Plains,https://www.nlr.gov/docs/fy23osti/86763.pdf,https://www.nlr.gov/docs/fy25osti/91918.pdf
SOUTH DAKOTA,Bon Homme,County,46,9,46009.0,G4600090,17,Rural Lower Midwest and High Plains,https://www.nlr.gov/docs/fy23osti/86763.pdf,https://www.nlr.gov/docs/fy25osti/91918.pdf
SOUTH DAKOTA,Brookings,County,46,11,46011.0,G4600110,43,Rural Midwest Climate Zone 6A,https://www.nlr.gov/docs/fy23osti/86788.pdf,https://www.nlr.gov/docs/fy25osti/91943.pdf
SOUTH DAKOTA,Brown,County,46,13,46013.0,G4600130,43,Rural Midwest Climate Zone 6A,https://www.nlr.gov/docs/fy23osti/86788.pdf,https://www.nlr.gov/docs/fy25osti/91943.pdf
SOUTH DAKOTA,Brule,County,46,15,46015.0,G4600150,43,Rural Midwest Climate Zone 6A,https://www.nlr.gov/docs/fy23osti/86788.pdf,https://www.nlr.gov/docs/fy25osti/91943.pdf
SOUTH DAKOTA,Buffalo,County,46,17,46017.0,G4600170,43,Rural Midwest Climate Zone 6A,https://www.nlr.gov/docs/fy23osti/86788.pdf,https://www.nlr.gov/docs/fy25osti/91943.pdf
SOUTH DAKOTA,Butte,County,46,19,46019.0,G4600190,43,Rural Midwest Climate Zone 6A,https://www.nlr.gov/docs/fy23osti/86788.pdf,https://www.nlr.gov/docs/fy25osti/91943.pdf
SOUTH DAKOTA,Campbell,County,46,21,46021.0,G4600210,43,Rural Midwest Climate Zone 6A,https://www.nlr.gov/docs/fy23osti/86788.pdf,https://www.nlr.gov/docs/fy25osti/91943.pdf
SOUTH DAKOTA,Charles Mix,County,46,23,46023.0,G4600230,17,Rural Lower Midwest and High Plains,https://www.nlr.gov/docs/fy23osti/86763.pdf,https://www.nlr.gov/docs/fy25osti/91918.pdf
SOUTH DAKOTA,Clark,County,46,25,46025.0,G4600250,43,Rural Midwest Climate Zone 6A,https://www.nlr.gov/docs/fy23osti/86788.pdf,https://www.nlr.gov/docs/fy25osti/91943.pdf
SOUTH DAKOTA,Clay,County,46,27,46027.0,G4600270,17,Rural Lower Midwest and High Plains,https://www.nlr.gov/docs/fy23osti/86763.pdf,https://www.nlr.gov/docs/fy25osti/91918.pdf
SOUTH DAKOTA,Codington,County,46,29,46029.0,G4600290,43,Rural Midwest Climate Zone 6A,https://www.nlr.gov/docs/fy23osti/86788.pdf,https://www.nlr.gov/docs/fy25osti/91943.pdf
SOUTH DAKOTA,Corson,County,46,31,46031.0,G4600310,43,Rural Midwest Climate Zone 6A,https://www.nlr.gov/docs/fy23osti/86788.pdf,https://www.nlr.gov/docs/fy25osti/91943.pdf
SOUTH DAKOTA,Custer,County,46,33,46033.0,G4600330,17,Rural Lower Midwest and High Plains,https://www.nlr.gov/docs/fy23osti/86763.pdf,https://www.nlr.gov/docs/fy25osti/91918.pdf
SOUTH DAKOTA,Davison,County,46,35,46035.0,G4600350,43,Rural Midwest Climate Zone 6A,https://www.nlr.gov/docs/fy23osti/86788.pdf,https://www.nlr.gov/docs/fy25osti/91943.pdf
SOUTH DAKOTA,Day,County,46,37,46037.0,G4600370,43,Rural Midwest Climate Zone 6A,https://www.nlr.gov/docs/fy23osti/86788.pdf,https://www.nlr.gov/docs/fy25osti/91943.pdf
SOUTH DAKOTA,Deuel,County,46,39,46039.0,G4600390,43,Rural Midwest Climate Zone 6A,https://www.nlr.gov/docs/fy23osti/86788.pdf,https://www.nlr.gov/docs/fy25osti/91943.pdf
SOUTH DAKOTA,Dewey,County,46,41,46041.0,G4600410,43,Rural Midwest Climate Zone 6A,https://www.nlr.gov/docs/fy23osti/86788.pdf,https://www.nlr.gov/docs/fy25osti/91943.pdf
SOUTH DAKOTA,Douglas,County,46,43,46043.0,G4600430,17,Rural Lower Midwest and High Plains,https://www.nlr.gov/docs/fy23osti/86763.pdf,https://www.nlr.gov/docs/fy25osti/91918.pdf
SOUTH DAKOTA,Edmunds,County,46,45,46045.0,G4600450,43,Rural Midwest Climate Zone 6A,https://www.nlr.gov/docs/fy23osti/86788.pdf,https://www.nlr.gov/docs/fy25osti/91943.pdf
SOUTH DAKOTA,Fall River,County,46,47,46047.0,G4600470,17,Rural Lower Midwest and High Plains,https://www.nlr.gov/docs/fy23osti/86763.pdf,https://www.nlr.gov/docs/fy25osti/91918.pdf
SOUTH DAKOTA,Faulk,County,46,49,46049.0,G4600490,43,Rural Midwest Climate Zone 6A,https://www.nlr.gov/docs/fy23osti/86788.pdf,https://www.nlr.gov/docs/fy25osti/91943.pdf
SOUTH DAKOTA,Grant,County,46,51,46051.0,G4600510,43,Rural Midwest Climate Zone 6A,https://www.nlr.gov/docs/fy23osti/86788.pdf,https://www.nlr.gov/docs/fy25osti/91943.pdf
SOUTH DAKOTA,Gregory,County,46,53,46053.0,G4600530,17,Rural Lower Midwest and High Plains,https://www.nlr.gov/docs/fy23osti/86763.pdf,https://www.nlr.gov/docs/fy25osti/91918.pdf
SOUTH DAKOTA,Haakon,County,46,55,46055.0,G4600550,43,Rural Midwest Climate Zone 6A,https://www.nlr.gov/docs/fy23osti/86788.pdf,https://www.nlr.gov/docs/fy25osti/91943.pdf
SOUTH DAKOTA,Hamlin,County,46,57,46057.0,G4600570,43,Rural Midwest Climate Zone 6A,https://www.nlr.gov/docs/fy23osti/86788.pdf,https://www.nlr.gov/docs/fy25osti/91943.pdf
SOUTH DAKOTA,Hand,County,46,59,46059.0,G4600590,43,Rural Midwest Climate Zone 6A,https://www.nlr.gov/docs/fy23osti/86788.pdf,https://www.nlr.gov/docs/fy25osti/91943.pdf
SOUTH DAKOTA,Hanson,County,46,61,46061.0,G4600610,43,Rural Midwest Climate Zone 6A,https://www.nlr.gov/docs/fy23osti/86788.pdf,https://www.nlr.gov/docs/fy25osti/91943.pdf
SOUTH DAKOTA,Harding,County,46,63,46063.0,G4600630,43,Rural Midwest Climate Zone 6A,https://www.nlr.gov/docs/fy23osti/86788.pdf,https://www.nlr.gov/docs/fy25osti/91943.pdf
SOUTH DAKOTA,Hughes,County,46,65,46065.0,G4600650,43,Rural Midwest Climate Zone 6A,https://www.nlr.gov/docs/fy23osti/86788.pdf,https://www.nlr.gov/docs/fy25osti/91943.pdf
SOUTH DAKOTA,Hutchinson,County,46,67,46067.0,G4600670,17,Rural Lower Midwest and High Plains,https://www.nlr.gov/docs/fy23osti/86763.pdf,https://www.nlr.gov/docs/fy25osti/91918.pdf
SOUTH DAKOTA,Hyde,County,46,69,46069.0,G4600690,43,Rural Midwest Climate Zone 6A,https://www.nlr.gov/docs/fy23osti/86788.pdf,https://www.nlr.gov/docs/fy25osti/91943.pdf
SOUTH DAKOTA,Jackson,County,46,71,46071.0,G4600710,17,Rural Lower Midwest and High Plains,https://www.nlr.gov/docs/fy23osti/86763.pdf,https://www.nlr.gov/docs/fy25osti/91918.pdf
SOUTH DAKOTA,Jerauld,County,46,73,46073.0,G4600730,43,Rural Midwest Climate Zone 6A,https://www.nlr.gov/docs/fy23osti/86788.pdf,https://www.nlr.gov/docs/fy25osti/91943.pdf
SOUTH DAKOTA,Jones,County,46,75,46075.0,G4600750,43,Rural Midwest Climate Zone 6A,https://www.nlr.gov/docs/fy23osti/86788.pdf,https://www.nlr.gov/docs/fy25osti/91943.pdf
SOUTH DAKOTA,Kingsbury,County,46,77,46077.0,G4600770,43,Rural Midwest Climate Zone 6A,https://www.nlr.gov/docs/fy23osti/86788.pdf,https://www.nlr.gov/docs/fy25osti/91943.pdf
SOUTH DAKOTA,Lake,County,46,79,46079.0,G4600790,43,Rural Midwest Climate Zone 6A,https://www.nlr.gov/docs/fy23osti/86788.pdf,https://www.nlr.gov/docs/fy25osti/91943.pdf
SOUTH DAKOTA,Lawrence,County,46,81,46081.0,G4600810,43,Rural Midwest Climate Zone 6A,https://www.nlr.gov/docs/fy23osti/86788.pdf,https://www.nlr.gov/docs/fy25osti/91943.pdf
SOUTH DAKOTA,Lincoln,County,46,83,46083.0,G4600830,0,"Des Moines, Cedar Rapids, Sioux Falls",https://www.nlr.gov/docs/fy23osti/86753.pdf,https://www.nlr.gov/docs/fy25osti/91908.pdf
SOUTH DAKOTA,Lyman,County,46,85,46085.0,G4600850,43,Rural Midwest Climate Zone 6A,https://www.nlr.gov/docs/fy23osti/86788.pdf,https://www.nlr.gov/docs/fy25osti/91943.pdf
SOUTH DAKOTA,Marshall,County,46,91,46091.0,G4600910,43,Rural Midwest Climate Zone 6A,https://www.nlr.gov/docs/fy23osti/86788.pdf,https://www.nlr.gov/docs/fy25osti/91943.pdf
SOUTH DAKOTA,McCook,County,46,87,46087.0,G4600870,0,"Des Moines, Cedar Rapids, Sioux Falls",https://www.nlr.gov/docs/fy23osti/86753.pdf,https://www.nlr.gov/docs/fy25osti/91908.pdf
SOUTH DAKOTA,McPherson,County,46,89,46089.0,G4600890,43,Rural Midwest Climate Zone 6A,https://www.nlr.gov/docs/fy23osti/86788.pdf,https://www.nlr.gov/docs/fy25osti/91943.pdf
SOUTH DAKOTA,Meade,County,46,93,46093.0,G4600930,68,"Small Urban Areas in the Dakotas, Idaho, Montana, and Wyoming",https://www.nlr.gov/docs/fy23osti/86810.pdf,https://www.nlr.gov/docs/fy25osti/91965.pdf
SOUTH DAKOTA,Mellette,County,46,95,46095.0,G4600950,17,Rural Lower Midwest and High Plains,https://www.nlr.gov/docs/fy23osti/86763.pdf,https://www.nlr.gov/docs/fy25osti/91918.pdf
SOUTH DAKOTA,Miner,County,46,97,46097.0,G4600970,43,Rural Midwest Climate Zone 6A,https://www.nlr.gov/docs/fy23osti/86788.pdf,https://www.nlr.gov/docs/fy25osti/91943.pdf
SOUTH DAKOTA,Minnehaha,County,46,99,46099.0,G4600990,0,"Des Moines, Cedar Rapids, Sioux Falls",https://www.nlr.gov/docs/fy23osti/86753.pdf,https://www.nlr.gov/docs/fy25osti/91908.pdf
SOUTH DAKOTA,Moody,County,46,101,46101.0,G4601010,43,Rural Midwest Climate Zone 6A,https://www.nlr.gov/docs/fy23osti/86788.pdf,https://www.nlr.gov/docs/fy25osti/91943.pdf
SOUTH DAKOTA,Oglala Lakota,County,46,102,46102.0,G4601020,17,Rural Lower Midwest and High Plains,https://www.nlr.gov/docs/fy23osti/86763.pdf,https://www.nlr.gov/docs/fy25osti/91918.pdf
SOUTH DAKOTA,Pennington,County,46,103,46103.0,G4601030,68,"Small Urban Areas in the Dakotas, Idaho, Montana, and Wyoming",https://www.nlr.gov/docs/fy23osti/86810.pdf,https://www.nlr.gov/docs/fy25osti/91965.pdf
SOUTH DAKOTA,Perkins,County,46,105,46105.0,G4601050,43,Rural Midwest Climate Zone 6A,https://www.nlr.gov/docs/fy23osti/86788.pdf,https://www.nlr.gov/docs/fy25osti/91943.pdf
SOUTH DAKOTA,Potter,County,46,107,46107.0,G4601070,43,Rural Midwest Climate Zone 6A,https://www.nlr.gov/docs/fy23osti/86788.pdf,https://www.nlr.gov/docs/fy25osti/91943.pdf
SOUTH DAKOTA,Roberts,County,46,109,46109.0,G4601090,43,Rural Midwest Climate Zone 6A,https://www.nlr.gov/docs/fy23osti/86788.pdf,https://www.nlr.gov/docs/fy25osti/91943.pdf
SOUTH DAKOTA,Sanborn,County,46,111,46111.0,G4601110,43,Rural Midwest Climate Zone 6A,https://www.nlr.gov/docs/fy23osti/86788.pdf,https://www.nlr.gov/docs/fy25osti/91943.pdf
SOUTH DAKOTA,Shannon,County,46,113,0,G4601130,17,Rural Lower Midwest and High Plains,https://www.nlr.gov/docs/fy23osti/86763.pdf,https://www.nlr.gov/docs/fy25osti/91918.pdf
SOUTH DAKOTA,Spink,County,46,115,46115.0,G4601150,43,Rural Midwest Climate Zone 6A,https://www.nlr.gov/docs/fy23osti/86788.pdf,https://www.nlr.gov/docs/fy25osti/91943.pdf
SOUTH DAKOTA,Stanley,County,46,117,46117.0,G4601170,43,Rural Midwest Climate Zone 6A,https://www.nlr.gov/docs/fy23osti/86788.pdf,https://www.nlr.gov/docs/fy25osti/91943.pdf
SOUTH DAKOTA,Sully,County,46,119,46119.0,G4601190,43,Rural Midwest Climate Zone 6A,https://www.nlr.gov/docs/fy23osti/86788.pdf,https://www.nlr.gov/docs/fy25osti/91943.pdf
SOUTH DAKOTA,Todd,County,46,121,46121.0,G4601210,17,Rural Lower Midwest and High Plains,https://www.nlr.gov/docs/fy23osti/86763.pdf,https://www.nlr.gov/docs/fy25osti/91918.pdf
SOUTH DAKOTA,Tripp,County,46,123,46123.0,G4601230,17,Rural Lower Midwest and High Plains,https://www.nlr.gov/docs/fy23osti/86763.pdf,https://www.nlr.gov/docs/fy25osti/91918.pdf
SOUTH DAKOTA,Turner,County,46,125,46125.0,G4601250,0,"Des Moines, Cedar Rapids, Sioux Falls",https://www.nlr.gov/docs/fy23osti/86753.pdf,https://www.nlr.gov/docs/fy25osti/91908.pdf
SOUTH DAKOTA,Union,County,46,127,46127.0,G4601270,0,"Des Moines, Cedar Rapids, Sioux Falls",https://www.nlr.gov/docs/fy23osti/86753.pdf,https://www.nlr.gov/docs/fy25osti/91908.pdf
SOUTH DAKOTA,Walworth,County,46,129,46129.0,G4601290,43,Rural Midwest Climate Zone 6A,https://www.nlr.gov/docs/fy23osti/86788.pdf,https://www.nlr.gov/docs/fy25osti/91943.pdf
SOUTH DAKOTA,Yankton,County,46,135,46135.0,G4601350,17,Rural Lower Midwest and High Plains,https://www.nlr.gov/docs/fy23osti/86763.pdf,https://www.nlr.gov/docs/fy25osti/91918.pdf
SOUTH DAKOTA,Ziebach,County,46,137,46137.0,G4601370,43,Rural Midwest Climate Zone 6A,https://www.nlr.gov/docs/fy23osti/86788.pdf,https://www.nlr.gov/docs/fy25osti/91943.pdf
TENNESSEE,Anderson,County,47,1,47001.0,G4700010,18,"the Knoxville-Chattanooga-Asheville and Greenville, SC Area",https://www.nlr.gov/docs/fy23osti/86764.pdf,https://www.nlr.gov/docs/fy25osti/91919.pdf
TENNESSEE,Bedford,County,47,3,47003.0,G4700030,33,Rural Lower Plains-Upper South Appalachia,https://www.nlr.gov/docs/fy23osti/86779.pdf,https://www.nlr.gov/docs/fy25osti/91934.pdf
TENNESSEE,Benton,County,47,5,47005.0,G4700050,33,Rural Lower Plains-Upper South Appalachia,https://www.nlr.gov/docs/fy23osti/86779.pdf,https://www.nlr.gov/docs/fy25osti/91934.pdf
TENNESSEE,Bledsoe,County,47,7,47007.0,G4700070,33,Rural Lower Plains-Upper South Appalachia,https://www.nlr.gov/docs/fy23osti/86779.pdf,https://www.nlr.gov/docs/fy25osti/91934.pdf
TENNESSEE,Blount,County,47,9,47009.0,G4700090,18,"the Knoxville-Chattanooga-Asheville and Greenville, SC Area",https://www.nlr.gov/docs/fy23osti/86764.pdf,https://www.nlr.gov/docs/fy25osti/91919.pdf
TENNESSEE,Bradley,County,47,11,47011.0,G4700110,18,"the Knoxville-Chattanooga-Asheville and Greenville, SC Area",https://www.nlr.gov/docs/fy23osti/86764.pdf,https://www.nlr.gov/docs/fy25osti/91919.pdf
TENNESSEE,Campbell,County,47,13,47013.0,G4700130,18,"the Knoxville-Chattanooga-Asheville and Greenville, SC Area",https://www.nlr.gov/docs/fy23osti/86764.pdf,https://www.nlr.gov/docs/fy25osti/91919.pdf
TENNESSEE,Cannon,County,47,15,47015.0,G4700150,40,the Greater Nashville and Hopkinsville-Bowling Green Area,https://www.nlr.gov/docs/fy23osti/86786.pdf,https://www.nlr.gov/docs/fy25osti/91941.pdf
TENNESSEE,Carroll,County,47,17,47017.0,G4700170,33,Rural Lower Plains-Upper South Appalachia,https://www.nlr.gov/docs/fy23osti/86779.pdf,https://www.nlr.gov/docs/fy25osti/91934.pdf
TENNESSEE,Carter,County,47,19,47019.0,G4700190,18,"the Knoxville-Chattanooga-Asheville and Greenville, SC Area",https://www.nlr.gov/docs/fy23osti/86764.pdf,https://www.nlr.gov/docs/fy25osti/91919.pdf
TENNESSEE,Cheatham,County,47,21,47021.0,G4700210,40,the Greater Nashville and Hopkinsville-Bowling Green Area,https://www.nlr.gov/docs/fy23osti/86786.pdf,https://www.nlr.gov/docs/fy25osti/91941.pdf
TENNESSEE,Chester,County,47,23,47023.0,G4700230,64,the Greater Memphis Area,https://www.nlr.gov/docs/fy23osti/86807.pdf,https://www.nlr.gov/docs/fy25osti/91962.pdf
TENNESSEE,Claiborne,County,47,25,47025.0,G4700250,33,Rural Lower Plains-Upper South Appalachia,https://www.nlr.gov/docs/fy23osti/86779.pdf,https://www.nlr.gov/docs/fy25osti/91934.pdf
TENNESSEE,Clay,County,47,27,47027.0,G4700270,33,Rural Lower Plains-Upper South Appalachia,https://www.nlr.gov/docs/fy23osti/86779.pdf,https://www.nlr.gov/docs/fy25osti/91934.pdf
TENNESSEE,Cocke,County,47,29,47029.0,G4700290,33,Rural Lower Plains-Upper South Appalachia,https://www.nlr.gov/docs/fy23osti/86779.pdf,https://www.nlr.gov/docs/fy25osti/91934.pdf
TENNESSEE,Coffee,County,47,31,47031.0,G4700310,33,Rural Lower Plains-Upper South Appalachia,https://www.nlr.gov/docs/fy23osti/86779.pdf,https://www.nlr.gov/docs/fy25osti/91934.pdf
TENNESSEE,Crockett,County,47,33,47033.0,G4700330,64,the Greater Memphis Area,https://www.nlr.gov/docs/fy23osti/86807.pdf,https://www.nlr.gov/docs/fy25osti/91962.pdf
TENNESSEE,Cumberland,County,47,35,47035.0,G4700350,33,Rural Lower Plains-Upper South Appalachia,https://www.nlr.gov/docs/fy23osti/86779.pdf,https://www.nlr.gov/docs/fy25osti/91934.pdf
TENNESSEE,Davidson,County,47,37,47037.0,G4700370,40,the Greater Nashville and Hopkinsville-Bowling Green Area,https://www.nlr.gov/docs/fy23osti/86786.pdf,https://www.nlr.gov/docs/fy25osti/91941.pdf
TENNESSEE,DeKalb,County,47,41,47041.0,G4700410,33,Rural Lower Plains-Upper South Appalachia,https://www.nlr.gov/docs/fy23osti/86779.pdf,https://www.nlr.gov/docs/fy25osti/91934.pdf
TENNESSEE,Decatur,County,47,39,47039.0,G4700390,33,Rural Lower Plains-Upper South Appalachia,https://www.nlr.gov/docs/fy23osti/86779.pdf,https://www.nlr.gov/docs/fy25osti/91934.pdf
TENNESSEE,Dickson,County,47,43,47043.0,G4700430,40,the Greater Nashville and Hopkinsville-Bowling Green Area,https://www.nlr.gov/docs/fy23osti/86786.pdf,https://www.nlr.gov/docs/fy25osti/91941.pdf
TENNESSEE,Dyer,County,47,45,47045.0,G4700450,85,Rural Climate Zone 3A,https://www.nlr.gov/docs/fy23osti/86828.pdf,https://www.nlr.gov/docs/fy25osti/91982.pdf
TENNESSEE,Fayette,County,47,47,47047.0,G4700470,64,the Greater Memphis Area,https://www.nlr.gov/docs/fy23osti/86807.pdf,https://www.nlr.gov/docs/fy25osti/91962.pdf
TENNESSEE,Fentress,County,47,49,47049.0,G4700490,33,Rural Lower Plains-Upper South Appalachia,https://www.nlr.gov/docs/fy23osti/86779.pdf,https://www.nlr.gov/docs/fy25osti/91934.pdf
TENNESSEE,Franklin,County,47,51,47051.0,G4700510,33,Rural Lower Plains-Upper South Appalachia,https://www.nlr.gov/docs/fy23osti/86779.pdf,https://www.nlr.gov/docs/fy25osti/91934.pdf
TENNESSEE,Gibson,County,47,53,47053.0,G4700530,64,the Greater Memphis Area,https://www.nlr.gov/docs/fy23osti/86807.pdf,https://www.nlr.gov/docs/fy25osti/91962.pdf
TENNESSEE,Giles,County,47,55,47055.0,G4700550,33,Rural Lower Plains-Upper South Appalachia,https://www.nlr.gov/docs/fy23osti/86779.pdf,https://www.nlr.gov/docs/fy25osti/91934.pdf
TENNESSEE,Grainger,County,47,57,47057.0,G4700570,18,"the Knoxville-Chattanooga-Asheville and Greenville, SC Area",https://www.nlr.gov/docs/fy23osti/86764.pdf,https://www.nlr.gov/docs/fy25osti/91919.pdf
TENNESSEE,Greene,County,47,59,47059.0,G4700590,33,Rural Lower Plains-Upper South Appalachia,https://www.nlr.gov/docs/fy23osti/86779.pdf,https://www.nlr.gov/docs/fy25osti/91934.pdf
TENNESSEE,Grundy,County,47,61,47061.0,G4700610,33,Rural Lower Plains-Upper South Appalachia,https://www.nlr.gov/docs/fy23osti/86779.pdf,https://www.nlr.gov/docs/fy25osti/91934.pdf
TENNESSEE,Hamblen,County,47,63,47063.0,G4700630,18,"the Knoxville-Chattanooga-Asheville and Greenville, SC Area",https://www.nlr.gov/docs/fy23osti/86764.pdf,https://www.nlr.gov/docs/fy25osti/91919.pdf
TENNESSEE,Hamilton,County,47,65,47065.0,G4700650,18,"the Knoxville-Chattanooga-Asheville and Greenville, SC Area",https://www.nlr.gov/docs/fy23osti/86764.pdf,https://www.nlr.gov/docs/fy25osti/91919.pdf
TENNESSEE,Hancock,County,47,67,47067.0,G4700670,33,Rural Lower Plains-Upper South Appalachia,https://www.nlr.gov/docs/fy23osti/86779.pdf,https://www.nlr.gov/docs/fy25osti/91934.pdf
TENNESSEE,Hardeman,County,47,69,47069.0,G4700690,85,Rural Climate Zone 3A,https://www.nlr.gov/docs/fy23osti/86828.pdf,https://www.nlr.gov/docs/fy25osti/91982.pdf
TENNESSEE,Hardin,County,47,71,47071.0,G4700710,85,Rural Climate Zone 3A,https://www.nlr.gov/docs/fy23osti/86828.pdf,https://www.nlr.gov/docs/fy25osti/91982.pdf
TENNESSEE,Hawkins,County,47,73,47073.0,G4700730,18,"the Knoxville-Chattanooga-Asheville and Greenville, SC Area",https://www.nlr.gov/docs/fy23osti/86764.pdf,https://www.nlr.gov/docs/fy25osti/91919.pdf
TENNESSEE,Haywood,County,47,75,47075.0,G4700750,85,Rural Climate Zone 3A,https://www.nlr.gov/docs/fy23osti/86828.pdf,https://www.nlr.gov/docs/fy25osti/91982.pdf
TENNESSEE,Henderson,County,47,77,47077.0,G4700770,85,Rural Climate Zone 3A,https://www.nlr.gov/docs/fy23osti/86828.pdf,https://www.nlr.gov/docs/fy25osti/91982.pdf
TENNESSEE,Henry,County,47,79,47079.0,G4700790,33,Rural Lower Plains-Upper South Appalachia,https://www.nlr.gov/docs/fy23osti/86779.pdf,https://www.nlr.gov/docs/fy25osti/91934.pdf
TENNESSEE,Hickman,County,47,81,47081.0,G4700810,33,Rural Lower Plains-Upper South Appalachia,https://www.nlr.gov/docs/fy23osti/86779.pdf,https://www.nlr.gov/docs/fy25osti/91934.pdf
TENNESSEE,Houston,County,47,83,47083.0,G4700830,33,Rural Lower Plains-Upper South Appalachia,https://www.nlr.gov/docs/fy23osti/86779.pdf,https://www.nlr.gov/docs/fy25osti/91934.pdf
TENNESSEE,Humphreys,County,47,85,47085.0,G4700850,33,Rural Lower Plains-Upper South Appalachia,https://www.nlr.gov/docs/fy23osti/86779.pdf,https://www.nlr.gov/docs/fy25osti/91934.pdf
TENNESSEE,Jackson,County,47,87,47087.0,G4700870,33,Rural Lower Plains-Upper South Appalachia,https://www.nlr.gov/docs/fy23osti/86779.pdf,https://www.nlr.gov/docs/fy25osti/91934.pdf
TENNESSEE,Jefferson,County,47,89,47089.0,G4700890,18,"the Knoxville-Chattanooga-Asheville and Greenville, SC Area",https://www.nlr.gov/docs/fy23osti/86764.pdf,https://www.nlr.gov/docs/fy25osti/91919.pdf
TENNESSEE,Johnson,County,47,91,47091.0,G4700910,33,Rural Lower Plains-Upper South Appalachia,https://www.nlr.gov/docs/fy23osti/86779.pdf,https://www.nlr.gov/docs/fy25osti/91934.pdf
TENNESSEE,Knox,County,47,93,47093.0,G4700930,18,"the Knoxville-Chattanooga-Asheville and Greenville, SC Area",https://www.nlr.gov/docs/fy23osti/86764.pdf,https://www.nlr.gov/docs/fy25osti/91919.pdf
TENNESSEE,Lake,County,47,95,47095.0,G4700950,85,Rural Climate Zone 3A,https://www.nlr.gov/docs/fy23osti/86828.pdf,https://www.nlr.gov/docs/fy25osti/91982.pdf
TENNESSEE,Lauderdale,County,47,97,47097.0,G4700970,85,Rural Climate Zone 3A,https://www.nlr.gov/docs/fy23osti/86828.pdf,https://www.nlr.gov/docs/fy25osti/91982.pdf
TENNESSEE,Lawrence,County,47,99,47099.0,G4700990,33,Rural Lower Plains-Upper South Appalachia,https://www.nlr.gov/docs/fy23osti/86779.pdf,https://www.nlr.gov/docs/fy25osti/91934.pdf
TENNESSEE,Lewis,County,47,101,47101.0,G4701010,33,Rural Lower Plains-Upper South Appalachia,https://www.nlr.gov/docs/fy23osti/86779.pdf,https://www.nlr.gov/docs/fy25osti/91934.pdf
TENNESSEE,Lincoln,County,47,103,47103.0,G4701030,33,Rural Lower Plains-Upper South Appalachia,https://www.nlr.gov/docs/fy23osti/86779.pdf,https://www.nlr.gov/docs/fy25osti/91934.pdf
TENNESSEE,Loudon,County,47,105,47105.0,G4701050,18,"the Knoxville-Chattanooga-Asheville and Greenville, SC Area",https://www.nlr.gov/docs/fy23osti/86764.pdf,https://www.nlr.gov/docs/fy25osti/91919.pdf
TENNESSEE,Macon,County,47,111,47111.0,G4701110,40,the Greater Nashville and Hopkinsville-Bowling Green Area,https://www.nlr.gov/docs/fy23osti/86786.pdf,https://www.nlr.gov/docs/fy25osti/91941.pdf
TENNESSEE,Madison,County,47,113,47113.0,G4701130,64,the Greater Memphis Area,https://www.nlr.gov/docs/fy23osti/86807.pdf,https://www.nlr.gov/docs/fy25osti/91962.pdf
TENNESSEE,Marion,County,47,115,47115.0,G4701150,18,"the Knoxville-Chattanooga-Asheville and Greenville, SC Area",https://www.nlr.gov/docs/fy23osti/86764.pdf,https://www.nlr.gov/docs/fy25osti/91919.pdf
TENNESSEE,Marshall,County,47,117,47117.0,G4701170,33,Rural Lower Plains-Upper South Appalachia,https://www.nlr.gov/docs/fy23osti/86779.pdf,https://www.nlr.gov/docs/fy25osti/91934.pdf
TENNESSEE,Maury,County,47,119,47119.0,G4701190,40,the Greater Nashville and Hopkinsville-Bowling Green Area,https://www.nlr.gov/docs/fy23osti/86786.pdf,https://www.nlr.gov/docs/fy25osti/91941.pdf
TENNESSEE,McMinn,County,47,107,47107.0,G4701070,33,Rural Lower Plains-Upper South Appalachia,https://www.nlr.gov/docs/fy23osti/86779.pdf,https://www.nlr.gov/docs/fy25osti/91934.pdf
TENNESSEE,McNairy,County,47,109,47109.0,G4701090,85,Rural Climate Zone 3A,https://www.nlr.gov/docs/fy23osti/86828.pdf,https://www.nlr.gov/docs/fy25osti/91982.pdf
TENNESSEE,Meigs,County,47,121,47121.0,G4701210,33,Rural Lower Plains-Upper South Appalachia,https://www.nlr.gov/docs/fy23osti/86779.pdf,https://www.nlr.gov/docs/fy25osti/91934.pdf
TENNESSEE,Monroe,County,47,123,47123.0,G4701230,33,Rural Lower Plains-Upper South Appalachia,https://www.nlr.gov/docs/fy23osti/86779.pdf,https://www.nlr.gov/docs/fy25osti/91934.pdf
TENNESSEE,Montgomery,County,47,125,47125.0,G4701250,40,the Greater Nashville and Hopkinsville-Bowling Green Area,https://www.nlr.gov/docs/fy23osti/86786.pdf,https://www.nlr.gov/docs/fy25osti/91941.pdf
TENNESSEE,Moore,County,47,127,47127.0,G4701270,33,Rural Lower Plains-Upper South Appalachia,https://www.nlr.gov/docs/fy23osti/86779.pdf,https://www.nlr.gov/docs/fy25osti/91934.pdf
TENNESSEE,Morgan,County,47,129,47129.0,G4701290,18,"the Knoxville-Chattanooga-Asheville and Greenville, SC Area",https://www.nlr.gov/docs/fy23osti/86764.pdf,https://www.nlr.gov/docs/fy25osti/91919.pdf
TENNESSEE,Obion,County,47,131,47131.0,G4701310,33,Rural Lower Plains-Upper South Appalachia,https://www.nlr.gov/docs/fy23osti/86779.pdf,https://www.nlr.gov/docs/fy25osti/91934.pdf
TENNESSEE,Overton,County,47,133,47133.0,G4701330,33,Rural Lower Plains-Upper South Appalachia,https://www.nlr.gov/docs/fy23osti/86779.pdf,https://www.nlr.gov/docs/fy25osti/91934.pdf
TENNESSEE,Perry,County,47,135,47135.0,G4701350,33,Rural Lower Plains-Upper South Appalachia,https://www.nlr.gov/docs/fy23osti/86779.pdf,https://www.nlr.gov/docs/fy25osti/91934.pdf
TENNESSEE,Pickett,County,47,137,47137.0,G4701370,33,Rural Lower Plains-Upper South Appalachia,https://www.nlr.gov/docs/fy23osti/86779.pdf,https://www.nlr.gov/docs/fy25osti/91934.pdf
TENNESSEE,Polk,County,47,139,47139.0,G4701390,18,"the Knoxville-Chattanooga-Asheville and Greenville, SC Area",https://www.nlr.gov/docs/fy23osti/86764.pdf,https://www.nlr.gov/docs/fy25osti/91919.pdf
TENNESSEE,Putnam,County,47,141,47141.0,G4701410,33,Rural Lower Plains-Upper South Appalachia,https://www.nlr.gov/docs/fy23osti/86779.pdf,https://www.nlr.gov/docs/fy25osti/91934.pdf
TENNESSEE,Rhea,County,47,143,47143.0,G4701430,33,Rural Lower Plains-Upper South Appalachia,https://www.nlr.gov/docs/fy23osti/86779.pdf,https://www.nlr.gov/docs/fy25osti/91934.pdf
TENNESSEE,Roane,County,47,145,47145.0,G4701450,18,"the Knoxville-Chattanooga-Asheville and Greenville, SC Area",https://www.nlr.gov/docs/fy23osti/86764.pdf,https://www.nlr.gov/docs/fy25osti/91919.pdf
TENNESSEE,Robertson,County,47,147,47147.0,G4701470,40,the Greater Nashville and Hopkinsville-Bowling Green Area,https://www.nlr.gov/docs/fy23osti/86786.pdf,https://www.nlr.gov/docs/fy25osti/91941.pdf
TENNESSEE,Rutherford,County,47,149,47149.0,G4701490,40,the Greater Nashville and Hopkinsville-Bowling Green Area,https://www.nlr.gov/docs/fy23osti/86786.pdf,https://www.nlr.gov/docs/fy25osti/91941.pdf
TENNESSEE,Scott,County,47,151,47151.0,G4701510,33,Rural Lower Plains-Upper South Appalachia,https://www.nlr.gov/docs/fy23osti/86779.pdf,https://www.nlr.gov/docs/fy25osti/91934.pdf
TENNESSEE,Sequatchie,County,47,153,47153.0,G4701530,18,"the Knoxville-Chattanooga-Asheville and Greenville, SC Area",https://www.nlr.gov/docs/fy23osti/86764.pdf,https://www.nlr.gov/docs/fy25osti/91919.pdf
TENNESSEE,Sevier,County,47,155,47155.0,G4701550,33,Rural Lower Plains-Upper South Appalachia,https://www.nlr.gov/docs/fy23osti/86779.pdf,https://www.nlr.gov/docs/fy25osti/91934.pdf
TENNESSEE,Shelby,County,47,157,47157.0,G4701570,64,the Greater Memphis Area,https://www.nlr.gov/docs/fy23osti/86807.pdf,https://www.nlr.gov/docs/fy25osti/91962.pdf
TENNESSEE,Smith,County,47,159,47159.0,G4701590,40,the Greater Nashville and Hopkinsville-Bowling Green Area,https://www.nlr.gov/docs/fy23osti/86786.pdf,https://www.nlr.gov/docs/fy25osti/91941.pdf
TENNESSEE,Stewart,County,47,161,47161.0,G4701610,40,the Greater Nashville and Hopkinsville-Bowling Green Area,https://www.nlr.gov/docs/fy23osti/86786.pdf,https://www.nlr.gov/docs/fy25osti/91941.pdf
TENNESSEE,Sullivan,County,47,163,47163.0,G4701630,18,"the Knoxville-Chattanooga-Asheville and Greenville, SC Area",https://www.nlr.gov/docs/fy23osti/86764.pdf,https://www.nlr.gov/docs/fy25osti/91919.pdf
TENNESSEE,Sumner,County,47,165,47165.0,G4701650,40,the Greater Nashville and Hopkinsville-Bowling Green Area,https://www.nlr.gov/docs/fy23osti/86786.pdf,https://www.nlr.gov/docs/fy25osti/91941.pdf
TENNESSEE,Tipton,County,47,167,47167.0,G4701670,64,the Greater Memphis Area,https://www.nlr.gov/docs/fy23osti/86807.pdf,https://www.nlr.gov/docs/fy25osti/91962.pdf
TENNESSEE,Trousdale,County,47,169,47169.0,G4701690,40,the Greater Nashville and Hopkinsville-Bowling Green Area,https://www.nlr.gov/docs/fy23osti/86786.pdf,https://www.nlr.gov/docs/fy25osti/91941.pdf
TENNESSEE,Unicoi,County,47,171,47171.0,G4701710,18,"the Knoxville-Chattanooga-Asheville and Greenville, SC Area",https://www.nlr.gov/docs/fy23osti/86764.pdf,https://www.nlr.gov/docs/fy25osti/91919.pdf
TENNESSEE,Union,County,47,173,47173.0,G4701730,18,"the Knoxville-Chattanooga-Asheville and Greenville, SC Area",https://www.nlr.gov/docs/fy23osti/86764.pdf,https://www.nlr.gov/docs/fy25osti/91919.pdf
TENNESSEE,Van Buren,County,47,175,47175.0,G4701750,33,Rural Lower Plains-Upper South Appalachia,https://www.nlr.gov/docs/fy23osti/86779.pdf,https://www.nlr.gov/docs/fy25osti/91934.pdf
TENNESSEE,Warren,County,47,177,47177.0,G4701770,33,Rural Lower Plains-Upper South Appalachia,https://www.nlr.gov/docs/fy23osti/86779.pdf,https://www.nlr.gov/docs/fy25osti/91934.pdf
TENNESSEE,Washington,County,47,179,47179.0,G4701790,18,"the Knoxville-Chattanooga-Asheville and Greenville, SC Area",https://www.nlr.gov/docs/fy23osti/86764.pdf,https://www.nlr.gov/docs/fy25osti/91919.pdf
TENNESSEE,Wayne,County,47,181,47181.0,G4701810,33,Rural Lower Plains-Upper South Appalachia,https://www.nlr.gov/docs/fy23osti/86779.pdf,https://www.nlr.gov/docs/fy25osti/91934.pdf
TENNESSEE,Weakley,County,47,183,47183.0,G4701830,33,Rural Lower Plains-Upper South Appalachia,https://www.nlr.gov/docs/fy23osti/86779.pdf,https://www.nlr.gov/docs/fy25osti/91934.pdf
TENNESSEE,White,County,47,185,47185.0,G4701850,33,Rural Lower Plains-Upper South Appalachia,https://www.nlr.gov/docs/fy23osti/86779.pdf,https://www.nlr.gov/docs/fy25osti/91934.pdf
TENNESSEE,Williamson,County,47,187,47187.0,G4701870,40,the Greater Nashville and Hopkinsville-Bowling Green Area,https://www.nlr.gov/docs/fy23osti/86786.pdf,https://www.nlr.gov/docs/fy25osti/91941.pdf
TENNESSEE,Wilson,County,47,189,47189.0,G4701890,40,the Greater Nashville and Hopkinsville-Bowling Green Area,https://www.nlr.gov/docs/fy23osti/86786.pdf,https://www.nlr.gov/docs/fy25osti/91941.pdf
TEXAS,Anderson,County,48,1,48001.0,G4800010,70,the Greater Gulf Coastal Plains,https://www.nlr.gov/docs/fy23osti/86812.pdf,https://www.nlr.gov/docs/fy25osti/91967.pdf
TEXAS,Andrews,County,48,3,48003.0,G4800030,38,Rural West Texas and Oklahoma and Southern New Mexico,https://www.nlr.gov/docs/fy23osti/86784.pdf,https://www.nlr.gov/docs/fy25osti/91939.pdf
TEXAS,Angelina,County,48,5,48005.0,G4800050,70,the Greater Gulf Coastal Plains,https://www.nlr.gov/docs/fy23osti/86812.pdf,https://www.nlr.gov/docs/fy25osti/91967.pdf
TEXAS,Aransas,County,48,7,48007.0,G4800070,70,the Greater Gulf Coastal Plains,https://www.nlr.gov/docs/fy23osti/86812.pdf,https://www.nlr.gov/docs/fy25osti/91967.pdf
TEXAS,Archer,County,48,9,48009.0,G4800090,73,the Tulsa to Wichita Falls I-44 Corridor,https://www.nlr.gov/docs/fy23osti/86815.pdf,https://www.nlr.gov/docs/fy25osti/91970.pdf
TEXAS,Armstrong,County,48,11,48011.0,G4800110,32,Amarillo-Lubbock-Abilene-Midland-San Angelo,https://www.nlr.gov/docs/fy23osti/86778.pdf,https://www.nlr.gov/docs/fy25osti/91933.pdf
TEXAS,Atascosa,County,48,13,48013.0,G4800130,69,San Antonio to Waco,https://www.nlr.gov/docs/fy23osti/86811.pdf,https://www.nlr.gov/docs/fy25osti/91966.pdf
TEXAS,Austin,County,48,15,48015.0,G4800150,74,the Central Gulf Coast Area,https://www.nlr.gov/docs/fy23osti/86817.pdf,https://www.nlr.gov/docs/fy25osti/91971.pdf
TEXAS,Bailey,County,48,17,48017.0,G4800170,49,Rural Counties in the Southwest,https://www.nlr.gov/docs/fy23osti/86793.pdf,https://www.nlr.gov/docs/fy25osti/91948.pdf
TEXAS,Bandera,County,48,19,48019.0,G4800190,69,San Antonio to Waco,https://www.nlr.gov/docs/fy23osti/86811.pdf,https://www.nlr.gov/docs/fy25osti/91966.pdf
TEXAS,Bastrop,County,48,21,48021.0,G4800210,69,San Antonio to Waco,https://www.nlr.gov/docs/fy23osti/86811.pdf,https://www.nlr.gov/docs/fy25osti/91966.pdf
TEXAS,Baylor,County,48,23,48023.0,G4800230,38,Rural West Texas and Oklahoma and Southern New Mexico,https://www.nlr.gov/docs/fy23osti/86784.pdf,https://www.nlr.gov/docs/fy25osti/91939.pdf
TEXAS,Bee,County,48,25,48025.0,G4800250,70,the Greater Gulf Coastal Plains,https://www.nlr.gov/docs/fy23osti/86812.pdf,https://www.nlr.gov/docs/fy25osti/91967.pdf
TEXAS,Bell,County,48,27,48027.0,G4800270,69,San Antonio to Waco,https://www.nlr.gov/docs/fy23osti/86811.pdf,https://www.nlr.gov/docs/fy25osti/91966.pdf
TEXAS,Bexar,County,48,29,48029.0,G4800290,69,San Antonio to Waco,https://www.nlr.gov/docs/fy23osti/86811.pdf,https://www.nlr.gov/docs/fy25osti/91966.pdf
TEXAS,Blanco,County,48,31,48031.0,G4800310,85,Rural Climate Zone 3A,https://www.nlr.gov/docs/fy23osti/86828.pdf,https://www.nlr.gov/docs/fy25osti/91982.pdf
TEXAS,Borden,County,48,33,48033.0,G4800330,38,Rural West Texas and Oklahoma and Southern New Mexico,https://www.nlr.gov/docs/fy23osti/86784.pdf,https://www.nlr.gov/docs/fy25osti/91939.pdf
TEXAS,Bosque,County,48,35,48035.0,G4800350,70,the Greater Gulf Coastal Plains,https://www.nlr.gov/docs/fy23osti/86812.pdf,https://www.nlr.gov/docs/fy25osti/91967.pdf
TEXAS,Bowie,County,48,37,48037.0,G4800370,27,the Shreveport-Texarkana and Alexandria Area,https://www.nlr.gov/docs/fy23osti/86773.pdf,https://www.nlr.gov/docs/fy25osti/91928.pdf
TEXAS,Brazoria,County,48,39,48039.0,G4800390,74,the Central Gulf Coast Area,https://www.nlr.gov/docs/fy23osti/86817.pdf,https://www.nlr.gov/docs/fy25osti/91971.pdf
TEXAS,Brazos,County,48,41,48041.0,G4800410,69,San Antonio to Waco,https://www.nlr.gov/docs/fy23osti/86811.pdf,https://www.nlr.gov/docs/fy25osti/91966.pdf
TEXAS,Brewster,County,48,43,48043.0,G4800430,38,Rural West Texas and Oklahoma and Southern New Mexico,https://www.nlr.gov/docs/fy23osti/86784.pdf,https://www.nlr.gov/docs/fy25osti/91939.pdf
TEXAS,Briscoe,County,48,45,48045.0,G4800450,49,Rural Counties in the Southwest,https://www.nlr.gov/docs/fy23osti/86793.pdf,https://www.nlr.gov/docs/fy25osti/91948.pdf
TEXAS,Brooks,County,48,47,48047.0,G4800470,70,the Greater Gulf Coastal Plains,https://www.nlr.gov/docs/fy23osti/86812.pdf,https://www.nlr.gov/docs/fy25osti/91967.pdf
TEXAS,Brown,County,48,49,48049.0,G4800490,85,Rural Climate Zone 3A,https://www.nlr.gov/docs/fy23osti/86828.pdf,https://www.nlr.gov/docs/fy25osti/91982.pdf
TEXAS,Burleson,County,48,51,48051.0,G4800510,69,San Antonio to Waco,https://www.nlr.gov/docs/fy23osti/86811.pdf,https://www.nlr.gov/docs/fy25osti/91966.pdf
TEXAS,Burnet,County,48,53,48053.0,G4800530,85,Rural Climate Zone 3A,https://www.nlr.gov/docs/fy23osti/86828.pdf,https://www.nlr.gov/docs/fy25osti/91982.pdf
TEXAS,Caldwell,County,48,55,48055.0,G4800550,69,San Antonio to Waco,https://www.nlr.gov/docs/fy23osti/86811.pdf,https://www.nlr.gov/docs/fy25osti/91966.pdf
TEXAS,Calhoun,County,48,57,48057.0,G4800570,70,the Greater Gulf Coastal Plains,https://www.nlr.gov/docs/fy23osti/86812.pdf,https://www.nlr.gov/docs/fy25osti/91967.pdf
TEXAS,Callahan,County,48,59,48059.0,G4800590,32,Amarillo-Lubbock-Abilene-Midland-San Angelo,https://www.nlr.gov/docs/fy23osti/86778.pdf,https://www.nlr.gov/docs/fy25osti/91933.pdf
TEXAS,Cameron,County,48,61,48061.0,G4800610,58,Brownsville-Corpus Christi-McAllen-Victoria Areas,https://www.nlr.gov/docs/fy23osti/86802.pdf,https://www.nlr.gov/docs/fy25osti/91957.pdf
TEXAS,Camp,County,48,63,48063.0,G4800630,85,Rural Climate Zone 3A,https://www.nlr.gov/docs/fy23osti/86828.pdf,https://www.nlr.gov/docs/fy25osti/91982.pdf
TEXAS,Carson,County,48,65,48065.0,G4800650,32,Amarillo-Lubbock-Abilene-Midland-San Angelo,https://www.nlr.gov/docs/fy23osti/86778.pdf,https://www.nlr.gov/docs/fy25osti/91933.pdf
TEXAS,Cass,County,48,67,48067.0,G4800670,85,Rural Climate Zone 3A,https://www.nlr.gov/docs/fy23osti/86828.pdf,https://www.nlr.gov/docs/fy25osti/91982.pdf
TEXAS,Castro,County,48,69,48069.0,G4800690,49,Rural Counties in the Southwest,https://www.nlr.gov/docs/fy23osti/86793.pdf,https://www.nlr.gov/docs/fy25osti/91948.pdf
TEXAS,Chambers,County,48,71,48071.0,G4800710,74,the Central Gulf Coast Area,https://www.nlr.gov/docs/fy23osti/86817.pdf,https://www.nlr.gov/docs/fy25osti/91971.pdf
TEXAS,Cherokee,County,48,73,48073.0,G4800730,70,the Greater Gulf Coastal Plains,https://www.nlr.gov/docs/fy23osti/86812.pdf,https://www.nlr.gov/docs/fy25osti/91967.pdf
TEXAS,Childress,County,48,75,48075.0,G4800750,38,Rural West Texas and Oklahoma and Southern New Mexico,https://www.nlr.gov/docs/fy23osti/86784.pdf,https://www.nlr.gov/docs/fy25osti/91939.pdf
TEXAS,Clay,County,48,77,48077.0,G4800770,73,the Tulsa to Wichita Falls I-44 Corridor,https://www.nlr.gov/docs/fy23osti/86815.pdf,https://www.nlr.gov/docs/fy25osti/91970.pdf
TEXAS,Cochran,County,48,79,48079.0,G4800790,49,Rural Counties in the Southwest,https://www.nlr.gov/docs/fy23osti/86793.pdf,https://www.nlr.gov/docs/fy25osti/91948.pdf
TEXAS,Coke,County,48,81,48081.0,G4800810,38,Rural West Texas and Oklahoma and Southern New Mexico,https://www.nlr.gov/docs/fy23osti/86784.pdf,https://www.nlr.gov/docs/fy25osti/91939.pdf
TEXAS,Coleman,County,48,83,48083.0,G4800830,38,Rural West Texas and Oklahoma and Southern New Mexico,https://www.nlr.gov/docs/fy23osti/86784.pdf,https://www.nlr.gov/docs/fy25osti/91939.pdf
TEXAS,Collin,County,48,85,48085.0,G4800850,75,the Greater Dallas-Fort Worth Area,https://www.nlr.gov/docs/fy23osti/86818.pdf,https://www.nlr.gov/docs/fy25osti/91972.pdf
TEXAS,Collingsworth,County,48,87,48087.0,G4800870,38,Rural West Texas and Oklahoma and Southern New Mexico,https://www.nlr.gov/docs/fy23osti/86784.pdf,https://www.nlr.gov/docs/fy25osti/91939.pdf
TEXAS,Colorado,County,48,89,48089.0,G4800890,70,the Greater Gulf Coastal Plains,https://www.nlr.gov/docs/fy23osti/86812.pdf,https://www.nlr.gov/docs/fy25osti/91967.pdf
TEXAS,Comal,County,48,91,48091.0,G4800910,69,San Antonio to Waco,https://www.nlr.gov/docs/fy23osti/86811.pdf,https://www.nlr.gov/docs/fy25osti/91966.pdf
TEXAS,Comanche,County,48,93,48093.0,G4800930,85,Rural Climate Zone 3A,https://www.nlr.gov/docs/fy23osti/86828.pdf,https://www.nlr.gov/docs/fy25osti/91982.pdf
TEXAS,Concho,County,48,95,48095.0,G4800950,38,Rural West Texas and Oklahoma and Southern New Mexico,https://www.nlr.gov/docs/fy23osti/86784.pdf,https://www.nlr.gov/docs/fy25osti/91939.pdf
TEXAS,Cooke,County,48,97,48097.0,G4800970,85,Rural Climate Zone 3A,https://www.nlr.gov/docs/fy23osti/86828.pdf,https://www.nlr.gov/docs/fy25osti/91982.pdf
TEXAS,Coryell,County,48,99,48099.0,G4800990,69,San Antonio to Waco,https://www.nlr.gov/docs/fy23osti/86811.pdf,https://www.nlr.gov/docs/fy25osti/91966.pdf
TEXAS,Cottle,County,48,101,48101.0,G4801010,38,Rural West Texas and Oklahoma and Southern New Mexico,https://www.nlr.gov/docs/fy23osti/86784.pdf,https://www.nlr.gov/docs/fy25osti/91939.pdf
TEXAS,Crane,County,48,103,48103.0,G4801030,38,Rural West Texas and Oklahoma and Southern New Mexico,https://www.nlr.gov/docs/fy23osti/86784.pdf,https://www.nlr.gov/docs/fy25osti/91939.pdf
TEXAS,Crockett,County,48,105,48105.0,G4801050,38,Rural West Texas and Oklahoma and Southern New Mexico,https://www.nlr.gov/docs/fy23osti/86784.pdf,https://www.nlr.gov/docs/fy25osti/91939.pdf
TEXAS,Crosby,County,48,107,48107.0,G4801070,32,Amarillo-Lubbock-Abilene-Midland-San Angelo,https://www.nlr.gov/docs/fy23osti/86778.pdf,https://www.nlr.gov/docs/fy25osti/91933.pdf
TEXAS,Culberson,County,48,109,48109.0,G4801090,38,Rural West Texas and Oklahoma and Southern New Mexico,https://www.nlr.gov/docs/fy23osti/86784.pdf,https://www.nlr.gov/docs/fy25osti/91939.pdf
TEXAS,Dallam,County,48,111,48111.0,G4801110,49,Rural Counties in the Southwest,https://www.nlr.gov/docs/fy23osti/86793.pdf,https://www.nlr.gov/docs/fy25osti/91948.pdf
TEXAS,Dallas,County,48,113,48113.0,G4801130,75,the Greater Dallas-Fort Worth Area,https://www.nlr.gov/docs/fy23osti/86818.pdf,https://www.nlr.gov/docs/fy25osti/91972.pdf
TEXAS,Dawson,County,48,115,48115.0,G4801150,38,Rural West Texas and Oklahoma and Southern New Mexico,https://www.nlr.gov/docs/fy23osti/86784.pdf,https://www.nlr.gov/docs/fy25osti/91939.pdf
TEXAS,DeWitt,County,48,123,48123.0,G4801230,70,the Greater Gulf Coastal Plains,https://www.nlr.gov/docs/fy23osti/86812.pdf,https://www.nlr.gov/docs/fy25osti/91967.pdf
TEXAS,Deaf Smith,County,48,117,48117.0,G4801170,49,Rural Counties in the Southwest,https://www.nlr.gov/docs/fy23osti/86793.pdf,https://www.nlr.gov/docs/fy25osti/91948.pdf
TEXAS,Delta,County,48,119,48119.0,G4801190,85,Rural Climate Zone 3A,https://www.nlr.gov/docs/fy23osti/86828.pdf,https://www.nlr.gov/docs/fy25osti/91982.pdf
TEXAS,Denton,County,48,121,48121.0,G4801210,75,the Greater Dallas-Fort Worth Area,https://www.nlr.gov/docs/fy23osti/86818.pdf,https://www.nlr.gov/docs/fy25osti/91972.pdf
TEXAS,Dickens,County,48,125,48125.0,G4801250,38,Rural West Texas and Oklahoma and Southern New Mexico,https://www.nlr.gov/docs/fy23osti/86784.pdf,https://www.nlr.gov/docs/fy25osti/91939.pdf
TEXAS,Dimmit,County,48,127,48127.0,G4801270,70,the Greater Gulf Coastal Plains,https://www.nlr.gov/docs/fy23osti/86812.pdf,https://www.nlr.gov/docs/fy25osti/91967.pdf
TEXAS,Donley,County,48,129,48129.0,G4801290,49,Rural Counties in the Southwest,https://www.nlr.gov/docs/fy23osti/86793.pdf,https://www.nlr.gov/docs/fy25osti/91948.pdf
TEXAS,Duval,County,48,131,48131.0,G4801310,70,the Greater Gulf Coastal Plains,https://www.nlr.gov/docs/fy23osti/86812.pdf,https://www.nlr.gov/docs/fy25osti/91967.pdf
TEXAS,Eastland,County,48,133,48133.0,G4801330,85,Rural Climate Zone 3A,https://www.nlr.gov/docs/fy23osti/86828.pdf,https://www.nlr.gov/docs/fy25osti/91982.pdf
TEXAS,Ector,County,48,135,48135.0,G4801350,32,Amarillo-Lubbock-Abilene-Midland-San Angelo,https://www.nlr.gov/docs/fy23osti/86778.pdf,https://www.nlr.gov/docs/fy25osti/91933.pdf
TEXAS,Edwards,County,48,137,48137.0,G4801370,70,the Greater Gulf Coastal Plains,https://www.nlr.gov/docs/fy23osti/86812.pdf,https://www.nlr.gov/docs/fy25osti/91967.pdf
TEXAS,El Paso,County,48,141,48141.0,G4801410,25,the El Paso-Las Cruces Area,https://www.nlr.gov/docs/fy23osti/86771.pdf,https://www.nlr.gov/docs/fy25osti/91926.pdf
TEXAS,Ellis,County,48,139,48139.0,G4801390,75,the Greater Dallas-Fort Worth Area,https://www.nlr.gov/docs/fy23osti/86818.pdf,https://www.nlr.gov/docs/fy25osti/91972.pdf
TEXAS,Erath,County,48,143,48143.0,G4801430,85,Rural Climate Zone 3A,https://www.nlr.gov/docs/fy23osti/86828.pdf,https://www.nlr.gov/docs/fy25osti/91982.pdf
TEXAS,Falls,County,48,145,48145.0,G4801450,69,San Antonio to Waco,https://www.nlr.gov/docs/fy23osti/86811.pdf,https://www.nlr.gov/docs/fy25osti/91966.pdf
TEXAS,Fannin,County,48,147,48147.0,G4801470,85,Rural Climate Zone 3A,https://www.nlr.gov/docs/fy23osti/86828.pdf,https://www.nlr.gov/docs/fy25osti/91982.pdf
TEXAS,Fayette,County,48,149,48149.0,G4801490,70,the Greater Gulf Coastal Plains,https://www.nlr.gov/docs/fy23osti/86812.pdf,https://www.nlr.gov/docs/fy25osti/91967.pdf
TEXAS,Fisher,County,48,151,48151.0,G4801510,38,Rural West Texas and Oklahoma and Southern New Mexico,https://www.nlr.gov/docs/fy23osti/86784.pdf,https://www.nlr.gov/docs/fy25osti/91939.pdf
TEXAS,Floyd,County,48,153,48153.0,G4801530,49,Rural Counties in the Southwest,https://www.nlr.gov/docs/fy23osti/86793.pdf,https://www.nlr.gov/docs/fy25osti/91948.pdf
TEXAS,Foard,County,48,155,48155.0,G4801550,38,Rural West Texas and Oklahoma and Southern New Mexico,https://www.nlr.gov/docs/fy23osti/86784.pdf,https://www.nlr.gov/docs/fy25osti/91939.pdf
TEXAS,Fort Bend,County,48,157,48157.0,G4801570,74,the Central Gulf Coast Area,https://www.nlr.gov/docs/fy23osti/86817.pdf,https://www.nlr.gov/docs/fy25osti/91971.pdf
TEXAS,Franklin,County,48,159,48159.0,G4801590,85,Rural Climate Zone 3A,https://www.nlr.gov/docs/fy23osti/86828.pdf,https://www.nlr.gov/docs/fy25osti/91982.pdf
TEXAS,Freestone,County,48,161,48161.0,G4801610,70,the Greater Gulf Coastal Plains,https://www.nlr.gov/docs/fy23osti/86812.pdf,https://www.nlr.gov/docs/fy25osti/91967.pdf
TEXAS,Frio,County,48,163,48163.0,G4801630,70,the Greater Gulf Coastal Plains,https://www.nlr.gov/docs/fy23osti/86812.pdf,https://www.nlr.gov/docs/fy25osti/91967.pdf
TEXAS,Gaines,County,48,165,48165.0,G4801650,38,Rural West Texas and Oklahoma and Southern New Mexico,https://www.nlr.gov/docs/fy23osti/86784.pdf,https://www.nlr.gov/docs/fy25osti/91939.pdf
TEXAS,Galveston,County,48,167,48167.0,G4801670,74,the Central Gulf Coast Area,https://www.nlr.gov/docs/fy23osti/86817.pdf,https://www.nlr.gov/docs/fy25osti/91971.pdf
TEXAS,Garza,County,48,169,48169.0,G4801690,38,Rural West Texas and Oklahoma and Southern New Mexico,https://www.nlr.gov/docs/fy23osti/86784.pdf,https://www.nlr.gov/docs/fy25osti/91939.pdf
TEXAS,Gillespie,County,48,171,48171.0,G4801710,85,Rural Climate Zone 3A,https://www.nlr.gov/docs/fy23osti/86828.pdf,https://www.nlr.gov/docs/fy25osti/91982.pdf
TEXAS,Glasscock,County,48,173,48173.0,G4801730,38,Rural West Texas and Oklahoma and Southern New Mexico,https://www.nlr.gov/docs/fy23osti/86784.pdf,https://www.nlr.gov/docs/fy25osti/91939.pdf
TEXAS,Goliad,County,48,175,48175.0,G4801750,58,Brownsville-Corpus Christi-McAllen-Victoria Areas,https://www.nlr.gov/docs/fy23osti/86802.pdf,https://www.nlr.gov/docs/fy25osti/91957.pdf
TEXAS,Gonzales,County,48,177,48177.0,G4801770,70,the Greater Gulf Coastal Plains,https://www.nlr.gov/docs/fy23osti/86812.pdf,https://www.nlr.gov/docs/fy25osti/91967.pdf
TEXAS,Gray,County,48,179,48179.0,G4801790,49,Rural Counties in the Southwest,https://www.nlr.gov/docs/fy23osti/86793.pdf,https://www.nlr.gov/docs/fy25osti/91948.pdf
TEXAS,Grayson,County,48,181,48181.0,G4801810,75,the Greater Dallas-Fort Worth Area,https://www.nlr.gov/docs/fy23osti/86818.pdf,https://www.nlr.gov/docs/fy25osti/91972.pdf
TEXAS,Gregg,County,48,183,48183.0,G4801830,27,the Shreveport-Texarkana and Alexandria Area,https://www.nlr.gov/docs/fy23osti/86773.pdf,https://www.nlr.gov/docs/fy25osti/91928.pdf
TEXAS,Grimes,County,48,185,48185.0,G4801850,70,the Greater Gulf Coastal Plains,https://www.nlr.gov/docs/fy23osti/86812.pdf,https://www.nlr.gov/docs/fy25osti/91967.pdf
TEXAS,Guadalupe,County,48,187,48187.0,G4801870,69,San Antonio to Waco,https://www.nlr.gov/docs/fy23osti/86811.pdf,https://www.nlr.gov/docs/fy25osti/91966.pdf
TEXAS,Hale,County,48,189,48189.0,G4801890,49,Rural Counties in the Southwest,https://www.nlr.gov/docs/fy23osti/86793.pdf,https://www.nlr.gov/docs/fy25osti/91948.pdf
TEXAS,Hall,County,48,191,48191.0,G4801910,38,Rural West Texas and Oklahoma and Southern New Mexico,https://www.nlr.gov/docs/fy23osti/86784.pdf,https://www.nlr.gov/docs/fy25osti/91939.pdf
TEXAS,Hamilton,County,48,193,48193.0,G4801930,85,Rural Climate Zone 3A,https://www.nlr.gov/docs/fy23osti/86828.pdf,https://www.nlr.gov/docs/fy25osti/91982.pdf
TEXAS,Hansford,County,48,195,48195.0,G4801950,49,Rural Counties in the Southwest,https://www.nlr.gov/docs/fy23osti/86793.pdf,https://www.nlr.gov/docs/fy25osti/91948.pdf
TEXAS,Hardeman,County,48,197,48197.0,G4801970,38,Rural West Texas and Oklahoma and Southern New Mexico,https://www.nlr.gov/docs/fy23osti/86784.pdf,https://www.nlr.gov/docs/fy25osti/91939.pdf
TEXAS,Hardin,County,48,199,48199.0,G4801990,74,the Central Gulf Coast Area,https://www.nlr.gov/docs/fy23osti/86817.pdf,https://www.nlr.gov/docs/fy25osti/91971.pdf
TEXAS,Harris,County,48,201,48201.0,G4802010,74,the Central Gulf Coast Area,https://www.nlr.gov/docs/fy23osti/86817.pdf,https://www.nlr.gov/docs/fy25osti/91971.pdf
TEXAS,Harrison,County,48,203,48203.0,G4802030,27,the Shreveport-Texarkana and Alexandria Area,https://www.nlr.gov/docs/fy23osti/86773.pdf,https://www.nlr.gov/docs/fy25osti/91928.pdf
TEXAS,Hartley,County,48,205,48205.0,G4802050,49,Rural Counties in the Southwest,https://www.nlr.gov/docs/fy23osti/86793.pdf,https://www.nlr.gov/docs/fy25osti/91948.pdf
TEXAS,Haskell,County,48,207,48207.0,G4802070,38,Rural West Texas and Oklahoma and Southern New Mexico,https://www.nlr.gov/docs/fy23osti/86784.pdf,https://www.nlr.gov/docs/fy25osti/91939.pdf
TEXAS,Hays,County,48,209,48209.0,G4802090,69,San Antonio to Waco,https://www.nlr.gov/docs/fy23osti/86811.pdf,https://www.nlr.gov/docs/fy25osti/91966.pdf
TEXAS,Hemphill,County,48,211,48211.0,G4802110,38,Rural West Texas and Oklahoma and Southern New Mexico,https://www.nlr.gov/docs/fy23osti/86784.pdf,https://www.nlr.gov/docs/fy25osti/91939.pdf
TEXAS,Henderson,County,48,213,48213.0,G4802130,85,Rural Climate Zone 3A,https://www.nlr.gov/docs/fy23osti/86828.pdf,https://www.nlr.gov/docs/fy25osti/91982.pdf
TEXAS,Hidalgo,County,48,215,48215.0,G4802150,58,Brownsville-Corpus Christi-McAllen-Victoria Areas,https://www.nlr.gov/docs/fy23osti/86802.pdf,https://www.nlr.gov/docs/fy25osti/91957.pdf
TEXAS,Hill,County,48,217,48217.0,G4802170,70,the Greater Gulf Coastal Plains,https://www.nlr.gov/docs/fy23osti/86812.pdf,https://www.nlr.gov/docs/fy25osti/91967.pdf
TEXAS,Hockley,County,48,219,48219.0,G4802190,49,Rural Counties in the Southwest,https://www.nlr.gov/docs/fy23osti/86793.pdf,https://www.nlr.gov/docs/fy25osti/91948.pdf
TEXAS,Hood,County,48,221,48221.0,G4802210,85,Rural Climate Zone 3A,https://www.nlr.gov/docs/fy23osti/86828.pdf,https://www.nlr.gov/docs/fy25osti/91982.pdf
TEXAS,Hopkins,County,48,223,48223.0,G4802230,85,Rural Climate Zone 3A,https://www.nlr.gov/docs/fy23osti/86828.pdf,https://www.nlr.gov/docs/fy25osti/91982.pdf
TEXAS,Houston,County,48,225,48225.0,G4802250,70,the Greater Gulf Coastal Plains,https://www.nlr.gov/docs/fy23osti/86812.pdf,https://www.nlr.gov/docs/fy25osti/91967.pdf
TEXAS,Howard,County,48,227,48227.0,G4802270,38,Rural West Texas and Oklahoma and Southern New Mexico,https://www.nlr.gov/docs/fy23osti/86784.pdf,https://www.nlr.gov/docs/fy25osti/91939.pdf
TEXAS,Hudspeth,County,48,229,48229.0,G4802290,25,the El Paso-Las Cruces Area,https://www.nlr.gov/docs/fy23osti/86771.pdf,https://www.nlr.gov/docs/fy25osti/91926.pdf
TEXAS,Hunt,County,48,231,48231.0,G4802310,75,the Greater Dallas-Fort Worth Area,https://www.nlr.gov/docs/fy23osti/86818.pdf,https://www.nlr.gov/docs/fy25osti/91972.pdf
TEXAS,Hutchinson,County,48,233,48233.0,G4802330,49,Rural Counties in the Southwest,https://www.nlr.gov/docs/fy23osti/86793.pdf,https://www.nlr.gov/docs/fy25osti/91948.pdf
TEXAS,Irion,County,48,235,48235.0,G4802350,32,Amarillo-Lubbock-Abilene-Midland-San Angelo,https://www.nlr.gov/docs/fy23osti/86778.pdf,https://www.nlr.gov/docs/fy25osti/91933.pdf
TEXAS,Jack,County,48,237,48237.0,G4802370,85,Rural Climate Zone 3A,https://www.nlr.gov/docs/fy23osti/86828.pdf,https://www.nlr.gov/docs/fy25osti/91982.pdf
TEXAS,Jackson,County,48,239,48239.0,G4802390,70,the Greater Gulf Coastal Plains,https://www.nlr.gov/docs/fy23osti/86812.pdf,https://www.nlr.gov/docs/fy25osti/91967.pdf
TEXAS,Jasper,County,48,241,48241.0,G4802410,70,the Greater Gulf Coastal Plains,https://www.nlr.gov/docs/fy23osti/86812.pdf,https://www.nlr.gov/docs/fy25osti/91967.pdf
TEXAS,Jeff Davis,County,48,243,48243.0,G4802430,38,Rural West Texas and Oklahoma and Southern New Mexico,https://www.nlr.gov/docs/fy23osti/86784.pdf,https://www.nlr.gov/docs/fy25osti/91939.pdf
TEXAS,Jefferson,County,48,245,48245.0,G4802450,74,the Central Gulf Coast Area,https://www.nlr.gov/docs/fy23osti/86817.pdf,https://www.nlr.gov/docs/fy25osti/91971.pdf
TEXAS,Jim Hogg,County,48,247,48247.0,G4802470,70,the Greater Gulf Coastal Plains,https://www.nlr.gov/docs/fy23osti/86812.pdf,https://www.nlr.gov/docs/fy25osti/91967.pdf
TEXAS,Jim Wells,County,48,249,48249.0,G4802490,70,the Greater Gulf Coastal Plains,https://www.nlr.gov/docs/fy23osti/86812.pdf,https://www.nlr.gov/docs/fy25osti/91967.pdf
TEXAS,Johnson,County,48,251,48251.0,G4802510,75,the Greater Dallas-Fort Worth Area,https://www.nlr.gov/docs/fy23osti/86818.pdf,https://www.nlr.gov/docs/fy25osti/91972.pdf
TEXAS,Jones,County,48,253,48253.0,G4802530,32,Amarillo-Lubbock-Abilene-Midland-San Angelo,https://www.nlr.gov/docs/fy23osti/86778.pdf,https://www.nlr.gov/docs/fy25osti/91933.pdf
TEXAS,Karnes,County,48,255,48255.0,G4802550,70,the Greater Gulf Coastal Plains,https://www.nlr.gov/docs/fy23osti/86812.pdf,https://www.nlr.gov/docs/fy25osti/91967.pdf
TEXAS,Kaufman,County,48,257,48257.0,G4802570,75,the Greater Dallas-Fort Worth Area,https://www.nlr.gov/docs/fy23osti/86818.pdf,https://www.nlr.gov/docs/fy25osti/91972.pdf
TEXAS,Kendall,County,48,259,48259.0,G4802590,69,San Antonio to Waco,https://www.nlr.gov/docs/fy23osti/86811.pdf,https://www.nlr.gov/docs/fy25osti/91966.pdf
TEXAS,Kenedy,County,48,261,48261.0,G4802610,70,the Greater Gulf Coastal Plains,https://www.nlr.gov/docs/fy23osti/86812.pdf,https://www.nlr.gov/docs/fy25osti/91967.pdf
TEXAS,Kent,County,48,263,48263.0,G4802630,38,Rural West Texas and Oklahoma and Southern New Mexico,https://www.nlr.gov/docs/fy23osti/86784.pdf,https://www.nlr.gov/docs/fy25osti/91939.pdf
TEXAS,Kerr,County,48,265,48265.0,G4802650,38,Rural West Texas and Oklahoma and Southern New Mexico,https://www.nlr.gov/docs/fy23osti/86784.pdf,https://www.nlr.gov/docs/fy25osti/91939.pdf
TEXAS,Kimble,County,48,267,48267.0,G4802670,38,Rural West Texas and Oklahoma and Southern New Mexico,https://www.nlr.gov/docs/fy23osti/86784.pdf,https://www.nlr.gov/docs/fy25osti/91939.pdf
TEXAS,King,County,48,269,48269.0,G4802690,38,Rural West Texas and Oklahoma and Southern New Mexico,https://www.nlr.gov/docs/fy23osti/86784.pdf,https://www.nlr.gov/docs/fy25osti/91939.pdf
TEXAS,Kinney,County,48,271,48271.0,G4802710,70,the Greater Gulf Coastal Plains,https://www.nlr.gov/docs/fy23osti/86812.pdf,https://www.nlr.gov/docs/fy25osti/91967.pdf
TEXAS,Kleberg,County,48,273,48273.0,G4802730,70,the Greater Gulf Coastal Plains,https://www.nlr.gov/docs/fy23osti/86812.pdf,https://www.nlr.gov/docs/fy25osti/91967.pdf
TEXAS,Knox,County,48,275,48275.0,G4802750,38,Rural West Texas and Oklahoma and Southern New Mexico,https://www.nlr.gov/docs/fy23osti/86784.pdf,https://www.nlr.gov/docs/fy25osti/91939.pdf
TEXAS,La Salle,County,48,283,48283.0,G4802830,70,the Greater Gulf Coastal Plains,https://www.nlr.gov/docs/fy23osti/86812.pdf,https://www.nlr.gov/docs/fy25osti/91967.pdf
TEXAS,Lamar,County,48,277,48277.0,G4802770,85,Rural Climate Zone 3A,https://www.nlr.gov/docs/fy23osti/86828.pdf,https://www.nlr.gov/docs/fy25osti/91982.pdf
TEXAS,Lamb,County,48,279,48279.0,G4802790,49,Rural Counties in the Southwest,https://www.nlr.gov/docs/fy23osti/86793.pdf,https://www.nlr.gov/docs/fy25osti/91948.pdf
TEXAS,Lampasas,County,48,281,48281.0,G4802810,69,San Antonio to Waco,https://www.nlr.gov/docs/fy23osti/86811.pdf,https://www.nlr.gov/docs/fy25osti/91966.pdf
TEXAS,Lavaca,County,48,285,48285.0,G4802850,70,the Greater Gulf Coastal Plains,https://www.nlr.gov/docs/fy23osti/86812.pdf,https://www.nlr.gov/docs/fy25osti/91967.pdf
TEXAS,Lee,County,48,287,48287.0,G4802870,70,the Greater Gulf Coastal Plains,https://www.nlr.gov/docs/fy23osti/86812.pdf,https://www.nlr.gov/docs/fy25osti/91967.pdf
TEXAS,Leon,County,48,289,48289.0,G4802890,70,the Greater Gulf Coastal Plains,https://www.nlr.gov/docs/fy23osti/86812.pdf,https://www.nlr.gov/docs/fy25osti/91967.pdf
TEXAS,Liberty,County,48,291,48291.0,G4802910,74,the Central Gulf Coast Area,https://www.nlr.gov/docs/fy23osti/86817.pdf,https://www.nlr.gov/docs/fy25osti/91971.pdf
TEXAS,Limestone,County,48,293,48293.0,G4802930,70,the Greater Gulf Coastal Plains,https://www.nlr.gov/docs/fy23osti/86812.pdf,https://www.nlr.gov/docs/fy25osti/91967.pdf
TEXAS,Lipscomb,County,48,295,48295.0,G4802950,49,Rural Counties in the Southwest,https://www.nlr.gov/docs/fy23osti/86793.pdf,https://www.nlr.gov/docs/fy25osti/91948.pdf
TEXAS,Live Oak,County,48,297,48297.0,G4802970,70,the Greater Gulf Coastal Plains,https://www.nlr.gov/docs/fy23osti/86812.pdf,https://www.nlr.gov/docs/fy25osti/91967.pdf
TEXAS,Llano,County,48,299,48299.0,G4802990,85,Rural Climate Zone 3A,https://www.nlr.gov/docs/fy23osti/86828.pdf,https://www.nlr.gov/docs/fy25osti/91982.pdf
TEXAS,Loving,County,48,301,0,G4803010,38,Rural West Texas and Oklahoma and Southern New Mexico,https://www.nlr.gov/docs/fy23osti/86784.pdf,https://www.nlr.gov/docs/fy25osti/91939.pdf
TEXAS,Lubbock,County,48,303,48303.0,G4803030,32,Amarillo-Lubbock-Abilene-Midland-San Angelo,https://www.nlr.gov/docs/fy23osti/86778.pdf,https://www.nlr.gov/docs/fy25osti/91933.pdf
TEXAS,Lynn,County,48,305,48305.0,G4803050,32,Amarillo-Lubbock-Abilene-Midland-San Angelo,https://www.nlr.gov/docs/fy23osti/86778.pdf,https://www.nlr.gov/docs/fy25osti/91933.pdf
TEXAS,Madison,County,48,313,48313.0,G4803130,70,the Greater Gulf Coastal Plains,https://www.nlr.gov/docs/fy23osti/86812.pdf,https://www.nlr.gov/docs/fy25osti/91967.pdf
TEXAS,Marion,County,48,315,48315.0,G4803150,85,Rural Climate Zone 3A,https://www.nlr.gov/docs/fy23osti/86828.pdf,https://www.nlr.gov/docs/fy25osti/91982.pdf
TEXAS,Martin,County,48,317,48317.0,G4803170,32,Amarillo-Lubbock-Abilene-Midland-San Angelo,https://www.nlr.gov/docs/fy23osti/86778.pdf,https://www.nlr.gov/docs/fy25osti/91933.pdf
TEXAS,Mason,County,48,319,48319.0,G4803190,38,Rural West Texas and Oklahoma and Southern New Mexico,https://www.nlr.gov/docs/fy23osti/86784.pdf,https://www.nlr.gov/docs/fy25osti/91939.pdf
TEXAS,Matagorda,County,48,321,48321.0,G4803210,70,the Greater Gulf Coastal Plains,https://www.nlr.gov/docs/fy23osti/86812.pdf,https://www.nlr.gov/docs/fy25osti/91967.pdf
TEXAS,Maverick,County,48,323,48323.0,G4803230,70,the Greater Gulf Coastal Plains,https://www.nlr.gov/docs/fy23osti/86812.pdf,https://www.nlr.gov/docs/fy25osti/91967.pdf
TEXAS,McCulloch,County,48,307,48307.0,G4803070,38,Rural West Texas and Oklahoma and Southern New Mexico,https://www.nlr.gov/docs/fy23osti/86784.pdf,https://www.nlr.gov/docs/fy25osti/91939.pdf
TEXAS,McLennan,County,48,309,48309.0,G4803090,69,San Antonio to Waco,https://www.nlr.gov/docs/fy23osti/86811.pdf,https://www.nlr.gov/docs/fy25osti/91966.pdf
TEXAS,McMullen,County,48,311,48311.0,G4803110,70,the Greater Gulf Coastal Plains,https://www.nlr.gov/docs/fy23osti/86812.pdf,https://www.nlr.gov/docs/fy25osti/91967.pdf
TEXAS,Medina,County,48,325,48325.0,G4803250,69,San Antonio to Waco,https://www.nlr.gov/docs/fy23osti/86811.pdf,https://www.nlr.gov/docs/fy25osti/91966.pdf
TEXAS,Menard,County,48,327,48327.0,G4803270,38,Rural West Texas and Oklahoma and Southern New Mexico,https://www.nlr.gov/docs/fy23osti/86784.pdf,https://www.nlr.gov/docs/fy25osti/91939.pdf
TEXAS,Midland,County,48,329,48329.0,G4803290,32,Amarillo-Lubbock-Abilene-Midland-San Angelo,https://www.nlr.gov/docs/fy23osti/86778.pdf,https://www.nlr.gov/docs/fy25osti/91933.pdf
TEXAS,Milam,County,48,331,48331.0,G4803310,70,the Greater Gulf Coastal Plains,https://www.nlr.gov/docs/fy23osti/86812.pdf,https://www.nlr.gov/docs/fy25osti/91967.pdf
TEXAS,Mills,County,48,333,48333.0,G4803330,85,Rural Climate Zone 3A,https://www.nlr.gov/docs/fy23osti/86828.pdf,https://www.nlr.gov/docs/fy25osti/91982.pdf
TEXAS,Mitchell,County,48,335,48335.0,G4803350,38,Rural West Texas and Oklahoma and Southern New Mexico,https://www.nlr.gov/docs/fy23osti/86784.pdf,https://www.nlr.gov/docs/fy25osti/91939.pdf
TEXAS,Montague,County,48,337,48337.0,G4803370,85,Rural Climate Zone 3A,https://www.nlr.gov/docs/fy23osti/86828.pdf,https://www.nlr.gov/docs/fy25osti/91982.pdf
TEXAS,Montgomery,County,48,339,48339.0,G4803390,74,the Central Gulf Coast Area,https://www.nlr.gov/docs/fy23osti/86817.pdf,https://www.nlr.gov/docs/fy25osti/91971.pdf
TEXAS,Moore,County,48,341,48341.0,G4803410,49,Rural Counties in the Southwest,https://www.nlr.gov/docs/fy23osti/86793.pdf,https://www.nlr.gov/docs/fy25osti/91948.pdf
TEXAS,Morris,County,48,343,48343.0,G4803430,85,Rural Climate Zone 3A,https://www.nlr.gov/docs/fy23osti/86828.pdf,https://www.nlr.gov/docs/fy25osti/91982.pdf
TEXAS,Motley,County,48,345,48345.0,G4803450,38,Rural West Texas and Oklahoma and Southern New Mexico,https://www.nlr.gov/docs/fy23osti/86784.pdf,https://www.nlr.gov/docs/fy25osti/91939.pdf
TEXAS,Nacogdoches,County,48,347,48347.0,G4803470,85,Rural Climate Zone 3A,https://www.nlr.gov/docs/fy23osti/86828.pdf,https://www.nlr.gov/docs/fy25osti/91982.pdf
TEXAS,Navarro,County,48,349,48349.0,G4803490,85,Rural Climate Zone 3A,https://www.nlr.gov/docs/fy23osti/86828.pdf,https://www.nlr.gov/docs/fy25osti/91982.pdf
TEXAS,Newton,County,48,351,48351.0,G4803510,70,the Greater Gulf Coastal Plains,https://www.nlr.gov/docs/fy23osti/86812.pdf,https://www.nlr.gov/docs/fy25osti/91967.pdf
TEXAS,Nolan,County,48,353,48353.0,G4803530,38,Rural West Texas and Oklahoma and Southern New Mexico,https://www.nlr.gov/docs/fy23osti/86784.pdf,https://www.nlr.gov/docs/fy25osti/91939.pdf
TEXAS,Nueces,County,48,355,48355.0,G4803550,58,Brownsville-Corpus Christi-McAllen-Victoria Areas,https://www.nlr.gov/docs/fy23osti/86802.pdf,https://www.nlr.gov/docs/fy25osti/91957.pdf
TEXAS,Ochiltree,County,48,357,48357.0,G4803570,49,Rural Counties in the Southwest,https://www.nlr.gov/docs/fy23osti/86793.pdf,https://www.nlr.gov/docs/fy25osti/91948.pdf
TEXAS,Oldham,County,48,359,48359.0,G4803590,32,Amarillo-Lubbock-Abilene-Midland-San Angelo,https://www.nlr.gov/docs/fy23osti/86778.pdf,https://www.nlr.gov/docs/fy25osti/91933.pdf
TEXAS,Orange,County,48,361,48361.0,G4803610,74,the Central Gulf Coast Area,https://www.nlr.gov/docs/fy23osti/86817.pdf,https://www.nlr.gov/docs/fy25osti/91971.pdf
TEXAS,Palo Pinto,County,48,363,48363.0,G4803630,85,Rural Climate Zone 3A,https://www.nlr.gov/docs/fy23osti/86828.pdf,https://www.nlr.gov/docs/fy25osti/91982.pdf
TEXAS,Panola,County,48,365,48365.0,G4803650,85,Rural Climate Zone 3A,https://www.nlr.gov/docs/fy23osti/86828.pdf,https://www.nlr.gov/docs/fy25osti/91982.pdf
TEXAS,Parker,County,48,367,48367.0,G4803670,75,the Greater Dallas-Fort Worth Area,https://www.nlr.gov/docs/fy23osti/86818.pdf,https://www.nlr.gov/docs/fy25osti/91972.pdf
TEXAS,Parmer,County,48,369,48369.0,G4803690,49,Rural Counties in the Southwest,https://www.nlr.gov/docs/fy23osti/86793.pdf,https://www.nlr.gov/docs/fy25osti/91948.pdf
TEXAS,Pecos,County,48,371,48371.0,G4803710,38,Rural West Texas and Oklahoma and Southern New Mexico,https://www.nlr.gov/docs/fy23osti/86784.pdf,https://www.nlr.gov/docs/fy25osti/91939.pdf
TEXAS,Polk,County,48,373,48373.0,G4803730,70,the Greater Gulf Coastal Plains,https://www.nlr.gov/docs/fy23osti/86812.pdf,https://www.nlr.gov/docs/fy25osti/91967.pdf
TEXAS,Potter,County,48,375,48375.0,G4803750,32,Amarillo-Lubbock-Abilene-Midland-San Angelo,https://www.nlr.gov/docs/fy23osti/86778.pdf,https://www.nlr.gov/docs/fy25osti/91933.pdf
TEXAS,Presidio,County,48,377,48377.0,G4803770,38,Rural West Texas and Oklahoma and Southern New Mexico,https://www.nlr.gov/docs/fy23osti/86784.pdf,https://www.nlr.gov/docs/fy25osti/91939.pdf
TEXAS,Rains,County,48,379,48379.0,G4803790,85,Rural Climate Zone 3A,https://www.nlr.gov/docs/fy23osti/86828.pdf,https://www.nlr.gov/docs/fy25osti/91982.pdf
TEXAS,Randall,County,48,381,48381.0,G4803810,32,Amarillo-Lubbock-Abilene-Midland-San Angelo,https://www.nlr.gov/docs/fy23osti/86778.pdf,https://www.nlr.gov/docs/fy25osti/91933.pdf
TEXAS,Reagan,County,48,383,48383.0,G4803830,38,Rural West Texas and Oklahoma and Southern New Mexico,https://www.nlr.gov/docs/fy23osti/86784.pdf,https://www.nlr.gov/docs/fy25osti/91939.pdf
TEXAS,Real,County,48,385,48385.0,G4803850,70,the Greater Gulf Coastal Plains,https://www.nlr.gov/docs/fy23osti/86812.pdf,https://www.nlr.gov/docs/fy25osti/91967.pdf
TEXAS,Red River,County,48,387,48387.0,G4803870,85,Rural Climate Zone 3A,https://www.nlr.gov/docs/fy23osti/86828.pdf,https://www.nlr.gov/docs/fy25osti/91982.pdf
TEXAS,Reeves,County,48,389,48389.0,G4803890,38,Rural West Texas and Oklahoma and Southern New Mexico,https://www.nlr.gov/docs/fy23osti/86784.pdf,https://www.nlr.gov/docs/fy25osti/91939.pdf
TEXAS,Refugio,County,48,391,48391.0,G4803910,70,the Greater Gulf Coastal Plains,https://www.nlr.gov/docs/fy23osti/86812.pdf,https://www.nlr.gov/docs/fy25osti/91967.pdf
TEXAS,Roberts,County,48,393,48393.0,G4803930,49,Rural Counties in the Southwest,https://www.nlr.gov/docs/fy23osti/86793.pdf,https://www.nlr.gov/docs/fy25osti/91948.pdf
TEXAS,Robertson,County,48,395,48395.0,G4803950,69,San Antonio to Waco,https://www.nlr.gov/docs/fy23osti/86811.pdf,https://www.nlr.gov/docs/fy25osti/91966.pdf
TEXAS,Rockwall,County,48,397,48397.0,G4803970,75,the Greater Dallas-Fort Worth Area,https://www.nlr.gov/docs/fy23osti/86818.pdf,https://www.nlr.gov/docs/fy25osti/91972.pdf
TEXAS,Runnels,County,48,399,48399.0,G4803990,38,Rural West Texas and Oklahoma and Southern New Mexico,https://www.nlr.gov/docs/fy23osti/86784.pdf,https://www.nlr.gov/docs/fy25osti/91939.pdf
TEXAS,Rusk,County,48,401,48401.0,G4804010,27,the Shreveport-Texarkana and Alexandria Area,https://www.nlr.gov/docs/fy23osti/86773.pdf,https://www.nlr.gov/docs/fy25osti/91928.pdf
TEXAS,Sabine,County,48,403,48403.0,G4804030,85,Rural Climate Zone 3A,https://www.nlr.gov/docs/fy23osti/86828.pdf,https://www.nlr.gov/docs/fy25osti/91982.pdf
TEXAS,San Augustine,County,48,405,48405.0,G4804050,85,Rural Climate Zone 3A,https://www.nlr.gov/docs/fy23osti/86828.pdf,https://www.nlr.gov/docs/fy25osti/91982.pdf
TEXAS,San Jacinto,County,48,407,48407.0,G4804070,70,the Greater Gulf Coastal Plains,https://www.nlr.gov/docs/fy23osti/86812.pdf,https://www.nlr.gov/docs/fy25osti/91967.pdf
TEXAS,San Patricio,County,48,409,48409.0,G4804090,58,Brownsville-Corpus Christi-McAllen-Victoria Areas,https://www.nlr.gov/docs/fy23osti/86802.pdf,https://www.nlr.gov/docs/fy25osti/91957.pdf
TEXAS,San Saba,County,48,411,48411.0,G4804110,85,Rural Climate Zone 3A,https://www.nlr.gov/docs/fy23osti/86828.pdf,https://www.nlr.gov/docs/fy25osti/91982.pdf
TEXAS,Schleicher,County,48,413,48413.0,G4804130,38,Rural West Texas and Oklahoma and Southern New Mexico,https://www.nlr.gov/docs/fy23osti/86784.pdf,https://www.nlr.gov/docs/fy25osti/91939.pdf
TEXAS,Scurry,County,48,415,48415.0,G4804150,38,Rural West Texas and Oklahoma and Southern New Mexico,https://www.nlr.gov/docs/fy23osti/86784.pdf,https://www.nlr.gov/docs/fy25osti/91939.pdf
TEXAS,Shackelford,County,48,417,48417.0,G4804170,38,Rural West Texas and Oklahoma and Southern New Mexico,https://www.nlr.gov/docs/fy23osti/86784.pdf,https://www.nlr.gov/docs/fy25osti/91939.pdf
TEXAS,Shelby,County,48,419,48419.0,G4804190,85,Rural Climate Zone 3A,https://www.nlr.gov/docs/fy23osti/86828.pdf,https://www.nlr.gov/docs/fy25osti/91982.pdf
TEXAS,Sherman,County,48,421,48421.0,G4804210,49,Rural Counties in the Southwest,https://www.nlr.gov/docs/fy23osti/86793.pdf,https://www.nlr.gov/docs/fy25osti/91948.pdf
TEXAS,Smith,County,48,423,48423.0,G4804230,27,the Shreveport-Texarkana and Alexandria Area,https://www.nlr.gov/docs/fy23osti/86773.pdf,https://www.nlr.gov/docs/fy25osti/91928.pdf
TEXAS,Somervell,County,48,425,48425.0,G4804250,85,Rural Climate Zone 3A,https://www.nlr.gov/docs/fy23osti/86828.pdf,https://www.nlr.gov/docs/fy25osti/91982.pdf
TEXAS,Starr,County,48,427,48427.0,G4804270,70,the Greater Gulf Coastal Plains,https://www.nlr.gov/docs/fy23osti/86812.pdf,https://www.nlr.gov/docs/fy25osti/91967.pdf
TEXAS,Stephens,County,48,429,48429.0,G4804290,85,Rural Climate Zone 3A,https://www.nlr.gov/docs/fy23osti/86828.pdf,https://www.nlr.gov/docs/fy25osti/91982.pdf
TEXAS,Sterling,County,48,431,48431.0,G4804310,32,Amarillo-Lubbock-Abilene-Midland-San Angelo,https://www.nlr.gov/docs/fy23osti/86778.pdf,https://www.nlr.gov/docs/fy25osti/91933.pdf
TEXAS,Stonewall,County,48,433,48433.0,G4804330,38,Rural West Texas and Oklahoma and Southern New Mexico,https://www.nlr.gov/docs/fy23osti/86784.pdf,https://www.nlr.gov/docs/fy25osti/91939.pdf
TEXAS,Sutton,County,48,435,48435.0,G4804350,38,Rural West Texas and Oklahoma and Southern New Mexico,https://www.nlr.gov/docs/fy23osti/86784.pdf,https://www.nlr.gov/docs/fy25osti/91939.pdf
TEXAS,Swisher,County,48,437,48437.0,G4804370,49,Rural Counties in the Southwest,https://www.nlr.gov/docs/fy23osti/86793.pdf,https://www.nlr.gov/docs/fy25osti/91948.pdf
TEXAS,Tarrant,County,48,439,48439.0,G4804390,75,the Greater Dallas-Fort Worth Area,https://www.nlr.gov/docs/fy23osti/86818.pdf,https://www.nlr.gov/docs/fy25osti/91972.pdf
TEXAS,Taylor,County,48,441,48441.0,G4804410,32,Amarillo-Lubbock-Abilene-Midland-San Angelo,https://www.nlr.gov/docs/fy23osti/86778.pdf,https://www.nlr.gov/docs/fy25osti/91933.pdf
TEXAS,Terrell,County,48,443,48443.0,G4804430,38,Rural West Texas and Oklahoma and Southern New Mexico,https://www.nlr.gov/docs/fy23osti/86784.pdf,https://www.nlr.gov/docs/fy25osti/91939.pdf
TEXAS,Terry,County,48,445,48445.0,G4804450,38,Rural West Texas and Oklahoma and Southern New Mexico,https://www.nlr.gov/docs/fy23osti/86784.pdf,https://www.nlr.gov/docs/fy25osti/91939.pdf
TEXAS,Throckmorton,County,48,447,48447.0,G4804470,38,Rural West Texas and Oklahoma and Southern New Mexico,https://www.nlr.gov/docs/fy23osti/86784.pdf,https://www.nlr.gov/docs/fy25osti/91939.pdf
TEXAS,Titus,County,48,449,48449.0,G4804490,85,Rural Climate Zone 3A,https://www.nlr.gov/docs/fy23osti/86828.pdf,https://www.nlr.gov/docs/fy25osti/91982.pdf
TEXAS,Tom Green,County,48,451,48451.0,G4804510,32,Amarillo-Lubbock-Abilene-Midland-San Angelo,https://www.nlr.gov/docs/fy23osti/86778.pdf,https://www.nlr.gov/docs/fy25osti/91933.pdf
TEXAS,Travis,County,48,453,48453.0,G4804530,69,San Antonio to Waco,https://www.nlr.gov/docs/fy23osti/86811.pdf,https://www.nlr.gov/docs/fy25osti/91966.pdf
TEXAS,Trinity,County,48,455,48455.0,G4804550,70,the Greater Gulf Coastal Plains,https://www.nlr.gov/docs/fy23osti/86812.pdf,https://www.nlr.gov/docs/fy25osti/91967.pdf
TEXAS,Tyler,County,48,457,48457.0,G4804570,70,the Greater Gulf Coastal Plains,https://www.nlr.gov/docs/fy23osti/86812.pdf,https://www.nlr.gov/docs/fy25osti/91967.pdf
TEXAS,Upshur,County,48,459,48459.0,G4804590,27,the Shreveport-Texarkana and Alexandria Area,https://www.nlr.gov/docs/fy23osti/86773.pdf,https://www.nlr.gov/docs/fy25osti/91928.pdf
TEXAS,Upton,County,48,461,48461.0,G4804610,38,Rural West Texas and Oklahoma and Southern New Mexico,https://www.nlr.gov/docs/fy23osti/86784.pdf,https://www.nlr.gov/docs/fy25osti/91939.pdf
TEXAS,Uvalde,County,48,463,48463.0,G4804630,70,the Greater Gulf Coastal Plains,https://www.nlr.gov/docs/fy23osti/86812.pdf,https://www.nlr.gov/docs/fy25osti/91967.pdf
TEXAS,Val Verde,County,48,465,48465.0,G4804650,70,the Greater Gulf Coastal Plains,https://www.nlr.gov/docs/fy23osti/86812.pdf,https://www.nlr.gov/docs/fy25osti/91967.pdf
TEXAS,Van Zandt,County,48,467,48467.0,G4804670,85,Rural Climate Zone 3A,https://www.nlr.gov/docs/fy23osti/86828.pdf,https://www.nlr.gov/docs/fy25osti/91982.pdf
TEXAS,Victoria,County,48,469,48469.0,G4804690,58,Brownsville-Corpus Christi-McAllen-Victoria Areas,https://www.nlr.gov/docs/fy23osti/86802.pdf,https://www.nlr.gov/docs/fy25osti/91957.pdf
TEXAS,Walker,County,48,471,48471.0,G4804710,70,the Greater Gulf Coastal Plains,https://www.nlr.gov/docs/fy23osti/86812.pdf,https://www.nlr.gov/docs/fy25osti/91967.pdf
TEXAS,Waller,County,48,473,48473.0,G4804730,74,the Central Gulf Coast Area,https://www.nlr.gov/docs/fy23osti/86817.pdf,https://www.nlr.gov/docs/fy25osti/91971.pdf
TEXAS,Ward,County,48,475,48475.0,G4804750,38,Rural West Texas and Oklahoma and Southern New Mexico,https://www.nlr.gov/docs/fy23osti/86784.pdf,https://www.nlr.gov/docs/fy25osti/91939.pdf
TEXAS,Washington,County,48,477,48477.0,G4804770,70,the Greater Gulf Coastal Plains,https://www.nlr.gov/docs/fy23osti/86812.pdf,https://www.nlr.gov/docs/fy25osti/91967.pdf
TEXAS,Webb,County,48,479,48479.0,G4804790,70,the Greater Gulf Coastal Plains,https://www.nlr.gov/docs/fy23osti/86812.pdf,https://www.nlr.gov/docs/fy25osti/91967.pdf
TEXAS,Wharton,County,48,481,48481.0,G4804810,70,the Greater Gulf Coastal Plains,https://www.nlr.gov/docs/fy23osti/86812.pdf,https://www.nlr.gov/docs/fy25osti/91967.pdf
TEXAS,Wheeler,County,48,483,48483.0,G4804830,38,Rural West Texas and Oklahoma and Southern New Mexico,https://www.nlr.gov/docs/fy23osti/86784.pdf,https://www.nlr.gov/docs/fy25osti/91939.pdf
TEXAS,Wichita,County,48,485,48485.0,G4804850,73,the Tulsa to Wichita Falls I-44 Corridor,https://www.nlr.gov/docs/fy23osti/86815.pdf,https://www.nlr.gov/docs/fy25osti/91970.pdf
TEXAS,Wilbarger,County,48,487,48487.0,G4804870,38,Rural West Texas and Oklahoma and Southern New Mexico,https://www.nlr.gov/docs/fy23osti/86784.pdf,https://www.nlr.gov/docs/fy25osti/91939.pdf
TEXAS,Willacy,County,48,489,48489.0,G4804890,70,the Greater Gulf Coastal Plains,https://www.nlr.gov/docs/fy23osti/86812.pdf,https://www.nlr.gov/docs/fy25osti/91967.pdf
TEXAS,Williamson,County,48,491,48491.0,G4804910,69,San Antonio to Waco,https://www.nlr.gov/docs/fy23osti/86811.pdf,https://www.nlr.gov/docs/fy25osti/91966.pdf
TEXAS,Wilson,County,48,493,48493.0,G4804930,69,San Antonio to Waco,https://www.nlr.gov/docs/fy23osti/86811.pdf,https://www.nlr.gov/docs/fy25osti/91966.pdf
TEXAS,Winkler,County,48,495,48495.0,G4804950,38,Rural West Texas and Oklahoma and Southern New Mexico,https://www.nlr.gov/docs/fy23osti/86784.pdf,https://www.nlr.gov/docs/fy25osti/91939.pdf
TEXAS,Wise,County,48,497,48497.0,G4804970,75,the Greater Dallas-Fort Worth Area,https://www.nlr.gov/docs/fy23osti/86818.pdf,https://www.nlr.gov/docs/fy25osti/91972.pdf
TEXAS,Wood,County,48,499,48499.0,G4804990,85,Rural Climate Zone 3A,https://www.nlr.gov/docs/fy23osti/86828.pdf,https://www.nlr.gov/docs/fy25osti/91982.pdf
TEXAS,Yoakum,County,48,501,48501.0,G4805010,49,Rural Counties in the Southwest,https://www.nlr.gov/docs/fy23osti/86793.pdf,https://www.nlr.gov/docs/fy25osti/91948.pdf
TEXAS,Young,County,48,503,48503.0,G4805030,85,Rural Climate Zone 3A,https://www.nlr.gov/docs/fy23osti/86828.pdf,https://www.nlr.gov/docs/fy25osti/91982.pdf
TEXAS,Zapata,County,48,505,48505.0,G4805050,70,the Greater Gulf Coastal Plains,https://www.nlr.gov/docs/fy23osti/86812.pdf,https://www.nlr.gov/docs/fy25osti/91967.pdf
TEXAS,Zavala,County,48,507,48507.0,G4805070,70,the Greater Gulf Coastal Plains,https://www.nlr.gov/docs/fy23osti/86812.pdf,https://www.nlr.gov/docs/fy25osti/91967.pdf
UTAH,Beaver,County,49,1,49001.0,G4900010,31,Rural Mountain West,https://www.nlr.gov/docs/fy23osti/86777.pdf,https://www.nlr.gov/docs/fy25osti/91932.pdf
UTAH,Box Elder,County,49,3,49003.0,G4900030,66,the Northwestern Utah and Pocatello Area,https://www.nlr.gov/docs/fy23osti/86808.pdf,https://www.nlr.gov/docs/fy25osti/91963.pdf
UTAH,Cache,County,49,5,49005.0,G4900050,66,the Northwestern Utah and Pocatello Area,https://www.nlr.gov/docs/fy23osti/86808.pdf,https://www.nlr.gov/docs/fy25osti/91963.pdf
UTAH,Carbon,County,49,7,49007.0,G4900070,57,Rural Rocky Mountains North,https://www.nlr.gov/docs/fy23osti/86801.pdf,https://www.nlr.gov/docs/fy25osti/91956.pdf
UTAH,Daggett,County,49,9,49009.0,G4900090,57,Rural Rocky Mountains North,https://www.nlr.gov/docs/fy23osti/86801.pdf,https://www.nlr.gov/docs/fy25osti/91956.pdf
UTAH,Davis,County,49,11,49011.0,G4900110,66,the Northwestern Utah and Pocatello Area,https://www.nlr.gov/docs/fy23osti/86808.pdf,https://www.nlr.gov/docs/fy25osti/91963.pdf
UTAH,Duchesne,County,49,13,49013.0,G4900130,57,Rural Rocky Mountains North,https://www.nlr.gov/docs/fy23osti/86801.pdf,https://www.nlr.gov/docs/fy25osti/91956.pdf
UTAH,Emery,County,49,15,49015.0,G4900150,31,Rural Mountain West,https://www.nlr.gov/docs/fy23osti/86777.pdf,https://www.nlr.gov/docs/fy25osti/91932.pdf
UTAH,Garfield,County,49,17,49017.0,G4900170,31,Rural Mountain West,https://www.nlr.gov/docs/fy23osti/86777.pdf,https://www.nlr.gov/docs/fy25osti/91932.pdf
UTAH,Grand,County,49,19,49019.0,G4900190,31,Rural Mountain West,https://www.nlr.gov/docs/fy23osti/86777.pdf,https://www.nlr.gov/docs/fy25osti/91932.pdf
UTAH,Iron,County,49,21,49021.0,G4900210,31,Rural Mountain West,https://www.nlr.gov/docs/fy23osti/86777.pdf,https://www.nlr.gov/docs/fy25osti/91932.pdf
UTAH,Juab,County,49,23,49023.0,G4900230,66,the Northwestern Utah and Pocatello Area,https://www.nlr.gov/docs/fy23osti/86808.pdf,https://www.nlr.gov/docs/fy25osti/91963.pdf
UTAH,Kane,County,49,25,49025.0,G4900250,31,Rural Mountain West,https://www.nlr.gov/docs/fy23osti/86777.pdf,https://www.nlr.gov/docs/fy25osti/91932.pdf
UTAH,Millard,County,49,27,49027.0,G4900270,31,Rural Mountain West,https://www.nlr.gov/docs/fy23osti/86777.pdf,https://www.nlr.gov/docs/fy25osti/91932.pdf
UTAH,Morgan,County,49,29,49029.0,G4900290,66,the Northwestern Utah and Pocatello Area,https://www.nlr.gov/docs/fy23osti/86808.pdf,https://www.nlr.gov/docs/fy25osti/91963.pdf
UTAH,Piute,County,49,31,49031.0,G4900310,31,Rural Mountain West,https://www.nlr.gov/docs/fy23osti/86777.pdf,https://www.nlr.gov/docs/fy25osti/91932.pdf
UTAH,Rich,County,49,33,49033.0,G4900330,57,Rural Rocky Mountains North,https://www.nlr.gov/docs/fy23osti/86801.pdf,https://www.nlr.gov/docs/fy25osti/91956.pdf
UTAH,Salt Lake,County,49,35,49035.0,G4900350,66,the Northwestern Utah and Pocatello Area,https://www.nlr.gov/docs/fy23osti/86808.pdf,https://www.nlr.gov/docs/fy25osti/91963.pdf
UTAH,San Juan,County,49,37,49037.0,G4900370,31,Rural Mountain West,https://www.nlr.gov/docs/fy23osti/86777.pdf,https://www.nlr.gov/docs/fy25osti/91932.pdf
UTAH,Sanpete,County,49,39,49039.0,G4900390,31,Rural Mountain West,https://www.nlr.gov/docs/fy23osti/86777.pdf,https://www.nlr.gov/docs/fy25osti/91932.pdf
UTAH,Sevier,County,49,41,49041.0,G4900410,31,Rural Mountain West,https://www.nlr.gov/docs/fy23osti/86777.pdf,https://www.nlr.gov/docs/fy25osti/91932.pdf
UTAH,Summit,County,49,43,49043.0,G4900430,57,Rural Rocky Mountains North,https://www.nlr.gov/docs/fy23osti/86801.pdf,https://www.nlr.gov/docs/fy25osti/91956.pdf
UTAH,Tooele,County,49,45,49045.0,G4900450,66,the Northwestern Utah and Pocatello Area,https://www.nlr.gov/docs/fy23osti/86808.pdf,https://www.nlr.gov/docs/fy25osti/91963.pdf
UTAH,Uintah,County,49,47,49047.0,G4900470,57,Rural Rocky Mountains North,https://www.nlr.gov/docs/fy23osti/86801.pdf,https://www.nlr.gov/docs/fy25osti/91956.pdf
UTAH,Utah,County,49,49,49049.0,G4900490,66,the Northwestern Utah and Pocatello Area,https://www.nlr.gov/docs/fy23osti/86808.pdf,https://www.nlr.gov/docs/fy25osti/91963.pdf
UTAH,Wasatch,County,49,51,49051.0,G4900510,57,Rural Rocky Mountains North,https://www.nlr.gov/docs/fy23osti/86801.pdf,https://www.nlr.gov/docs/fy25osti/91956.pdf
UTAH,Washington,County,49,53,49053.0,G4900530,71,Northern Arizona and Washington County Utah,https://www.nlr.gov/docs/fy23osti/86813.pdf,https://www.nlr.gov/docs/fy25osti/91968.pdf
UTAH,Wayne,County,49,55,49055.0,G4900550,31,Rural Mountain West,https://www.nlr.gov/docs/fy23osti/86777.pdf,https://www.nlr.gov/docs/fy25osti/91932.pdf
UTAH,Weber,County,49,57,49057.0,G4900570,66,the Northwestern Utah and Pocatello Area,https://www.nlr.gov/docs/fy23osti/86808.pdf,https://www.nlr.gov/docs/fy25osti/91963.pdf
VERMONT,Addison,County,50,1,50001.0,G5000010,59,Northern New England,https://www.nlr.gov/docs/fy23osti/86803.pdf,https://www.nlr.gov/docs/fy25osti/91958.pdf
VERMONT,Bennington,County,50,3,50003.0,G5000030,59,Northern New England,https://www.nlr.gov/docs/fy23osti/86803.pdf,https://www.nlr.gov/docs/fy25osti/91958.pdf
VERMONT,Caledonia,County,50,5,50005.0,G5000050,59,Northern New England,https://www.nlr.gov/docs/fy23osti/86803.pdf,https://www.nlr.gov/docs/fy25osti/91958.pdf
VERMONT,Chittenden,County,50,7,50007.0,G5000070,59,Northern New England,https://www.nlr.gov/docs/fy23osti/86803.pdf,https://www.nlr.gov/docs/fy25osti/91958.pdf
VERMONT,Essex,County,50,9,50009.0,G5000090,59,Northern New England,https://www.nlr.gov/docs/fy23osti/86803.pdf,https://www.nlr.gov/docs/fy25osti/91958.pdf
VERMONT,Franklin,County,50,11,50011.0,G5000110,59,Northern New England,https://www.nlr.gov/docs/fy23osti/86803.pdf,https://www.nlr.gov/docs/fy25osti/91958.pdf
VERMONT,Grand Isle,County,50,13,50013.0,G5000130,59,Northern New England,https://www.nlr.gov/docs/fy23osti/86803.pdf,https://www.nlr.gov/docs/fy25osti/91958.pdf
VERMONT,Lamoille,County,50,15,50015.0,G5000150,59,Northern New England,https://www.nlr.gov/docs/fy23osti/86803.pdf,https://www.nlr.gov/docs/fy25osti/91958.pdf
VERMONT,Orange,County,50,17,50017.0,G5000170,59,Northern New England,https://www.nlr.gov/docs/fy23osti/86803.pdf,https://www.nlr.gov/docs/fy25osti/91958.pdf
VERMONT,Orleans,County,50,19,50019.0,G5000190,59,Northern New England,https://www.nlr.gov/docs/fy23osti/86803.pdf,https://www.nlr.gov/docs/fy25osti/91958.pdf
VERMONT,Rutland,County,50,21,50021.0,G5000210,59,Northern New England,https://www.nlr.gov/docs/fy23osti/86803.pdf,https://www.nlr.gov/docs/fy25osti/91958.pdf
VERMONT,Washington,County,50,23,50023.0,G5000230,59,Northern New England,https://www.nlr.gov/docs/fy23osti/86803.pdf,https://www.nlr.gov/docs/fy25osti/91958.pdf
VERMONT,Windham,County,50,25,50025.0,G5000250,59,Northern New England,https://www.nlr.gov/docs/fy23osti/86803.pdf,https://www.nlr.gov/docs/fy25osti/91958.pdf
VERMONT,Windsor,County,50,27,50027.0,G5000270,59,Northern New England,https://www.nlr.gov/docs/fy23osti/86803.pdf,https://www.nlr.gov/docs/fy25osti/91958.pdf
VIRGINIA,Accomack,County,51,1,51001.0,G5100010,22,the Greater Central Virginia and Eastern Shore Area,https://www.nlr.gov/docs/fy23osti/86768.pdf,https://www.nlr.gov/docs/fy25osti/91923.pdf
VIRGINIA,Albemarle,County,51,3,51003.0,G5100030,22,the Greater Central Virginia and Eastern Shore Area,https://www.nlr.gov/docs/fy23osti/86768.pdf,https://www.nlr.gov/docs/fy25osti/91923.pdf
VIRGINIA,Alexandria,city,51,510,51510.0,G5105100,39,the Washington DC to Philadelphia Area,https://www.nlr.gov/docs/fy23osti/86785.pdf,https://www.nlr.gov/docs/fy25osti/91940.pdf
VIRGINIA,Alleghany,County,51,5,51005.0,G5100050,33,Rural Lower Plains-Upper South Appalachia,https://www.nlr.gov/docs/fy23osti/86779.pdf,https://www.nlr.gov/docs/fy25osti/91934.pdf
VIRGINIA,Amelia,County,51,7,51007.0,G5100070,22,the Greater Central Virginia and Eastern Shore Area,https://www.nlr.gov/docs/fy23osti/86768.pdf,https://www.nlr.gov/docs/fy25osti/91923.pdf
VIRGINIA,Amherst,County,51,9,51009.0,G5100090,22,the Greater Central Virginia and Eastern Shore Area,https://www.nlr.gov/docs/fy23osti/86768.pdf,https://www.nlr.gov/docs/fy25osti/91923.pdf
VIRGINIA,Appomattox,County,51,11,51011.0,G5100110,22,the Greater Central Virginia and Eastern Shore Area,https://www.nlr.gov/docs/fy23osti/86768.pdf,https://www.nlr.gov/docs/fy25osti/91923.pdf
VIRGINIA,Arlington,County,51,13,51013.0,G5100130,39,the Washington DC to Philadelphia Area,https://www.nlr.gov/docs/fy23osti/86785.pdf,https://www.nlr.gov/docs/fy25osti/91940.pdf
VIRGINIA,Augusta,County,51,15,51015.0,G5100150,22,the Greater Central Virginia and Eastern Shore Area,https://www.nlr.gov/docs/fy23osti/86768.pdf,https://www.nlr.gov/docs/fy25osti/91923.pdf
VIRGINIA,Bath,County,51,17,51017.0,G5100170,33,Rural Lower Plains-Upper South Appalachia,https://www.nlr.gov/docs/fy23osti/86779.pdf,https://www.nlr.gov/docs/fy25osti/91934.pdf
VIRGINIA,Bedford,County,51,19,51019.0,G5100190,22,the Greater Central Virginia and Eastern Shore Area,https://www.nlr.gov/docs/fy23osti/86768.pdf,https://www.nlr.gov/docs/fy25osti/91923.pdf
VIRGINIA,Bland,County,51,21,51021.0,G5100210,33,Rural Lower Plains-Upper South Appalachia,https://www.nlr.gov/docs/fy23osti/86779.pdf,https://www.nlr.gov/docs/fy25osti/91934.pdf
VIRGINIA,Botetourt,County,51,23,51023.0,G5100230,22,the Greater Central Virginia and Eastern Shore Area,https://www.nlr.gov/docs/fy23osti/86768.pdf,https://www.nlr.gov/docs/fy25osti/91923.pdf
VIRGINIA,Bristol,city,51,520,51520.0,G5105200,18,"the Knoxville-Chattanooga-Asheville and Greenville, SC Area",https://www.nlr.gov/docs/fy23osti/86764.pdf,https://www.nlr.gov/docs/fy25osti/91919.pdf
VIRGINIA,Brunswick,County,51,25,51025.0,G5100250,33,Rural Lower Plains-Upper South Appalachia,https://www.nlr.gov/docs/fy23osti/86779.pdf,https://www.nlr.gov/docs/fy25osti/91934.pdf
VIRGINIA,Buchanan,County,51,27,51027.0,G5100270,33,Rural Lower Plains-Upper South Appalachia,https://www.nlr.gov/docs/fy23osti/86779.pdf,https://www.nlr.gov/docs/fy25osti/91934.pdf
VIRGINIA,Buckingham,County,51,29,51029.0,G5100290,33,Rural Lower Plains-Upper South Appalachia,https://www.nlr.gov/docs/fy23osti/86779.pdf,https://www.nlr.gov/docs/fy25osti/91934.pdf
VIRGINIA,Buena Vista,city,51,530,51530.0,G5105300,33,Rural Lower Plains-Upper South Appalachia,https://www.nlr.gov/docs/fy23osti/86779.pdf,https://www.nlr.gov/docs/fy25osti/91934.pdf
VIRGINIA,Campbell,County,51,31,51031.0,G5100310,22,the Greater Central Virginia and Eastern Shore Area,https://www.nlr.gov/docs/fy23osti/86768.pdf,https://www.nlr.gov/docs/fy25osti/91923.pdf
VIRGINIA,Caroline,County,51,33,51033.0,G5100330,22,the Greater Central Virginia and Eastern Shore Area,https://www.nlr.gov/docs/fy23osti/86768.pdf,https://www.nlr.gov/docs/fy25osti/91923.pdf
VIRGINIA,Carroll,County,51,35,51035.0,G5100350,33,Rural Lower Plains-Upper South Appalachia,https://www.nlr.gov/docs/fy23osti/86779.pdf,https://www.nlr.gov/docs/fy25osti/91934.pdf
VIRGINIA,Charles City,County,51,36,51036.0,G5100360,22,the Greater Central Virginia and Eastern Shore Area,https://www.nlr.gov/docs/fy23osti/86768.pdf,https://www.nlr.gov/docs/fy25osti/91923.pdf
VIRGINIA,Charlotte,County,51,37,51037.0,G5100370,33,Rural Lower Plains-Upper South Appalachia,https://www.nlr.gov/docs/fy23osti/86779.pdf,https://www.nlr.gov/docs/fy25osti/91934.pdf
VIRGINIA,Charlottesville,city,51,540,51540.0,G5105400,22,the Greater Central Virginia and Eastern Shore Area,https://www.nlr.gov/docs/fy23osti/86768.pdf,https://www.nlr.gov/docs/fy25osti/91923.pdf
VIRGINIA,Chesapeake,city,51,550,51550.0,G5105500,22,the Greater Central Virginia and Eastern Shore Area,https://www.nlr.gov/docs/fy23osti/86768.pdf,https://www.nlr.gov/docs/fy25osti/91923.pdf
VIRGINIA,Chesterfield,County,51,41,51041.0,G5100410,22,the Greater Central Virginia and Eastern Shore Area,https://www.nlr.gov/docs/fy23osti/86768.pdf,https://www.nlr.gov/docs/fy25osti/91923.pdf
VIRGINIA,Clarke,County,51,43,51043.0,G5100430,39,the Washington DC to Philadelphia Area,https://www.nlr.gov/docs/fy23osti/86785.pdf,https://www.nlr.gov/docs/fy25osti/91940.pdf
VIRGINIA,Colonial Heights,city,51,570,51570.0,G5105700,22,the Greater Central Virginia and Eastern Shore Area,https://www.nlr.gov/docs/fy23osti/86768.pdf,https://www.nlr.gov/docs/fy25osti/91923.pdf
VIRGINIA,Covington,city,51,580,51580.0,G5105800,33,Rural Lower Plains-Upper South Appalachia,https://www.nlr.gov/docs/fy23osti/86779.pdf,https://www.nlr.gov/docs/fy25osti/91934.pdf
VIRGINIA,Craig,County,51,45,51045.0,G5100450,22,the Greater Central Virginia and Eastern Shore Area,https://www.nlr.gov/docs/fy23osti/86768.pdf,https://www.nlr.gov/docs/fy25osti/91923.pdf
VIRGINIA,Culpeper,County,51,47,51047.0,G5100470,39,the Washington DC to Philadelphia Area,https://www.nlr.gov/docs/fy23osti/86785.pdf,https://www.nlr.gov/docs/fy25osti/91940.pdf
VIRGINIA,Cumberland,County,51,49,51049.0,G5100490,33,Rural Lower Plains-Upper South Appalachia,https://www.nlr.gov/docs/fy23osti/86779.pdf,https://www.nlr.gov/docs/fy25osti/91934.pdf
VIRGINIA,Danville,city,51,590,51590.0,G5105900,33,Rural Lower Plains-Upper South Appalachia,https://www.nlr.gov/docs/fy23osti/86779.pdf,https://www.nlr.gov/docs/fy25osti/91934.pdf
VIRGINIA,Dickenson,County,51,51,51051.0,G5100510,33,Rural Lower Plains-Upper South Appalachia,https://www.nlr.gov/docs/fy23osti/86779.pdf,https://www.nlr.gov/docs/fy25osti/91934.pdf
VIRGINIA,Dinwiddie,County,51,53,51053.0,G5100530,22,the Greater Central Virginia and Eastern Shore Area,https://www.nlr.gov/docs/fy23osti/86768.pdf,https://www.nlr.gov/docs/fy25osti/91923.pdf
VIRGINIA,Emporia,city,51,595,51595.0,G5105950,33,Rural Lower Plains-Upper South Appalachia,https://www.nlr.gov/docs/fy23osti/86779.pdf,https://www.nlr.gov/docs/fy25osti/91934.pdf
VIRGINIA,Essex,County,51,57,51057.0,G5100570,22,the Greater Central Virginia and Eastern Shore Area,https://www.nlr.gov/docs/fy23osti/86768.pdf,https://www.nlr.gov/docs/fy25osti/91923.pdf
VIRGINIA,Fairfax,County,51,59,51059.0,G5100590,39,the Washington DC to Philadelphia Area,https://www.nlr.gov/docs/fy23osti/86785.pdf,https://www.nlr.gov/docs/fy25osti/91940.pdf
VIRGINIA,Fairfax,city,51,600,51600.0,G5106000,39,the Washington DC to Philadelphia Area,https://www.nlr.gov/docs/fy23osti/86785.pdf,https://www.nlr.gov/docs/fy25osti/91940.pdf
VIRGINIA,Falls Church,city,51,610,51610.0,G5106100,39,the Washington DC to Philadelphia Area,https://www.nlr.gov/docs/fy23osti/86785.pdf,https://www.nlr.gov/docs/fy25osti/91940.pdf
VIRGINIA,Fauquier,County,51,61,51061.0,G5100610,39,the Washington DC to Philadelphia Area,https://www.nlr.gov/docs/fy23osti/86785.pdf,https://www.nlr.gov/docs/fy25osti/91940.pdf
VIRGINIA,Floyd,County,51,63,51063.0,G5100630,33,Rural Lower Plains-Upper South Appalachia,https://www.nlr.gov/docs/fy23osti/86779.pdf,https://www.nlr.gov/docs/fy25osti/91934.pdf
VIRGINIA,Fluvanna,County,51,65,51065.0,G5100650,22,the Greater Central Virginia and Eastern Shore Area,https://www.nlr.gov/docs/fy23osti/86768.pdf,https://www.nlr.gov/docs/fy25osti/91923.pdf
VIRGINIA,Franklin,County,51,67,51067.0,G5100670,22,the Greater Central Virginia and Eastern Shore Area,https://www.nlr.gov/docs/fy23osti/86768.pdf,https://www.nlr.gov/docs/fy25osti/91923.pdf
VIRGINIA,Franklin,city,51,620,51620.0,G5106200,22,the Greater Central Virginia and Eastern Shore Area,https://www.nlr.gov/docs/fy23osti/86768.pdf,https://www.nlr.gov/docs/fy25osti/91923.pdf
VIRGINIA,Frederick,County,51,69,51069.0,G5100690,39,the Washington DC to Philadelphia Area,https://www.nlr.gov/docs/fy23osti/86785.pdf,https://www.nlr.gov/docs/fy25osti/91940.pdf
VIRGINIA,Fredericksburg,city,51,630,51630.0,G5106300,39,the Washington DC to Philadelphia Area,https://www.nlr.gov/docs/fy23osti/86785.pdf,https://www.nlr.gov/docs/fy25osti/91940.pdf
VIRGINIA,Galax,city,51,640,51640.0,G5106400,33,Rural Lower Plains-Upper South Appalachia,https://www.nlr.gov/docs/fy23osti/86779.pdf,https://www.nlr.gov/docs/fy25osti/91934.pdf
VIRGINIA,Giles,County,51,71,51071.0,G5100710,22,the Greater Central Virginia and Eastern Shore Area,https://www.nlr.gov/docs/fy23osti/86768.pdf,https://www.nlr.gov/docs/fy25osti/91923.pdf
VIRGINIA,Gloucester,County,51,73,51073.0,G5100730,22,the Greater Central Virginia and Eastern Shore Area,https://www.nlr.gov/docs/fy23osti/86768.pdf,https://www.nlr.gov/docs/fy25osti/91923.pdf
VIRGINIA,Goochland,County,51,75,51075.0,G5100750,22,the Greater Central Virginia and Eastern Shore Area,https://www.nlr.gov/docs/fy23osti/86768.pdf,https://www.nlr.gov/docs/fy25osti/91923.pdf
VIRGINIA,Grayson,County,51,77,51077.0,G5100770,33,Rural Lower Plains-Upper South Appalachia,https://www.nlr.gov/docs/fy23osti/86779.pdf,https://www.nlr.gov/docs/fy25osti/91934.pdf
VIRGINIA,Greene,County,51,79,51079.0,G5100790,22,the Greater Central Virginia and Eastern Shore Area,https://www.nlr.gov/docs/fy23osti/86768.pdf,https://www.nlr.gov/docs/fy25osti/91923.pdf
VIRGINIA,Greensville,County,51,81,51081.0,G5100810,33,Rural Lower Plains-Upper South Appalachia,https://www.nlr.gov/docs/fy23osti/86779.pdf,https://www.nlr.gov/docs/fy25osti/91934.pdf
VIRGINIA,Halifax,County,51,83,51083.0,G5100830,33,Rural Lower Plains-Upper South Appalachia,https://www.nlr.gov/docs/fy23osti/86779.pdf,https://www.nlr.gov/docs/fy25osti/91934.pdf
VIRGINIA,Hampton,city,51,650,51650.0,G5106500,22,the Greater Central Virginia and Eastern Shore Area,https://www.nlr.gov/docs/fy23osti/86768.pdf,https://www.nlr.gov/docs/fy25osti/91923.pdf
VIRGINIA,Hanover,County,51,85,51085.0,G5100850,22,the Greater Central Virginia and Eastern Shore Area,https://www.nlr.gov/docs/fy23osti/86768.pdf,https://www.nlr.gov/docs/fy25osti/91923.pdf
VIRGINIA,Harrisonburg,city,51,660,51660.0,G5106600,22,the Greater Central Virginia and Eastern Shore Area,https://www.nlr.gov/docs/fy23osti/86768.pdf,https://www.nlr.gov/docs/fy25osti/91923.pdf
VIRGINIA,Henrico,County,51,87,51087.0,G5100870,22,the Greater Central Virginia and Eastern Shore Area,https://www.nlr.gov/docs/fy23osti/86768.pdf,https://www.nlr.gov/docs/fy25osti/91923.pdf
VIRGINIA,Henry,County,51,89,51089.0,G5100890,33,Rural Lower Plains-Upper South Appalachia,https://www.nlr.gov/docs/fy23osti/86779.pdf,https://www.nlr.gov/docs/fy25osti/91934.pdf
VIRGINIA,Highland,County,51,91,51091.0,G5100910,33,Rural Lower Plains-Upper South Appalachia,https://www.nlr.gov/docs/fy23osti/86779.pdf,https://www.nlr.gov/docs/fy25osti/91934.pdf
VIRGINIA,Hopewell,city,51,670,51670.0,G5106700,22,the Greater Central Virginia and Eastern Shore Area,https://www.nlr.gov/docs/fy23osti/86768.pdf,https://www.nlr.gov/docs/fy25osti/91923.pdf
VIRGINIA,Isle of Wight,County,51,93,51093.0,G5100930,22,the Greater Central Virginia and Eastern Shore Area,https://www.nlr.gov/docs/fy23osti/86768.pdf,https://www.nlr.gov/docs/fy25osti/91923.pdf
VIRGINIA,James City,County,51,95,51095.0,G5100950,22,the Greater Central Virginia and Eastern Shore Area,https://www.nlr.gov/docs/fy23osti/86768.pdf,https://www.nlr.gov/docs/fy25osti/91923.pdf
VIRGINIA,King George,County,51,99,51099.0,G5100990,22,the Greater Central Virginia and Eastern Shore Area,https://www.nlr.gov/docs/fy23osti/86768.pdf,https://www.nlr.gov/docs/fy25osti/91923.pdf
VIRGINIA,King William,County,51,101,51101.0,G5101010,22,the Greater Central Virginia and Eastern Shore Area,https://www.nlr.gov/docs/fy23osti/86768.pdf,https://www.nlr.gov/docs/fy25osti/91923.pdf
VIRGINIA,King and Queen,County,51,97,51097.0,G5100970,22,the Greater Central Virginia and Eastern Shore Area,https://www.nlr.gov/docs/fy23osti/86768.pdf,https://www.nlr.gov/docs/fy25osti/91923.pdf
VIRGINIA,Lancaster,County,51,103,51103.0,G5101030,22,the Greater Central Virginia and Eastern Shore Area,https://www.nlr.gov/docs/fy23osti/86768.pdf,https://www.nlr.gov/docs/fy25osti/91923.pdf
VIRGINIA,Lee,County,51,105,51105.0,G5101050,33,Rural Lower Plains-Upper South Appalachia,https://www.nlr.gov/docs/fy23osti/86779.pdf,https://www.nlr.gov/docs/fy25osti/91934.pdf
VIRGINIA,Lexington,city,51,678,51678.0,G5106780,33,Rural Lower Plains-Upper South Appalachia,https://www.nlr.gov/docs/fy23osti/86779.pdf,https://www.nlr.gov/docs/fy25osti/91934.pdf
VIRGINIA,Loudoun,County,51,107,51107.0,G5101070,39,the Washington DC to Philadelphia Area,https://www.nlr.gov/docs/fy23osti/86785.pdf,https://www.nlr.gov/docs/fy25osti/91940.pdf
VIRGINIA,Louisa,County,51,109,51109.0,G5101090,22,the Greater Central Virginia and Eastern Shore Area,https://www.nlr.gov/docs/fy23osti/86768.pdf,https://www.nlr.gov/docs/fy25osti/91923.pdf
VIRGINIA,Lunenburg,County,51,111,51111.0,G5101110,33,Rural Lower Plains-Upper South Appalachia,https://www.nlr.gov/docs/fy23osti/86779.pdf,https://www.nlr.gov/docs/fy25osti/91934.pdf
VIRGINIA,Lynchburg,city,51,680,51680.0,G5106800,22,the Greater Central Virginia and Eastern Shore Area,https://www.nlr.gov/docs/fy23osti/86768.pdf,https://www.nlr.gov/docs/fy25osti/91923.pdf
VIRGINIA,Madison,County,51,113,51113.0,G5101130,39,the Washington DC to Philadelphia Area,https://www.nlr.gov/docs/fy23osti/86785.pdf,https://www.nlr.gov/docs/fy25osti/91940.pdf
VIRGINIA,Manassas,city,51,683,51683.0,G5106830,39,the Washington DC to Philadelphia Area,https://www.nlr.gov/docs/fy23osti/86785.pdf,https://www.nlr.gov/docs/fy25osti/91940.pdf
VIRGINIA,Manassas Park,city,51,685,51685.0,G5106850,39,the Washington DC to Philadelphia Area,https://www.nlr.gov/docs/fy23osti/86785.pdf,https://www.nlr.gov/docs/fy25osti/91940.pdf
VIRGINIA,Martinsville,city,51,690,51690.0,G5106900,33,Rural Lower Plains-Upper South Appalachia,https://www.nlr.gov/docs/fy23osti/86779.pdf,https://www.nlr.gov/docs/fy25osti/91934.pdf
VIRGINIA,Mathews,County,51,115,51115.0,G5101150,22,the Greater Central Virginia and Eastern Shore Area,https://www.nlr.gov/docs/fy23osti/86768.pdf,https://www.nlr.gov/docs/fy25osti/91923.pdf
VIRGINIA,Mecklenburg,County,51,117,51117.0,G5101170,33,Rural Lower Plains-Upper South Appalachia,https://www.nlr.gov/docs/fy23osti/86779.pdf,https://www.nlr.gov/docs/fy25osti/91934.pdf
VIRGINIA,Middlesex,County,51,119,51119.0,G5101190,22,the Greater Central Virginia and Eastern Shore Area,https://www.nlr.gov/docs/fy23osti/86768.pdf,https://www.nlr.gov/docs/fy25osti/91923.pdf
VIRGINIA,Montgomery,County,51,121,51121.0,G5101210,22,the Greater Central Virginia and Eastern Shore Area,https://www.nlr.gov/docs/fy23osti/86768.pdf,https://www.nlr.gov/docs/fy25osti/91923.pdf
VIRGINIA,Nelson,County,51,125,51125.0,G5101250,22,the Greater Central Virginia and Eastern Shore Area,https://www.nlr.gov/docs/fy23osti/86768.pdf,https://www.nlr.gov/docs/fy25osti/91923.pdf
VIRGINIA,New Kent,County,51,127,51127.0,G5101270,22,the Greater Central Virginia and Eastern Shore Area,https://www.nlr.gov/docs/fy23osti/86768.pdf,https://www.nlr.gov/docs/fy25osti/91923.pdf
VIRGINIA,Newport News,city,51,700,51700.0,G5107000,22,the Greater Central Virginia and Eastern Shore Area,https://www.nlr.gov/docs/fy23osti/86768.pdf,https://www.nlr.gov/docs/fy25osti/91923.pdf
VIRGINIA,Norfolk,city,51,710,51710.0,G5107100,22,the Greater Central Virginia and Eastern Shore Area,https://www.nlr.gov/docs/fy23osti/86768.pdf,https://www.nlr.gov/docs/fy25osti/91923.pdf
VIRGINIA,Northampton,County,51,131,51131.0,G5101310,22,the Greater Central Virginia and Eastern Shore Area,https://www.nlr.gov/docs/fy23osti/86768.pdf,https://www.nlr.gov/docs/fy25osti/91923.pdf
VIRGINIA,Northumberland,County,51,133,51133.0,G5101330,22,the Greater Central Virginia and Eastern Shore Area,https://www.nlr.gov/docs/fy23osti/86768.pdf,https://www.nlr.gov/docs/fy25osti/91923.pdf
VIRGINIA,Norton,city,51,720,51720.0,G5107200,33,Rural Lower Plains-Upper South Appalachia,https://www.nlr.gov/docs/fy23osti/86779.pdf,https://www.nlr.gov/docs/fy25osti/91934.pdf
VIRGINIA,Nottoway,County,51,135,51135.0,G5101350,33,Rural Lower Plains-Upper South Appalachia,https://www.nlr.gov/docs/fy23osti/86779.pdf,https://www.nlr.gov/docs/fy25osti/91934.pdf
VIRGINIA,Orange,County,51,137,51137.0,G5101370,22,the Greater Central Virginia and Eastern Shore Area,https://www.nlr.gov/docs/fy23osti/86768.pdf,https://www.nlr.gov/docs/fy25osti/91923.pdf
VIRGINIA,Page,County,51,139,51139.0,G5101390,4,the Rural Eastern Climate Zone 5A Area,https://www.nlr.gov/docs/fy23osti/86757.pdf,https://www.nlr.gov/docs/fy25osti/91912.pdf
VIRGINIA,Patrick,County,51,141,51141.0,G5101410,33,Rural Lower Plains-Upper South Appalachia,https://www.nlr.gov/docs/fy23osti/86779.pdf,https://www.nlr.gov/docs/fy25osti/91934.pdf
VIRGINIA,Petersburg,city,51,730,51730.0,G5107300,22,the Greater Central Virginia and Eastern Shore Area,https://www.nlr.gov/docs/fy23osti/86768.pdf,https://www.nlr.gov/docs/fy25osti/91923.pdf
VIRGINIA,Pittsylvania,County,51,143,51143.0,G5101430,33,Rural Lower Plains-Upper South Appalachia,https://www.nlr.gov/docs/fy23osti/86779.pdf,https://www.nlr.gov/docs/fy25osti/91934.pdf
VIRGINIA,Poquoson,city,51,735,51735.0,G5107350,22,the Greater Central Virginia and Eastern Shore Area,https://www.nlr.gov/docs/fy23osti/86768.pdf,https://www.nlr.gov/docs/fy25osti/91923.pdf
VIRGINIA,Portsmouth,city,51,740,51740.0,G5107400,22,the Greater Central Virginia and Eastern Shore Area,https://www.nlr.gov/docs/fy23osti/86768.pdf,https://www.nlr.gov/docs/fy25osti/91923.pdf
VIRGINIA,Powhatan,County,51,145,51145.0,G5101450,22,the Greater Central Virginia and Eastern Shore Area,https://www.nlr.gov/docs/fy23osti/86768.pdf,https://www.nlr.gov/docs/fy25osti/91923.pdf
VIRGINIA,Prince Edward,County,51,147,51147.0,G5101470,33,Rural Lower Plains-Upper South Appalachia,https://www.nlr.gov/docs/fy23osti/86779.pdf,https://www.nlr.gov/docs/fy25osti/91934.pdf
VIRGINIA,Prince George,County,51,149,51149.0,G5101490,22,the Greater Central Virginia and Eastern Shore Area,https://www.nlr.gov/docs/fy23osti/86768.pdf,https://www.nlr.gov/docs/fy25osti/91923.pdf
VIRGINIA,Prince William,County,51,153,51153.0,G5101530,39,the Washington DC to Philadelphia Area,https://www.nlr.gov/docs/fy23osti/86785.pdf,https://www.nlr.gov/docs/fy25osti/91940.pdf
VIRGINIA,Pulaski,County,51,155,51155.0,G5101550,22,the Greater Central Virginia and Eastern Shore Area,https://www.nlr.gov/docs/fy23osti/86768.pdf,https://www.nlr.gov/docs/fy25osti/91923.pdf
VIRGINIA,Radford,city,51,750,51750.0,G5107500,22,the Greater Central Virginia and Eastern Shore Area,https://www.nlr.gov/docs/fy23osti/86768.pdf,https://www.nlr.gov/docs/fy25osti/91923.pdf
VIRGINIA,Rappahannock,County,51,157,51157.0,G5101570,39,the Washington DC to Philadelphia Area,https://www.nlr.gov/docs/fy23osti/86785.pdf,https://www.nlr.gov/docs/fy25osti/91940.pdf
VIRGINIA,Richmond,County,51,159,51159.0,G5101590,22,the Greater Central Virginia and Eastern Shore Area,https://www.nlr.gov/docs/fy23osti/86768.pdf,https://www.nlr.gov/docs/fy25osti/91923.pdf
VIRGINIA,Richmond,city,51,760,51760.0,G5107600,22,the Greater Central Virginia and Eastern Shore Area,https://www.nlr.gov/docs/fy23osti/86768.pdf,https://www.nlr.gov/docs/fy25osti/91923.pdf
VIRGINIA,Roanoke,city,51,770,51770.0,G5107700,22,the Greater Central Virginia and Eastern Shore Area,https://www.nlr.gov/docs/fy23osti/86768.pdf,https://www.nlr.gov/docs/fy25osti/91923.pdf
VIRGINIA,Roanoke,County,51,161,51161.0,G5101610,22,the Greater Central Virginia and Eastern Shore Area,https://www.nlr.gov/docs/fy23osti/86768.pdf,https://www.nlr.gov/docs/fy25osti/91923.pdf
VIRGINIA,Rockbridge,County,51,163,51163.0,G5101630,33,Rural Lower Plains-Upper South Appalachia,https://www.nlr.gov/docs/fy23osti/86779.pdf,https://www.nlr.gov/docs/fy25osti/91934.pdf
VIRGINIA,Rockingham,County,51,165,51165.0,G5101650,22,the Greater Central Virginia and Eastern Shore Area,https://www.nlr.gov/docs/fy23osti/86768.pdf,https://www.nlr.gov/docs/fy25osti/91923.pdf
VIRGINIA,Russell,County,51,167,51167.0,G5101670,33,Rural Lower Plains-Upper South Appalachia,https://www.nlr.gov/docs/fy23osti/86779.pdf,https://www.nlr.gov/docs/fy25osti/91934.pdf
VIRGINIA,Salem,city,51,775,51775.0,G5107750,22,the Greater Central Virginia and Eastern Shore Area,https://www.nlr.gov/docs/fy23osti/86768.pdf,https://www.nlr.gov/docs/fy25osti/91923.pdf
VIRGINIA,Scott,County,51,169,51169.0,G5101690,18,"the Knoxville-Chattanooga-Asheville and Greenville, SC Area",https://www.nlr.gov/docs/fy23osti/86764.pdf,https://www.nlr.gov/docs/fy25osti/91919.pdf
VIRGINIA,Shenandoah,County,51,171,51171.0,G5101710,4,the Rural Eastern Climate Zone 5A Area,https://www.nlr.gov/docs/fy23osti/86757.pdf,https://www.nlr.gov/docs/fy25osti/91912.pdf
VIRGINIA,Smyth,County,51,173,51173.0,G5101730,33,Rural Lower Plains-Upper South Appalachia,https://www.nlr.gov/docs/fy23osti/86779.pdf,https://www.nlr.gov/docs/fy25osti/91934.pdf
VIRGINIA,Southampton,County,51,175,51175.0,G5101750,22,the Greater Central Virginia and Eastern Shore Area,https://www.nlr.gov/docs/fy23osti/86768.pdf,https://www.nlr.gov/docs/fy25osti/91923.pdf
VIRGINIA,Spotsylvania,County,51,177,51177.0,G5101770,39,the Washington DC to Philadelphia Area,https://www.nlr.gov/docs/fy23osti/86785.pdf,https://www.nlr.gov/docs/fy25osti/91940.pdf
VIRGINIA,Stafford,County,51,179,51179.0,G5101790,39,the Washington DC to Philadelphia Area,https://www.nlr.gov/docs/fy23osti/86785.pdf,https://www.nlr.gov/docs/fy25osti/91940.pdf
VIRGINIA,Staunton,city,51,790,51790.0,G5107900,22,the Greater Central Virginia and Eastern Shore Area,https://www.nlr.gov/docs/fy23osti/86768.pdf,https://www.nlr.gov/docs/fy25osti/91923.pdf
VIRGINIA,Suffolk,city,51,800,51800.0,G5108000,22,the Greater Central Virginia and Eastern Shore Area,https://www.nlr.gov/docs/fy23osti/86768.pdf,https://www.nlr.gov/docs/fy25osti/91923.pdf
VIRGINIA,Surry,County,51,181,51181.0,G5101810,22,the Greater Central Virginia and Eastern Shore Area,https://www.nlr.gov/docs/fy23osti/86768.pdf,https://www.nlr.gov/docs/fy25osti/91923.pdf
VIRGINIA,Sussex,County,51,183,51183.0,G5101830,22,the Greater Central Virginia and Eastern Shore Area,https://www.nlr.gov/docs/fy23osti/86768.pdf,https://www.nlr.gov/docs/fy25osti/91923.pdf
VIRGINIA,Tazewell,County,51,185,51185.0,G5101850,33,Rural Lower Plains-Upper South Appalachia,https://www.nlr.gov/docs/fy23osti/86779.pdf,https://www.nlr.gov/docs/fy25osti/91934.pdf
VIRGINIA,Virginia Beach,city,51,810,51810.0,G5108100,22,the Greater Central Virginia and Eastern Shore Area,https://www.nlr.gov/docs/fy23osti/86768.pdf,https://www.nlr.gov/docs/fy25osti/91923.pdf
VIRGINIA,Warren,County,51,187,51187.0,G5101870,39,the Washington DC to Philadelphia Area,https://www.nlr.gov/docs/fy23osti/86785.pdf,https://www.nlr.gov/docs/fy25osti/91940.pdf
VIRGINIA,Washington,County,51,191,51191.0,G5101910,18,"the Knoxville-Chattanooga-Asheville and Greenville, SC Area",https://www.nlr.gov/docs/fy23osti/86764.pdf,https://www.nlr.gov/docs/fy25osti/91919.pdf
VIRGINIA,Waynesboro,city,51,820,51820.0,G5108200,22,the Greater Central Virginia and Eastern Shore Area,https://www.nlr.gov/docs/fy23osti/86768.pdf,https://www.nlr.gov/docs/fy25osti/91923.pdf
VIRGINIA,Westmoreland,County,51,193,51193.0,G5101930,22,the Greater Central Virginia and Eastern Shore Area,https://www.nlr.gov/docs/fy23osti/86768.pdf,https://www.nlr.gov/docs/fy25osti/91923.pdf
VIRGINIA,Williamsburg,city,51,830,51830.0,G5108300,22,the Greater Central Virginia and Eastern Shore Area,https://www.nlr.gov/docs/fy23osti/86768.pdf,https://www.nlr.gov/docs/fy25osti/91923.pdf
VIRGINIA,Winchester,city,51,840,51840.0,G5108400,39,the Washington DC to Philadelphia Area,https://www.nlr.gov/docs/fy23osti/86785.pdf,https://www.nlr.gov/docs/fy25osti/91940.pdf
VIRGINIA,Wise,County,51,195,51195.0,G5101950,33,Rural Lower Plains-Upper South Appalachia,https://www.nlr.gov/docs/fy23osti/86779.pdf,https://www.nlr.gov/docs/fy25osti/91934.pdf
VIRGINIA,Wythe,County,51,197,51197.0,G5101970,33,Rural Lower Plains-Upper South Appalachia,https://www.nlr.gov/docs/fy23osti/86779.pdf,https://www.nlr.gov/docs/fy25osti/91934.pdf
VIRGINIA,York,County,51,199,51199.0,G5101990,22,the Greater Central Virginia and Eastern Shore Area,https://www.nlr.gov/docs/fy23osti/86768.pdf,https://www.nlr.gov/docs/fy25osti/91923.pdf
WASHINGTON,Adams,County,53,1,53001.0,G5300010,31,Rural Mountain West,https://www.nlr.gov/docs/fy23osti/86777.pdf,https://www.nlr.gov/docs/fy25osti/91932.pdf
WASHINGTON,Asotin,County,53,3,53003.0,G5300030,26,the Spokane-Coeur d'Alene-Lewiston-Yakima-Wenatchee Area,https://www.nlr.gov/docs/fy23osti/86772.pdf,https://www.nlr.gov/docs/fy25osti/91927.pdf
WASHINGTON,Benton,County,53,5,53005.0,G5300050,26,the Spokane-Coeur d'Alene-Lewiston-Yakima-Wenatchee Area,https://www.nlr.gov/docs/fy23osti/86772.pdf,https://www.nlr.gov/docs/fy25osti/91927.pdf
WASHINGTON,Chelan,County,53,7,53007.0,G5300070,26,the Spokane-Coeur d'Alene-Lewiston-Yakima-Wenatchee Area,https://www.nlr.gov/docs/fy23osti/86772.pdf,https://www.nlr.gov/docs/fy25osti/91927.pdf
WASHINGTON,Clallam,County,53,9,53009.0,G5300090,34,Northern Pacific Coast,https://www.nlr.gov/docs/fy23osti/86780.pdf,https://www.nlr.gov/docs/fy25osti/91935.pdf
WASHINGTON,Clark,County,53,11,53011.0,G5300110,83,the Portland-Salem-Medford Area,https://www.nlr.gov/docs/fy23osti/86826.pdf,https://www.nlr.gov/docs/fy25osti/91980.pdf
WASHINGTON,Columbia,County,53,13,53013.0,G5300130,31,Rural Mountain West,https://www.nlr.gov/docs/fy23osti/86777.pdf,https://www.nlr.gov/docs/fy25osti/91932.pdf
WASHINGTON,Cowlitz,County,53,15,53015.0,G5300150,83,the Portland-Salem-Medford Area,https://www.nlr.gov/docs/fy23osti/86826.pdf,https://www.nlr.gov/docs/fy25osti/91980.pdf
WASHINGTON,Douglas,County,53,17,53017.0,G5300170,26,the Spokane-Coeur d'Alene-Lewiston-Yakima-Wenatchee Area,https://www.nlr.gov/docs/fy23osti/86772.pdf,https://www.nlr.gov/docs/fy25osti/91927.pdf
WASHINGTON,Ferry,County,53,19,53019.0,G5300190,31,Rural Mountain West,https://www.nlr.gov/docs/fy23osti/86777.pdf,https://www.nlr.gov/docs/fy25osti/91932.pdf
WASHINGTON,Franklin,County,53,21,53021.0,G5300210,26,the Spokane-Coeur d'Alene-Lewiston-Yakima-Wenatchee Area,https://www.nlr.gov/docs/fy23osti/86772.pdf,https://www.nlr.gov/docs/fy25osti/91927.pdf
WASHINGTON,Garfield,County,53,23,53023.0,G5300230,31,Rural Mountain West,https://www.nlr.gov/docs/fy23osti/86777.pdf,https://www.nlr.gov/docs/fy25osti/91932.pdf
WASHINGTON,Grant,County,53,25,53025.0,G5300250,31,Rural Mountain West,https://www.nlr.gov/docs/fy23osti/86777.pdf,https://www.nlr.gov/docs/fy25osti/91932.pdf
WASHINGTON,Grays Harbor,County,53,27,53027.0,G5300270,34,Northern Pacific Coast,https://www.nlr.gov/docs/fy23osti/86780.pdf,https://www.nlr.gov/docs/fy25osti/91935.pdf
WASHINGTON,Island,County,53,29,53029.0,G5300290,34,Northern Pacific Coast,https://www.nlr.gov/docs/fy23osti/86780.pdf,https://www.nlr.gov/docs/fy25osti/91935.pdf
WASHINGTON,Jefferson,County,53,31,53031.0,G5300310,34,Northern Pacific Coast,https://www.nlr.gov/docs/fy23osti/86780.pdf,https://www.nlr.gov/docs/fy25osti/91935.pdf
WASHINGTON,King,County,53,33,53033.0,G5300330,67,the Greater Seattle Area,https://www.nlr.gov/docs/fy23osti/86809.pdf,https://www.nlr.gov/docs/fy25osti/91964.pdf
WASHINGTON,Kitsap,County,53,35,53035.0,G5300350,67,the Greater Seattle Area,https://www.nlr.gov/docs/fy23osti/86809.pdf,https://www.nlr.gov/docs/fy25osti/91964.pdf
WASHINGTON,Kittitas,County,53,37,53037.0,G5300370,31,Rural Mountain West,https://www.nlr.gov/docs/fy23osti/86777.pdf,https://www.nlr.gov/docs/fy25osti/91932.pdf
WASHINGTON,Klickitat,County,53,39,53039.0,G5300390,31,Rural Mountain West,https://www.nlr.gov/docs/fy23osti/86777.pdf,https://www.nlr.gov/docs/fy25osti/91932.pdf
WASHINGTON,Lewis,County,53,41,53041.0,G5300410,34,Northern Pacific Coast,https://www.nlr.gov/docs/fy23osti/86780.pdf,https://www.nlr.gov/docs/fy25osti/91935.pdf
WASHINGTON,Lincoln,County,53,43,53043.0,G5300430,31,Rural Mountain West,https://www.nlr.gov/docs/fy23osti/86777.pdf,https://www.nlr.gov/docs/fy25osti/91932.pdf
WASHINGTON,Mason,County,53,45,53045.0,G5300450,34,Northern Pacific Coast,https://www.nlr.gov/docs/fy23osti/86780.pdf,https://www.nlr.gov/docs/fy25osti/91935.pdf
WASHINGTON,Okanogan,County,53,47,53047.0,G5300470,31,Rural Mountain West,https://www.nlr.gov/docs/fy23osti/86777.pdf,https://www.nlr.gov/docs/fy25osti/91932.pdf
WASHINGTON,Pacific,County,53,49,53049.0,G5300490,34,Northern Pacific Coast,https://www.nlr.gov/docs/fy23osti/86780.pdf,https://www.nlr.gov/docs/fy25osti/91935.pdf
WASHINGTON,Pend Oreille,County,53,51,53051.0,G5300510,57,Rural Rocky Mountains North,https://www.nlr.gov/docs/fy23osti/86801.pdf,https://www.nlr.gov/docs/fy25osti/91956.pdf
WASHINGTON,Pierce,County,53,53,53053.0,G5300530,67,the Greater Seattle Area,https://www.nlr.gov/docs/fy23osti/86809.pdf,https://www.nlr.gov/docs/fy25osti/91964.pdf
WASHINGTON,San Juan,County,53,55,53055.0,G5300550,34,Northern Pacific Coast,https://www.nlr.gov/docs/fy23osti/86780.pdf,https://www.nlr.gov/docs/fy25osti/91935.pdf
WASHINGTON,Skagit,County,53,57,53057.0,G5300570,67,the Greater Seattle Area,https://www.nlr.gov/docs/fy23osti/86809.pdf,https://www.nlr.gov/docs/fy25osti/91964.pdf
WASHINGTON,Skamania,County,53,59,53059.0,G5300590,83,the Portland-Salem-Medford Area,https://www.nlr.gov/docs/fy23osti/86826.pdf,https://www.nlr.gov/docs/fy25osti/91980.pdf
WASHINGTON,Snohomish,County,53,61,53061.0,G5300610,67,the Greater Seattle Area,https://www.nlr.gov/docs/fy23osti/86809.pdf,https://www.nlr.gov/docs/fy25osti/91964.pdf
WASHINGTON,Spokane,County,53,63,53063.0,G5300630,26,the Spokane-Coeur d'Alene-Lewiston-Yakima-Wenatchee Area,https://www.nlr.gov/docs/fy23osti/86772.pdf,https://www.nlr.gov/docs/fy25osti/91927.pdf
WASHINGTON,Stevens,County,53,65,53065.0,G5300650,26,the Spokane-Coeur d'Alene-Lewiston-Yakima-Wenatchee Area,https://www.nlr.gov/docs/fy23osti/86772.pdf,https://www.nlr.gov/docs/fy25osti/91927.pdf
WASHINGTON,Thurston,County,53,67,53067.0,G5300670,67,the Greater Seattle Area,https://www.nlr.gov/docs/fy23osti/86809.pdf,https://www.nlr.gov/docs/fy25osti/91964.pdf
WASHINGTON,Wahkiakum,County,53,69,53069.0,G5300690,34,Northern Pacific Coast,https://www.nlr.gov/docs/fy23osti/86780.pdf,https://www.nlr.gov/docs/fy25osti/91935.pdf
WASHINGTON,Walla Walla,County,53,71,53071.0,G5300710,26,the Spokane-Coeur d'Alene-Lewiston-Yakima-Wenatchee Area,https://www.nlr.gov/docs/fy23osti/86772.pdf,https://www.nlr.gov/docs/fy25osti/91927.pdf
WASHINGTON,Whatcom,County,53,73,53073.0,G5300730,67,the Greater Seattle Area,https://www.nlr.gov/docs/fy23osti/86809.pdf,https://www.nlr.gov/docs/fy25osti/91964.pdf
WASHINGTON,Whitman,County,53,75,53075.0,G5300750,31,Rural Mountain West,https://www.nlr.gov/docs/fy23osti/86777.pdf,https://www.nlr.gov/docs/fy25osti/91932.pdf
WASHINGTON,Yakima,County,53,77,53077.0,G5300770,26,the Spokane-Coeur d'Alene-Lewiston-Yakima-Wenatchee Area,https://www.nlr.gov/docs/fy23osti/86772.pdf,https://www.nlr.gov/docs/fy25osti/91927.pdf
WEST VIRGINIA,Barbour,County,54,1,54001.0,G5400010,4,the Rural Eastern Climate Zone 5A Area,https://www.nlr.gov/docs/fy23osti/86757.pdf,https://www.nlr.gov/docs/fy25osti/91912.pdf
WEST VIRGINIA,Berkeley,County,54,3,54003.0,G5400030,39,the Washington DC to Philadelphia Area,https://www.nlr.gov/docs/fy23osti/86785.pdf,https://www.nlr.gov/docs/fy25osti/91940.pdf
WEST VIRGINIA,Boone,County,54,5,54005.0,G5400050,62,the Charleston-Huntington-Beckley Area,https://www.nlr.gov/docs/fy23osti/86805.pdf,https://www.nlr.gov/docs/fy25osti/91960.pdf
WEST VIRGINIA,Braxton,County,54,7,54007.0,G5400070,4,the Rural Eastern Climate Zone 5A Area,https://www.nlr.gov/docs/fy23osti/86757.pdf,https://www.nlr.gov/docs/fy25osti/91912.pdf
WEST VIRGINIA,Brooke,County,54,9,54009.0,G5400090,63,the Cleveland to Pittsburgh Greater Area,https://www.nlr.gov/docs/fy23osti/86806.pdf,https://www.nlr.gov/docs/fy25osti/91961.pdf
WEST VIRGINIA,Cabell,County,54,11,54011.0,G5400110,62,the Charleston-Huntington-Beckley Area,https://www.nlr.gov/docs/fy23osti/86805.pdf,https://www.nlr.gov/docs/fy25osti/91960.pdf
WEST VIRGINIA,Calhoun,County,54,13,54013.0,G5400130,4,the Rural Eastern Climate Zone 5A Area,https://www.nlr.gov/docs/fy23osti/86757.pdf,https://www.nlr.gov/docs/fy25osti/91912.pdf
WEST VIRGINIA,Clay,County,54,15,54015.0,G5400150,62,the Charleston-Huntington-Beckley Area,https://www.nlr.gov/docs/fy23osti/86805.pdf,https://www.nlr.gov/docs/fy25osti/91960.pdf
WEST VIRGINIA,Doddridge,County,54,17,54017.0,G5400170,4,the Rural Eastern Climate Zone 5A Area,https://www.nlr.gov/docs/fy23osti/86757.pdf,https://www.nlr.gov/docs/fy25osti/91912.pdf
WEST VIRGINIA,Fayette,County,54,19,54019.0,G5400190,62,the Charleston-Huntington-Beckley Area,https://www.nlr.gov/docs/fy23osti/86805.pdf,https://www.nlr.gov/docs/fy25osti/91960.pdf
WEST VIRGINIA,Gilmer,County,54,21,54021.0,G5400210,4,the Rural Eastern Climate Zone 5A Area,https://www.nlr.gov/docs/fy23osti/86757.pdf,https://www.nlr.gov/docs/fy25osti/91912.pdf
WEST VIRGINIA,Grant,County,54,23,54023.0,G5400230,4,the Rural Eastern Climate Zone 5A Area,https://www.nlr.gov/docs/fy23osti/86757.pdf,https://www.nlr.gov/docs/fy25osti/91912.pdf
WEST VIRGINIA,Greenbrier,County,54,25,54025.0,G5400250,4,the Rural Eastern Climate Zone 5A Area,https://www.nlr.gov/docs/fy23osti/86757.pdf,https://www.nlr.gov/docs/fy25osti/91912.pdf
WEST VIRGINIA,Hampshire,County,54,27,54027.0,G5400270,39,the Washington DC to Philadelphia Area,https://www.nlr.gov/docs/fy23osti/86785.pdf,https://www.nlr.gov/docs/fy25osti/91940.pdf
WEST VIRGINIA,Hancock,County,54,29,54029.0,G5400290,63,the Cleveland to Pittsburgh Greater Area,https://www.nlr.gov/docs/fy23osti/86806.pdf,https://www.nlr.gov/docs/fy25osti/91961.pdf
WEST VIRGINIA,Hardy,County,54,31,54031.0,G5400310,4,the Rural Eastern Climate Zone 5A Area,https://www.nlr.gov/docs/fy23osti/86757.pdf,https://www.nlr.gov/docs/fy25osti/91912.pdf
WEST VIRGINIA,Harrison,County,54,33,54033.0,G5400330,4,the Rural Eastern Climate Zone 5A Area,https://www.nlr.gov/docs/fy23osti/86757.pdf,https://www.nlr.gov/docs/fy25osti/91912.pdf
WEST VIRGINIA,Jackson,County,54,35,54035.0,G5400350,62,the Charleston-Huntington-Beckley Area,https://www.nlr.gov/docs/fy23osti/86805.pdf,https://www.nlr.gov/docs/fy25osti/91960.pdf
WEST VIRGINIA,Jefferson,County,54,37,54037.0,G5400370,39,the Washington DC to Philadelphia Area,https://www.nlr.gov/docs/fy23osti/86785.pdf,https://www.nlr.gov/docs/fy25osti/91940.pdf
WEST VIRGINIA,Kanawha,County,54,39,54039.0,G5400390,62,the Charleston-Huntington-Beckley Area,https://www.nlr.gov/docs/fy23osti/86805.pdf,https://www.nlr.gov/docs/fy25osti/91960.pdf
WEST VIRGINIA,Lewis,County,54,41,54041.0,G5400410,4,the Rural Eastern Climate Zone 5A Area,https://www.nlr.gov/docs/fy23osti/86757.pdf,https://www.nlr.gov/docs/fy25osti/91912.pdf
WEST VIRGINIA,Lincoln,County,54,43,54043.0,G5400430,62,the Charleston-Huntington-Beckley Area,https://www.nlr.gov/docs/fy23osti/86805.pdf,https://www.nlr.gov/docs/fy25osti/91960.pdf
WEST VIRGINIA,Logan,County,54,45,54045.0,G5400450,33,Rural Lower Plains-Upper South Appalachia,https://www.nlr.gov/docs/fy23osti/86779.pdf,https://www.nlr.gov/docs/fy25osti/91934.pdf
WEST VIRGINIA,Marion,County,54,49,54049.0,G5400490,4,the Rural Eastern Climate Zone 5A Area,https://www.nlr.gov/docs/fy23osti/86757.pdf,https://www.nlr.gov/docs/fy25osti/91912.pdf
WEST VIRGINIA,Marshall,County,54,51,54051.0,G5400510,63,the Cleveland to Pittsburgh Greater Area,https://www.nlr.gov/docs/fy23osti/86806.pdf,https://www.nlr.gov/docs/fy25osti/91961.pdf
WEST VIRGINIA,Mason,County,54,53,54053.0,G5400530,4,the Rural Eastern Climate Zone 5A Area,https://www.nlr.gov/docs/fy23osti/86757.pdf,https://www.nlr.gov/docs/fy25osti/91912.pdf
WEST VIRGINIA,McDowell,County,54,47,54047.0,G5400470,33,Rural Lower Plains-Upper South Appalachia,https://www.nlr.gov/docs/fy23osti/86779.pdf,https://www.nlr.gov/docs/fy25osti/91934.pdf
WEST VIRGINIA,Mercer,County,54,55,54055.0,G5400550,33,Rural Lower Plains-Upper South Appalachia,https://www.nlr.gov/docs/fy23osti/86779.pdf,https://www.nlr.gov/docs/fy25osti/91934.pdf
WEST VIRGINIA,Mineral,County,54,57,54057.0,G5400570,39,the Washington DC to Philadelphia Area,https://www.nlr.gov/docs/fy23osti/86785.pdf,https://www.nlr.gov/docs/fy25osti/91940.pdf
WEST VIRGINIA,Mingo,County,54,59,54059.0,G5400590,33,Rural Lower Plains-Upper South Appalachia,https://www.nlr.gov/docs/fy23osti/86779.pdf,https://www.nlr.gov/docs/fy25osti/91934.pdf
WEST VIRGINIA,Monongalia,County,54,61,54061.0,G5400610,63,the Cleveland to Pittsburgh Greater Area,https://www.nlr.gov/docs/fy23osti/86806.pdf,https://www.nlr.gov/docs/fy25osti/91961.pdf
WEST VIRGINIA,Monroe,County,54,63,54063.0,G5400630,33,Rural Lower Plains-Upper South Appalachia,https://www.nlr.gov/docs/fy23osti/86779.pdf,https://www.nlr.gov/docs/fy25osti/91934.pdf
WEST VIRGINIA,Morgan,County,54,65,54065.0,G5400650,39,the Washington DC to Philadelphia Area,https://www.nlr.gov/docs/fy23osti/86785.pdf,https://www.nlr.gov/docs/fy25osti/91940.pdf
WEST VIRGINIA,Nicholas,County,54,67,54067.0,G5400670,4,the Rural Eastern Climate Zone 5A Area,https://www.nlr.gov/docs/fy23osti/86757.pdf,https://www.nlr.gov/docs/fy25osti/91912.pdf
WEST VIRGINIA,Ohio,County,54,69,54069.0,G5400690,63,the Cleveland to Pittsburgh Greater Area,https://www.nlr.gov/docs/fy23osti/86806.pdf,https://www.nlr.gov/docs/fy25osti/91961.pdf
WEST VIRGINIA,Pendleton,County,54,71,54071.0,G5400710,4,the Rural Eastern Climate Zone 5A Area,https://www.nlr.gov/docs/fy23osti/86757.pdf,https://www.nlr.gov/docs/fy25osti/91912.pdf
WEST VIRGINIA,Pleasants,County,54,73,54073.0,G5400730,4,the Rural Eastern Climate Zone 5A Area,https://www.nlr.gov/docs/fy23osti/86757.pdf,https://www.nlr.gov/docs/fy25osti/91912.pdf
WEST VIRGINIA,Pocahontas,County,54,75,54075.0,G5400750,4,the Rural Eastern Climate Zone 5A Area,https://www.nlr.gov/docs/fy23osti/86757.pdf,https://www.nlr.gov/docs/fy25osti/91912.pdf
WEST VIRGINIA,Preston,County,54,77,54077.0,G5400770,63,the Cleveland to Pittsburgh Greater Area,https://www.nlr.gov/docs/fy23osti/86806.pdf,https://www.nlr.gov/docs/fy25osti/91961.pdf
WEST VIRGINIA,Putnam,County,54,79,54079.0,G5400790,62,the Charleston-Huntington-Beckley Area,https://www.nlr.gov/docs/fy23osti/86805.pdf,https://www.nlr.gov/docs/fy25osti/91960.pdf
WEST VIRGINIA,Raleigh,County,54,81,54081.0,G5400810,62,the Charleston-Huntington-Beckley Area,https://www.nlr.gov/docs/fy23osti/86805.pdf,https://www.nlr.gov/docs/fy25osti/91960.pdf
WEST VIRGINIA,Randolph,County,54,83,54083.0,G5400830,4,the Rural Eastern Climate Zone 5A Area,https://www.nlr.gov/docs/fy23osti/86757.pdf,https://www.nlr.gov/docs/fy25osti/91912.pdf
WEST VIRGINIA,Ritchie,County,54,85,54085.0,G5400850,4,the Rural Eastern Climate Zone 5A Area,https://www.nlr.gov/docs/fy23osti/86757.pdf,https://www.nlr.gov/docs/fy25osti/91912.pdf
WEST VIRGINIA,Roane,County,54,87,54087.0,G5400870,4,the Rural Eastern Climate Zone 5A Area,https://www.nlr.gov/docs/fy23osti/86757.pdf,https://www.nlr.gov/docs/fy25osti/91912.pdf
WEST VIRGINIA,Summers,County,54,89,54089.0,G5400890,4,the Rural Eastern Climate Zone 5A Area,https://www.nlr.gov/docs/fy23osti/86757.pdf,https://www.nlr.gov/docs/fy25osti/91912.pdf
WEST VIRGINIA,Taylor,County,54,91,54091.0,G5400910,4,the Rural Eastern Climate Zone 5A Area,https://www.nlr.gov/docs/fy23osti/86757.pdf,https://www.nlr.gov/docs/fy25osti/91912.pdf
WEST VIRGINIA,Tucker,County,54,93,54093.0,G5400930,4,the Rural Eastern Climate Zone 5A Area,https://www.nlr.gov/docs/fy23osti/86757.pdf,https://www.nlr.gov/docs/fy25osti/91912.pdf
WEST VIRGINIA,Tyler,County,54,95,54095.0,G5400950,4,the Rural Eastern Climate Zone 5A Area,https://www.nlr.gov/docs/fy23osti/86757.pdf,https://www.nlr.gov/docs/fy25osti/91912.pdf
WEST VIRGINIA,Upshur,County,54,97,54097.0,G5400970,4,the Rural Eastern Climate Zone 5A Area,https://www.nlr.gov/docs/fy23osti/86757.pdf,https://www.nlr.gov/docs/fy25osti/91912.pdf
WEST VIRGINIA,Wayne,County,54,99,54099.0,G5400990,62,the Charleston-Huntington-Beckley Area,https://www.nlr.gov/docs/fy23osti/86805.pdf,https://www.nlr.gov/docs/fy25osti/91960.pdf
WEST VIRGINIA,Webster,County,54,101,54101.0,G5401010,4,the Rural Eastern Climate Zone 5A Area,https://www.nlr.gov/docs/fy23osti/86757.pdf,https://www.nlr.gov/docs/fy25osti/91912.pdf
WEST VIRGINIA,Wetzel,County,54,103,54103.0,G5401030,4,the Rural Eastern Climate Zone 5A Area,https://www.nlr.gov/docs/fy23osti/86757.pdf,https://www.nlr.gov/docs/fy25osti/91912.pdf
WEST VIRGINIA,Wirt,County,54,105,54105.0,G5401050,62,the Charleston-Huntington-Beckley Area,https://www.nlr.gov/docs/fy23osti/86805.pdf,https://www.nlr.gov/docs/fy25osti/91960.pdf
WEST VIRGINIA,Wood,County,54,107,54107.0,G5401070,62,the Charleston-Huntington-Beckley Area,https://www.nlr.gov/docs/fy23osti/86805.pdf,https://www.nlr.gov/docs/fy25osti/91960.pdf
WEST VIRGINIA,Wyoming,County,54,109,54109.0,G5401090,33,Rural Lower Plains-Upper South Appalachia,https://www.nlr.gov/docs/fy23osti/86779.pdf,https://www.nlr.gov/docs/fy25osti/91934.pdf
WISCONSIN,Adams,County,55,1,55001.0,G5500010,43,Rural Midwest Climate Zone 6A,https://www.nlr.gov/docs/fy23osti/86788.pdf,https://www.nlr.gov/docs/fy25osti/91943.pdf
WISCONSIN,Ashland,County,55,3,55003.0,G5500030,72,Rural Midwest North,https://www.nlr.gov/docs/fy23osti/86814.pdf,https://www.nlr.gov/docs/fy25osti/91969.pdf
WISCONSIN,Barron,County,55,5,55005.0,G5500050,43,Rural Midwest Climate Zone 6A,https://www.nlr.gov/docs/fy23osti/86788.pdf,https://www.nlr.gov/docs/fy25osti/91943.pdf
WISCONSIN,Bayfield,County,55,7,55007.0,G5500070,72,Rural Midwest North,https://www.nlr.gov/docs/fy23osti/86814.pdf,https://www.nlr.gov/docs/fy25osti/91969.pdf
WISCONSIN,Brown,County,55,9,55009.0,G5500090,82,the Chicago to Green Bay and Madison Area,https://www.nlr.gov/docs/fy23osti/86825.pdf,https://www.nlr.gov/docs/fy25osti/91979.pdf
WISCONSIN,Buffalo,County,55,11,55011.0,G5500110,43,Rural Midwest Climate Zone 6A,https://www.nlr.gov/docs/fy23osti/86788.pdf,https://www.nlr.gov/docs/fy25osti/91943.pdf
WISCONSIN,Burnett,County,55,13,55013.0,G5500130,72,Rural Midwest North,https://www.nlr.gov/docs/fy23osti/86814.pdf,https://www.nlr.gov/docs/fy25osti/91969.pdf
WISCONSIN,Calumet,County,55,15,55015.0,G5500150,82,the Chicago to Green Bay and Madison Area,https://www.nlr.gov/docs/fy23osti/86825.pdf,https://www.nlr.gov/docs/fy25osti/91979.pdf
WISCONSIN,Chippewa,County,55,17,55017.0,G5500170,7,"Eau Claire, La Crosse, Rochester, and Wausau",https://www.nlr.gov/docs/fy23osti/86759.pdf,https://www.nlr.gov/docs/fy25osti/91914.pdf
WISCONSIN,Clark,County,55,19,55019.0,G5500190,43,Rural Midwest Climate Zone 6A,https://www.nlr.gov/docs/fy23osti/86788.pdf,https://www.nlr.gov/docs/fy25osti/91943.pdf
WISCONSIN,Columbia,County,55,21,55021.0,G5500210,82,the Chicago to Green Bay and Madison Area,https://www.nlr.gov/docs/fy23osti/86825.pdf,https://www.nlr.gov/docs/fy25osti/91979.pdf
WISCONSIN,Crawford,County,55,23,55023.0,G5500230,43,Rural Midwest Climate Zone 6A,https://www.nlr.gov/docs/fy23osti/86788.pdf,https://www.nlr.gov/docs/fy25osti/91943.pdf
WISCONSIN,Dane,County,55,25,55025.0,G5500250,82,the Chicago to Green Bay and Madison Area,https://www.nlr.gov/docs/fy23osti/86825.pdf,https://www.nlr.gov/docs/fy25osti/91979.pdf
WISCONSIN,Dodge,County,55,27,55027.0,G5500270,43,Rural Midwest Climate Zone 6A,https://www.nlr.gov/docs/fy23osti/86788.pdf,https://www.nlr.gov/docs/fy25osti/91943.pdf
WISCONSIN,Door,County,55,29,55029.0,G5500290,23,"Rural Upper Michigan, Door and Marinette Counties",https://www.nlr.gov/docs/fy23osti/86769.pdf,https://www.nlr.gov/docs/fy25osti/91924.pdf
WISCONSIN,Douglas,County,55,31,55031.0,G5500310,77,the Duluth-Grand Forks-Fargo Area,https://www.nlr.gov/docs/fy23osti/86820.pdf,https://www.nlr.gov/docs/fy25osti/91974.pdf
WISCONSIN,Dunn,County,55,33,55033.0,G5500330,43,Rural Midwest Climate Zone 6A,https://www.nlr.gov/docs/fy23osti/86788.pdf,https://www.nlr.gov/docs/fy25osti/91943.pdf
WISCONSIN,Eau Claire,County,55,35,55035.0,G5500350,7,"Eau Claire, La Crosse, Rochester, and Wausau",https://www.nlr.gov/docs/fy23osti/86759.pdf,https://www.nlr.gov/docs/fy25osti/91914.pdf
WISCONSIN,Florence,County,55,37,55037.0,G5500370,72,Rural Midwest North,https://www.nlr.gov/docs/fy23osti/86814.pdf,https://www.nlr.gov/docs/fy25osti/91969.pdf
WISCONSIN,Fond du Lac,County,55,39,55039.0,G5500390,82,the Chicago to Green Bay and Madison Area,https://www.nlr.gov/docs/fy23osti/86825.pdf,https://www.nlr.gov/docs/fy25osti/91979.pdf
WISCONSIN,Forest,County,55,41,55041.0,G5500410,72,Rural Midwest North,https://www.nlr.gov/docs/fy23osti/86814.pdf,https://www.nlr.gov/docs/fy25osti/91969.pdf
WISCONSIN,Grant,County,55,43,55043.0,G5500430,43,Rural Midwest Climate Zone 6A,https://www.nlr.gov/docs/fy23osti/86788.pdf,https://www.nlr.gov/docs/fy25osti/91943.pdf
WISCONSIN,Green,County,55,45,55045.0,G5500450,82,the Chicago to Green Bay and Madison Area,https://www.nlr.gov/docs/fy23osti/86825.pdf,https://www.nlr.gov/docs/fy25osti/91979.pdf
WISCONSIN,Green Lake,County,55,47,55047.0,G5500470,43,Rural Midwest Climate Zone 6A,https://www.nlr.gov/docs/fy23osti/86788.pdf,https://www.nlr.gov/docs/fy25osti/91943.pdf
WISCONSIN,Iowa,County,55,49,55049.0,G5500490,82,the Chicago to Green Bay and Madison Area,https://www.nlr.gov/docs/fy23osti/86825.pdf,https://www.nlr.gov/docs/fy25osti/91979.pdf
WISCONSIN,Iron,County,55,51,55051.0,G5500510,72,Rural Midwest North,https://www.nlr.gov/docs/fy23osti/86814.pdf,https://www.nlr.gov/docs/fy25osti/91969.pdf
WISCONSIN,Jackson,County,55,53,55053.0,G5500530,43,Rural Midwest Climate Zone 6A,https://www.nlr.gov/docs/fy23osti/86788.pdf,https://www.nlr.gov/docs/fy25osti/91943.pdf
WISCONSIN,Jefferson,County,55,55,55055.0,G5500550,43,Rural Midwest Climate Zone 6A,https://www.nlr.gov/docs/fy23osti/86788.pdf,https://www.nlr.gov/docs/fy25osti/91943.pdf
WISCONSIN,Juneau,County,55,57,55057.0,G5500570,43,Rural Midwest Climate Zone 6A,https://www.nlr.gov/docs/fy23osti/86788.pdf,https://www.nlr.gov/docs/fy25osti/91943.pdf
WISCONSIN,Kenosha,County,55,59,55059.0,G5500590,82,the Chicago to Green Bay and Madison Area,https://www.nlr.gov/docs/fy23osti/86825.pdf,https://www.nlr.gov/docs/fy25osti/91979.pdf
WISCONSIN,Kewaunee,County,55,61,55061.0,G5500610,82,the Chicago to Green Bay and Madison Area,https://www.nlr.gov/docs/fy23osti/86825.pdf,https://www.nlr.gov/docs/fy25osti/91979.pdf
WISCONSIN,La Crosse,County,55,63,55063.0,G5500630,7,"Eau Claire, La Crosse, Rochester, and Wausau",https://www.nlr.gov/docs/fy23osti/86759.pdf,https://www.nlr.gov/docs/fy25osti/91914.pdf
WISCONSIN,Lafayette,County,55,65,55065.0,G5500650,43,Rural Midwest Climate Zone 6A,https://www.nlr.gov/docs/fy23osti/86788.pdf,https://www.nlr.gov/docs/fy25osti/91943.pdf
WISCONSIN,Langlade,County,55,67,55067.0,G5500670,72,Rural Midwest North,https://www.nlr.gov/docs/fy23osti/86814.pdf,https://www.nlr.gov/docs/fy25osti/91969.pdf
WISCONSIN,Lincoln,County,55,69,55069.0,G5500690,7,"Eau Claire, La Crosse, Rochester, and Wausau",https://www.nlr.gov/docs/fy23osti/86759.pdf,https://www.nlr.gov/docs/fy25osti/91914.pdf
WISCONSIN,Manitowoc,County,55,71,55071.0,G5500710,82,the Chicago to Green Bay and Madison Area,https://www.nlr.gov/docs/fy23osti/86825.pdf,https://www.nlr.gov/docs/fy25osti/91979.pdf
WISCONSIN,Marathon,County,55,73,55073.0,G5500730,7,"Eau Claire, La Crosse, Rochester, and Wausau",https://www.nlr.gov/docs/fy23osti/86759.pdf,https://www.nlr.gov/docs/fy25osti/91914.pdf
WISCONSIN,Marinette,County,55,75,55075.0,G5500750,23,"Rural Upper Michigan, Door and Marinette Counties",https://www.nlr.gov/docs/fy23osti/86769.pdf,https://www.nlr.gov/docs/fy25osti/91924.pdf
WISCONSIN,Marquette,County,55,77,55077.0,G5500770,43,Rural Midwest Climate Zone 6A,https://www.nlr.gov/docs/fy23osti/86788.pdf,https://www.nlr.gov/docs/fy25osti/91943.pdf
WISCONSIN,Menominee,County,55,78,55078.0,G5500780,43,Rural Midwest Climate Zone 6A,https://www.nlr.gov/docs/fy23osti/86788.pdf,https://www.nlr.gov/docs/fy25osti/91943.pdf
WISCONSIN,Milwaukee,County,55,79,55079.0,G5500790,82,the Chicago to Green Bay and Madison Area,https://www.nlr.gov/docs/fy23osti/86825.pdf,https://www.nlr.gov/docs/fy25osti/91979.pdf
WISCONSIN,Monroe,County,55,81,55081.0,G5500810,43,Rural Midwest Climate Zone 6A,https://www.nlr.gov/docs/fy23osti/86788.pdf,https://www.nlr.gov/docs/fy25osti/91943.pdf
WISCONSIN,Oconto,County,55,83,55083.0,G5500830,82,the Chicago to Green Bay and Madison Area,https://www.nlr.gov/docs/fy23osti/86825.pdf,https://www.nlr.gov/docs/fy25osti/91979.pdf
WISCONSIN,Oneida,County,55,85,55085.0,G5500850,72,Rural Midwest North,https://www.nlr.gov/docs/fy23osti/86814.pdf,https://www.nlr.gov/docs/fy25osti/91969.pdf
WISCONSIN,Outagamie,County,55,87,55087.0,G5500870,82,the Chicago to Green Bay and Madison Area,https://www.nlr.gov/docs/fy23osti/86825.pdf,https://www.nlr.gov/docs/fy25osti/91979.pdf
WISCONSIN,Ozaukee,County,55,89,55089.0,G5500890,82,the Chicago to Green Bay and Madison Area,https://www.nlr.gov/docs/fy23osti/86825.pdf,https://www.nlr.gov/docs/fy25osti/91979.pdf
WISCONSIN,Pepin,County,55,91,55091.0,G5500910,43,Rural Midwest Climate Zone 6A,https://www.nlr.gov/docs/fy23osti/86788.pdf,https://www.nlr.gov/docs/fy25osti/91943.pdf
WISCONSIN,Pierce,County,55,93,55093.0,G5500930,21,Greater Minneapolis-St Paul,https://www.nlr.gov/docs/fy23osti/86767.pdf,https://www.nlr.gov/docs/fy25osti/91922.pdf
WISCONSIN,Polk,County,55,95,55095.0,G5500950,43,Rural Midwest Climate Zone 6A,https://www.nlr.gov/docs/fy23osti/86788.pdf,https://www.nlr.gov/docs/fy25osti/91943.pdf
WISCONSIN,Portage,County,55,97,55097.0,G5500970,43,Rural Midwest Climate Zone 6A,https://www.nlr.gov/docs/fy23osti/86788.pdf,https://www.nlr.gov/docs/fy25osti/91943.pdf
WISCONSIN,Price,County,55,99,55099.0,G5500990,72,Rural Midwest North,https://www.nlr.gov/docs/fy23osti/86814.pdf,https://www.nlr.gov/docs/fy25osti/91969.pdf
WISCONSIN,Racine,County,55,101,55101.0,G5501010,82,the Chicago to Green Bay and Madison Area,https://www.nlr.gov/docs/fy23osti/86825.pdf,https://www.nlr.gov/docs/fy25osti/91979.pdf
WISCONSIN,Richland,County,55,103,55103.0,G5501030,43,Rural Midwest Climate Zone 6A,https://www.nlr.gov/docs/fy23osti/86788.pdf,https://www.nlr.gov/docs/fy25osti/91943.pdf
WISCONSIN,Rock,County,55,105,55105.0,G5501050,82,the Chicago to Green Bay and Madison Area,https://www.nlr.gov/docs/fy23osti/86825.pdf,https://www.nlr.gov/docs/fy25osti/91979.pdf
WISCONSIN,Rusk,County,55,107,55107.0,G5501070,43,Rural Midwest Climate Zone 6A,https://www.nlr.gov/docs/fy23osti/86788.pdf,https://www.nlr.gov/docs/fy25osti/91943.pdf
WISCONSIN,Sauk,County,55,111,55111.0,G5501110,43,Rural Midwest Climate Zone 6A,https://www.nlr.gov/docs/fy23osti/86788.pdf,https://www.nlr.gov/docs/fy25osti/91943.pdf
WISCONSIN,Sawyer,County,55,113,55113.0,G5501130,72,Rural Midwest North,https://www.nlr.gov/docs/fy23osti/86814.pdf,https://www.nlr.gov/docs/fy25osti/91969.pdf
WISCONSIN,Shawano,County,55,115,55115.0,G5501150,43,Rural Midwest Climate Zone 6A,https://www.nlr.gov/docs/fy23osti/86788.pdf,https://www.nlr.gov/docs/fy25osti/91943.pdf
WISCONSIN,Sheboygan,County,55,117,55117.0,G5501170,82,the Chicago to Green Bay and Madison Area,https://www.nlr.gov/docs/fy23osti/86825.pdf,https://www.nlr.gov/docs/fy25osti/91979.pdf
WISCONSIN,St. Croix,County,55,109,55109.0,G5501090,21,Greater Minneapolis-St Paul,https://www.nlr.gov/docs/fy23osti/86767.pdf,https://www.nlr.gov/docs/fy25osti/91922.pdf
WISCONSIN,Taylor,County,55,119,55119.0,G5501190,72,Rural Midwest North,https://www.nlr.gov/docs/fy23osti/86814.pdf,https://www.nlr.gov/docs/fy25osti/91969.pdf
WISCONSIN,Trempealeau,County,55,121,55121.0,G5501210,43,Rural Midwest Climate Zone 6A,https://www.nlr.gov/docs/fy23osti/86788.pdf,https://www.nlr.gov/docs/fy25osti/91943.pdf
WISCONSIN,Vernon,County,55,123,55123.0,G5501230,43,Rural Midwest Climate Zone 6A,https://www.nlr.gov/docs/fy23osti/86788.pdf,https://www.nlr.gov/docs/fy25osti/91943.pdf
WISCONSIN,Vilas,County,55,125,55125.0,G5501250,72,Rural Midwest North,https://www.nlr.gov/docs/fy23osti/86814.pdf,https://www.nlr.gov/docs/fy25osti/91969.pdf
WISCONSIN,Walworth,County,55,127,55127.0,G5501270,43,Rural Midwest Climate Zone 6A,https://www.nlr.gov/docs/fy23osti/86788.pdf,https://www.nlr.gov/docs/fy25osti/91943.pdf
WISCONSIN,Washburn,County,55,129,55129.0,G5501290,72,Rural Midwest North,https://www.nlr.gov/docs/fy23osti/86814.pdf,https://www.nlr.gov/docs/fy25osti/91969.pdf
WISCONSIN,Washington,County,55,131,55131.0,G5501310,82,the Chicago to Green Bay and Madison Area,https://www.nlr.gov/docs/fy23osti/86825.pdf,https://www.nlr.gov/docs/fy25osti/91979.pdf
WISCONSIN,Waukesha,County,55,133,55133.0,G5501330,82,the Chicago to Green Bay and Madison Area,https://www.nlr.gov/docs/fy23osti/86825.pdf,https://www.nlr.gov/docs/fy25osti/91979.pdf
WISCONSIN,Waupaca,County,55,135,55135.0,G5501350,43,Rural Midwest Climate Zone 6A,https://www.nlr.gov/docs/fy23osti/86788.pdf,https://www.nlr.gov/docs/fy25osti/91943.pdf
WISCONSIN,Waushara,County,55,137,55137.0,G5501370,43,Rural Midwest Climate Zone 6A,https://www.nlr.gov/docs/fy23osti/86788.pdf,https://www.nlr.gov/docs/fy25osti/91943.pdf
WISCONSIN,Winnebago,County,55,139,55139.0,G5501390,82,the Chicago to Green Bay and Madison Area,https://www.nlr.gov/docs/fy23osti/86825.pdf,https://www.nlr.gov/docs/fy25osti/91979.pdf
WISCONSIN,Wood,County,55,141,55141.0,G5501410,43,Rural Midwest Climate Zone 6A,https://www.nlr.gov/docs/fy23osti/86788.pdf,https://www.nlr.gov/docs/fy25osti/91943.pdf
WYOMING,Albany,County,56,1,56001.0,G5600010,57,Rural Rocky Mountains North,https://www.nlr.gov/docs/fy23osti/86801.pdf,https://www.nlr.gov/docs/fy25osti/91956.pdf
WYOMING,Big Horn,County,56,3,56003.0,G5600030,57,Rural Rocky Mountains North,https://www.nlr.gov/docs/fy23osti/86801.pdf,https://www.nlr.gov/docs/fy25osti/91956.pdf
WYOMING,Campbell,County,56,5,56005.0,G5600050,57,Rural Rocky Mountains North,https://www.nlr.gov/docs/fy23osti/86801.pdf,https://www.nlr.gov/docs/fy25osti/91956.pdf
WYOMING,Carbon,County,56,7,56007.0,G5600070,57,Rural Rocky Mountains North,https://www.nlr.gov/docs/fy23osti/86801.pdf,https://www.nlr.gov/docs/fy25osti/91956.pdf
WYOMING,Converse,County,56,9,56009.0,G5600090,57,Rural Rocky Mountains North,https://www.nlr.gov/docs/fy23osti/86801.pdf,https://www.nlr.gov/docs/fy25osti/91956.pdf
WYOMING,Crook,County,56,11,56011.0,G5600110,57,Rural Rocky Mountains North,https://www.nlr.gov/docs/fy23osti/86801.pdf,https://www.nlr.gov/docs/fy25osti/91956.pdf
WYOMING,Fremont,County,56,13,56013.0,G5600130,57,Rural Rocky Mountains North,https://www.nlr.gov/docs/fy23osti/86801.pdf,https://www.nlr.gov/docs/fy25osti/91956.pdf
WYOMING,Goshen,County,56,15,56015.0,G5600150,57,Rural Rocky Mountains North,https://www.nlr.gov/docs/fy23osti/86801.pdf,https://www.nlr.gov/docs/fy25osti/91956.pdf
WYOMING,Hot Springs,County,56,17,56017.0,G5600170,57,Rural Rocky Mountains North,https://www.nlr.gov/docs/fy23osti/86801.pdf,https://www.nlr.gov/docs/fy25osti/91956.pdf
WYOMING,Johnson,County,56,19,56019.0,G5600190,57,Rural Rocky Mountains North,https://www.nlr.gov/docs/fy23osti/86801.pdf,https://www.nlr.gov/docs/fy25osti/91956.pdf
WYOMING,Laramie,County,56,21,56021.0,G5600210,36,the Cheyenne-Denver-Colorado Springs Area,https://www.nlr.gov/docs/fy23osti/86782.pdf,https://www.nlr.gov/docs/fy25osti/91937.pdf
WYOMING,Lincoln,County,56,23,56023.0,G5600230,57,Rural Rocky Mountains North,https://www.nlr.gov/docs/fy23osti/86801.pdf,https://www.nlr.gov/docs/fy25osti/91956.pdf
WYOMING,Natrona,County,56,25,56025.0,G5600250,68,"Small Urban Areas in the Dakotas, Idaho, Montana, and Wyoming",https://www.nlr.gov/docs/fy23osti/86810.pdf,https://www.nlr.gov/docs/fy25osti/91965.pdf
WYOMING,Niobrara,County,56,27,56027.0,G5600270,57,Rural Rocky Mountains North,https://www.nlr.gov/docs/fy23osti/86801.pdf,https://www.nlr.gov/docs/fy25osti/91956.pdf
WYOMING,Park,County,56,29,56029.0,G5600290,57,Rural Rocky Mountains North,https://www.nlr.gov/docs/fy23osti/86801.pdf,https://www.nlr.gov/docs/fy25osti/91956.pdf
WYOMING,Platte,County,56,31,56031.0,G5600310,57,Rural Rocky Mountains North,https://www.nlr.gov/docs/fy23osti/86801.pdf,https://www.nlr.gov/docs/fy25osti/91956.pdf
WYOMING,Sheridan,County,56,33,56033.0,G5600330,57,Rural Rocky Mountains North,https://www.nlr.gov/docs/fy23osti/86801.pdf,https://www.nlr.gov/docs/fy25osti/91956.pdf
WYOMING,Sublette,County,56,35,56035.0,G5600350,57,Rural Rocky Mountains North,https://www.nlr.gov/docs/fy23osti/86801.pdf,https://www.nlr.gov/docs/fy25osti/91956.pdf
WYOMING,Sweetwater,County,56,37,56037.0,G5600370,57,Rural Rocky Mountains North,https://www.nlr.gov/docs/fy23osti/86801.pdf,https://www.nlr.gov/docs/fy25osti/91956.pdf
WYOMING,Teton,County,56,39,56039.0,G5600390,57,Rural Rocky Mountains North,https://www.nlr.gov/docs/fy23osti/86801.pdf,https://www.nlr.gov/docs/fy25osti/91956.pdf
WYOMING,Uinta,County,56,41,56041.0,G5600410,57,Rural Rocky Mountains North,https://www.nlr.gov/docs/fy23osti/86801.pdf,https://www.nlr.gov/docs/fy25osti/91956.pdf
WYOMING,Washakie,County,56,43,56043.0,G5600430,57,Rural Rocky Mountains North,https://www.nlr.gov/docs/fy23osti/86801.pdf,https://www.nlr.gov/docs/fy25osti/91956.pdf
WYOMING,Weston,County,56,45,56045.0,G5600450,57,Rural Rocky Mountains North,https://www.nlr.gov/docs/fy23osti/86801.pdf,https://www.nlr.gov/docs/fy25osti/91956.pdf
